{"sample_time": [0.25106287002563477, 0.6849522590637207, 1.0884721279144287, 1.4933998584747314, 1.89849853515625, 2.3140547275543213, 2.7318522930145264, 3.1458740234375, 3.5706634521484375, 3.9708406925201416, 4.363646507263184, 4.752076864242554, 5.141534090042114, 5.5235583782196045, 5.894866228103638, 6.257867813110352, 6.6252453327178955, 6.993566513061523, 7.361814975738525, 7.734979629516602, 8.101222038269043, 8.462645292282104, 8.824609756469727, 9.186997175216675, 9.550092697143555, 9.915845394134521, 10.282022953033447, 10.6464684009552, 11.009272336959839, 11.364906311035156, 11.721086740493774, 12.082320928573608, 12.451496839523315, 12.819408893585205, 13.184954166412354, 13.550888299942017, 13.916451692581177, 14.279870986938477, 14.643856287002563, 15.001090288162231, 15.357064962387085, 15.713380098342896, 16.076618432998657, 16.435093879699707, 16.79070544242859, 17.1511287689209, 17.51558542251587, 17.880084991455078, 18.24184799194336, 18.598572254180908, 18.95475459098816, 19.318692922592163, 19.684908866882324, 20.049131631851196, 20.41417360305786, 20.77898669242859, 21.1400203704834], "forward_time": [0.6349973678588867, 1.0381052494049072, 1.4427990913391113, 1.8467214107513428, 2.261941432952881, 2.678485631942749, 3.0941007137298584, 3.508708953857422, 3.9072961807250977, 4.301240682601929, 4.6896586418151855, 5.079030752182007, 5.460983991622925, 5.83385968208313, 6.196131944656372, 6.563247442245483, 6.930370807647705, 7.299435377120972, 7.671411991119385, 8.03912091255188, 8.400792837142944, 8.761905670166016, 9.124804258346558, 9.489006519317627, 9.853523254394531, 10.219952583312988, 10.584195375442505, 10.946408987045288, 11.304116487503052, 11.659350872039795, 12.0202317237854, 12.38845443725586, 12.757381439208984, 13.12173581123352, 13.489892721176147, 13.853224039077759, 14.218963384628296, 14.581882238388062, 14.93966794013977, 15.295453310012817, 15.652272701263428, 16.012341260910034, 16.37327480316162, 16.730121612548828, 17.08918023109436, 17.453480005264282, 17.817963361740112, 18.180191040039062, 18.536701917648315, 18.893163204193115, 19.257782459259033, 19.62303638458252, 19.98722743988037, 20.35225796699524, 20.716891527175903, 21.078184843063354, 21.43733048439026], "inference_loss": [-58366.125, -77468.875, -80963.7578125, -87349.390625, -87173.21875, -90064.7890625, -72521.40625, -72521.40625, -72521.40625, -72521.40625, -72521.40625, -72521.421875, -72521.421875, -72521.421875, -72521.421875, -87217.859375, -87221.25, -87221.25, -88554.75, -88554.75, -88592.5234375, -90420.546875, -90420.546875, -90420.546875, -90704.3671875, -90704.3671875, -90704.3671875, -90704.3671875, -90704.3671875, -90704.3671875, -90704.3671875, -90704.3671875, -90704.3671875, -90704.3671875, -90704.3671875, -90704.3671875, -90706.1640625, -90706.1640625, -90706.1640625, -90706.1640625, -90706.1640625, -90706.1640625, -90706.1640625, -90706.1640625, -90706.1640625, -90706.1640625, -90706.1640625, -90706.1640625, -90706.1640625, -90706.1640625, -90706.1640625, -90706.1640625, -90706.1640625, -90706.1640625, -90706.1640625, -90706.1640625, -90706.1640625], "loss": [4973.19775390625, -9143.6318359375, -51203.453125, -59416.3828125, -69077.0078125, -81234.6640625, -85775.890625, -86439.8046875, -87231.65625, -87468.8046875, -87477.859375, -87190.09375, -86544.6875, -85198.9296875, -82510.75, -82630.65625, -82666.6640625, -82723.0703125, -82871.1328125, -82936.90625, -83007.15625, -83199.6015625, -83350.28125, -83482.8984375, -83559.4453125, -83674.375, -83846.6484375, -83925.328125, -83979.1484375, -84076.5859375, -84231.9609375, -84260.578125, -84304.578125, -84309.3671875, -84328.703125, -84386.1484375, -84421.9453125, -84480.46875, -84503.8828125, -84548.6640625, -84552.8203125, -84587.796875, -84656.609375, -84649.5859375, -84643.234375, -84730.421875, -84744.8515625, -84794.953125, -84794.796875, -84798.46875, -84798.6796875, -84800.015625, -84799.4609375, -84798.484375, -84810.578125, -84842.8203125, -84889.3828125, -90706.1640625], "time": [0.651099681854248, 1.054731845855713, 1.4604666233062744, 1.864297866821289, 2.2795920372009277, 2.6972134113311768, 3.1117568016052246, 3.5362296104431152, 3.935987949371338, 4.32893180847168, 4.7174391746521, 5.106785297393799, 5.488754749298096, 5.860344409942627, 6.2236433029174805, 6.590731382369995, 6.959116697311401, 7.327167272567749, 7.700212717056274, 8.066749572753906, 8.428321123123169, 8.789445400238037, 9.15244436264038, 9.515552520751953, 9.881194591522217, 10.247652769088745, 10.611832857131958, 10.974899053573608, 11.330573081970215, 11.686853408813477, 12.047870874404907, 12.417190551757812, 12.785087585449219, 13.150469779968262, 13.516570806503296, 13.881974458694458, 14.245604753494263, 14.609610319137573, 14.967181205749512, 15.322951555252075, 15.678775072097778, 16.042049169540405, 16.40075922012329, 16.75659990310669, 17.116867780685425, 17.481196641921997, 17.845641374588013, 18.207711219787598, 18.56423306465149, 18.920719385147095, 19.284403562545776, 19.65070104598999, 20.01489233970642, 20.380019903182983, 20.744628190994263, 21.105722427368164, 21.464861631393433, 21.616035223007202]}