{"sample_time": [0.18305015563964844, 0.47025132179260254, 0.7344503402709961, 0.9984815120697021, 1.2623708248138428, 1.5262253284454346, 1.789137840270996, 2.0534355640411377, 2.329719305038452, 2.5890052318573, 2.843163251876831, 3.0959794521331787, 3.350121021270752, 3.6006038188934326, 3.8456320762634277, 4.090286493301392, 4.335133790969849, 4.577645540237427, 4.8182454109191895, 5.059837102890015, 5.2999677658081055, 5.540203332901001, 5.7818121910095215, 6.023096799850464, 6.26410984992981, 6.5029685497283936, 6.7430078983306885, 6.98200798034668, 7.22116494178772, 7.46177339553833, 7.700848340988159, 7.940632581710815, 8.18193244934082, 8.421735525131226, 8.659696578979492, 8.901222944259644, 9.139215230941772, 9.377132654190063, 9.616168737411499, 9.854193925857544, 10.092032670974731, 10.331072092056274, 10.570000410079956, 10.809081792831421, 11.04695177078247, 11.284597635269165, 11.523251295089722, 11.760926485061646, 11.998614072799683, 12.23671817779541, 12.474714517593384, 12.714529752731323, 12.95356273651123, 13.191320657730103, 13.428966283798218, 13.666640996932983, 13.904497385025024, 14.144644021987915, 14.383353233337402], "forward_time": [0.43483757972717285, 0.7025389671325684, 0.9668385982513428, 1.2287006378173828, 1.4914591312408447, 1.7553210258483887, 2.017991304397583, 2.2821507453918457, 2.5422260761260986, 2.796239137649536, 3.0492794513702393, 3.303394317626953, 3.553734302520752, 3.798797845840454, 4.043523550033569, 4.2883055210113525, 4.530718803405762, 4.771302938461304, 5.012852191925049, 5.253047227859497, 5.493391752243042, 5.734996557235718, 5.976292610168457, 6.217301607131958, 6.456184387207031, 6.6961283683776855, 6.9352569580078125, 7.174375057220459, 7.414988040924072, 7.653934955596924, 7.893718242645264, 8.135107517242432, 8.374911308288574, 8.612888097763062, 8.85436201095581, 9.092443466186523, 9.3303701877594, 9.569384574890137, 9.807222843170166, 10.045198678970337, 10.284291982650757, 10.523192405700684, 10.762107372283936, 11.000157356262207, 11.237853050231934, 11.476371049880981, 11.714160919189453, 11.951864242553711, 12.189820051193237, 12.427868604660034, 12.667795419692993, 12.906720638275146, 13.144501686096191, 13.382076978683472, 13.619748830795288, 13.857712268829346, 14.097543001174927, 14.336559534072876, 14.574002504348755], "inference_loss": [-58366.125, -77468.875, -80055.1796875, -87349.390625, -87050.5, -89995.6796875, -72521.40625, -72521.421875, -72521.421875, -72521.421875, -72521.421875, -72521.421875, -72521.421875, -72521.421875, -72521.421875, -87221.25, -87221.25, -87221.25, -88462.265625, -88785.90625, -90420.546875, -90420.546875, -90420.546875, -90420.546875, -90704.3671875, -90704.3671875, -90704.3671875, -90704.3671875, -90704.3671875, -90704.3671875, -90704.3671875, -90704.3671875, -90704.3671875, -90704.3671875, -90704.3671875, -90704.3671875, -90704.3671875, -90704.3671875, -90706.1640625, -90706.1640625, -90706.1640625, -90706.1640625, -90706.1640625, -90706.1640625, -90706.1640625, -90706.1640625, -90706.1640625, -90706.1640625, -90706.1640625, -90706.1640625, -90706.1640625, -90706.1640625, -90706.1640625, -90706.1640625, -90706.1640625, -90706.1640625, -90706.1640625, -90706.1640625, -90706.1640625], "loss": [4973.1982421875, -9150.5126953125, -51182.0546875, -59255.1171875, -68882.515625, -81077.7265625, -85791.453125, -86487.015625, -87271.6484375, -87464.1328125, -87492.15625, -87184.7890625, -86578.015625, -85229.4296875, -82543.8515625, -82678.28125, -82713.8203125, -82805.0703125, -83011.09375, -83229.4921875, -83250.5078125, -83402.6328125, -83420.78125, -83442.234375, -83541.546875, -83648.7265625, -83727.8359375, -83901.171875, -83970.96875, -84055.328125, -84094.6328125, -84099.2265625, -84118.2578125, -84176.0390625, -84179.421875, -84257.9609375, -84294.65625, -84430.9296875, -84494.875, -84528.9921875, -84529.421875, -84532.484375, -84532.828125, -84535.765625, -84540.359375, -84599.8828125, -84654.4140625, -84650.3046875, -84655.4453125, -84659.46875, -84716.671875, -84718.2421875, -84717.3125, -84743.8671875, -84744.8671875, -84770.328125, -84774.5859375, -84774.2265625, -84788.9765625, -90706.1640625], "time": [0.4550306797027588, 0.7195601463317871, 0.9841165542602539, 1.2474658489227295, 1.5113604068756104, 1.7741420269012451, 2.0388641357421875, 2.315107583999634, 2.5744171142578125, 2.828479528427124, 3.0814945697784424, 3.3356053829193115, 3.5859720706939697, 3.8311166763305664, 4.075695991516113, 4.320483207702637, 4.56288480758667, 4.803491592407227, 5.045114755630493, 5.285272836685181, 5.525546312332153, 5.767200708389282, 6.008437633514404, 6.249482870101929, 6.488311529159546, 6.72831916809082, 6.967437505722046, 7.20654559135437, 7.447199821472168, 7.686131000518799, 7.925934791564941, 8.167276859283447, 8.407034397125244, 8.645116567611694, 8.886560201644897, 9.124620199203491, 9.362535953521729, 9.601624250411987, 9.83944845199585, 10.077378511428833, 10.316490888595581, 10.555354595184326, 10.79443645477295, 11.032397031784058, 11.269935846328735, 11.50857162475586, 11.746336936950684, 11.984057426452637, 12.221992254257202, 12.46004319190979, 12.699928283691406, 12.938892841339111, 13.176700353622437, 13.414275169372559, 13.652044773101807, 13.889939308166504, 14.129950284957886, 14.368728637695312, 14.606200456619263, 14.620925903320312]}