{"sample_time": [0.10448789596557617, 0.38146471977233887, 0.6452467441558838, 0.9093093872070312, 1.1733200550079346, 1.4390909671783447, 1.7030560970306396, 1.9793262481689453, 2.2368741035461426, 2.492238998413086, 2.7462732791900635, 3.0004565715789795, 3.2541842460632324, 3.5082035064697266, 3.7601771354675293, 4.011927366256714, 4.263704538345337, 4.514371633529663, 4.763843774795532, 5.015571117401123, 5.266552925109863, 5.515996694564819, 5.765826225280762, 6.0166847705841064, 6.268442153930664, 6.5173609256744385, 6.766594648361206, 7.014872074127197, 7.262927055358887, 7.51436710357666, 7.763853073120117, 8.013576984405518, 8.263117790222168, 8.510151624679565, 8.746109962463379, 8.98325800895691, 9.219042778015137, 9.454991579055786, 9.692258358001709, 9.928532600402832, 10.164499044418335, 10.400676250457764, 10.635721683502197, 10.8705735206604, 11.105789422988892, 11.341838836669922, 11.576507806777954, 11.811306715011597, 12.04752254486084, 12.28368353843689, 12.518325328826904, 12.754214525222778, 12.988906383514404, 13.224117517471313, 13.459261655807495], "forward_time": [0.34801411628723145, 0.6098542213439941, 0.8739566802978516, 1.1378846168518066, 1.402238368988037, 1.6674256324768066, 1.931382656097412, 2.190134048461914, 2.445542573928833, 2.6995787620544434, 2.9537107944488525, 3.207458972930908, 3.461400270462036, 3.7133114337921143, 3.9651036262512207, 4.21686577796936, 4.467500448226929, 4.71699333190918, 4.9687018394470215, 5.2196409702301025, 5.4691503047943115, 5.719010591506958, 5.969942569732666, 6.221640348434448, 6.470571517944336, 6.718641996383667, 6.968080282211304, 7.216185569763184, 7.467102289199829, 7.71708345413208, 7.966668605804443, 8.216404438018799, 8.46337366104126, 8.711513042449951, 8.94767427444458, 9.184662818908691, 9.420585632324219, 9.657790184020996, 9.892961740493774, 10.130083322525024, 10.366258144378662, 10.601296424865723, 10.836181402206421, 11.0714590549469, 11.307433128356934, 11.542068481445312, 11.776849508285522, 12.013156652450562, 12.24924111366272, 12.483901739120483, 12.719779014587402, 12.954458713531494, 13.189602851867676, 13.42480731010437, 13.660976648330688], "inference_loss": [-53885.71875, -76981.0, -78098.3828125, -78846.890625, -80238.6484375, -80704.5390625, -64459.5, -64564.8125, -64646.6875, -64646.6875, -64704.78125, -64704.78125, -64704.78125, -64704.78125, -64704.78125, -80893.390625, -81368.6875, -81368.6875, -81432.0, -82767.6640625, -82767.6640625, -82767.6640625, -82767.6640625, -82767.6640625, -82767.6640625, -82767.6640625, -82767.6640625, -82767.6640625, -82767.6640625, -82767.6640625, -82767.6640625, -82767.6640625, -82767.6640625, -82767.6640625, -82829.640625, -82829.640625, -82829.640625, -82829.640625, -82829.640625, -82829.640625, -82829.640625, -82829.640625, -82829.640625, -82829.640625, -82829.640625, -82767.6640625, -82767.6640625, -82767.6640625, -82767.6640625, -82767.6640625, -82767.6640625, -82767.6640625, -82767.6640625, -82767.6640625, -82767.6640625], "loss": [10591.951171875, -5482.029296875, -46343.609375, -55393.8125, -65025.609375, -75132.9765625, -78918.4765625, -80173.0390625, -80862.5703125, -81163.8046875, -81111.9375, -80601.953125, -79428.796875, -77008.8515625, -72087.5390625, -72277.40625, -72604.640625, -72803.09375, -73189.40625, -73739.171875, -73993.1484375, -74634.7578125, -75139.453125, -75585.4453125, -76522.9609375, -79108.0703125, -80229.21875, -80691.9140625, -80944.921875, -81089.9609375, -81178.0859375, -81221.40625, -81254.734375, -81259.453125, -81277.765625, -81299.015625, -81194.78125, -81328.5, -81589.78125, -81587.734375, -81593.09375, -81620.390625, -81613.59375, -81654.53125, -81645.421875, -81688.421875, -81693.5625, -81708.875, -81702.2265625, -81693.8984375, -81708.515625, -81716.6796875, -81727.1484375, -81746.8984375, -81740.640625, -82767.6640625], "time": [0.3662605285644531, 0.6306972503662109, 0.8949205875396729, 1.1588170528411865, 1.424241065979004, 1.6882643699645996, 1.9645166397094727, 2.2223894596099854, 2.477741241455078, 2.7317686080932617, 2.98594069480896, 3.239670515060425, 3.4935901165008545, 3.7456276416778564, 3.997286081314087, 4.249133348464966, 4.499697685241699, 4.7492382526397705, 5.000930309295654, 5.251882553100586, 5.5014142990112305, 5.751283407211304, 6.002130508422852, 6.2539215087890625, 6.502770900726318, 6.751903772354126, 7.000325679779053, 7.248401641845703, 7.499366044998169, 7.749327182769775, 7.998907089233398, 8.248539924621582, 8.49556279182434, 8.731634140014648, 8.968672513961792, 9.204550743103027, 9.440547227859497, 9.67776346206665, 9.91391921043396, 10.149969577789307, 10.386230707168579, 10.621234655380249, 10.856160640716553, 11.0913405418396, 11.327391386032104, 11.56201958656311, 11.796838283538818, 12.033096075057983, 12.2691969871521, 12.503847360610962, 12.739763021469116, 12.974411249160767, 13.209592580795288, 13.444761276245117, 13.681938171386719, 13.696741580963135]}