{"sample_time": [0.3117365837097168, 0.7473902702331543, 1.1502652168273926, 1.559523344039917, 1.9737541675567627, 2.3912734985351562, 2.8106014728546143, 3.230970859527588, 3.617800712585449, 4.002727508544922, 4.38751220703125, 4.7700111865997314, 5.152537107467651, 5.540555238723755, 5.927799701690674, 6.305601358413696, 6.684416770935059, 7.063519239425659, 7.444386959075928, 7.829704999923706, 8.21141004562378, 8.592387199401855, 8.965137720108032, 9.341073036193848, 9.718767404556274, 10.09071135520935, 10.466407060623169, 10.844362735748291, 11.226106405258179, 11.5956711769104, 11.965840339660645, 12.342444896697998, 12.721953630447388, 13.089690923690796, 13.463193416595459, 13.827022790908813, 14.195066928863525, 14.555217742919922, 14.915750980377197, 15.275703430175781, 15.645881414413452, 16.017619132995605, 16.388708353042603, 16.759674310684204, 17.12234091758728, 17.487142324447632, 17.854824542999268, 18.224796056747437, 18.593397855758667, 18.95690894126892, 19.317441940307617, 19.67700505256653, 20.036091089248657, 20.399205684661865, 20.767289876937866, 21.13567352294922, 21.50726318359375], "forward_time": [0.6982119083404541, 1.100221872329712, 1.5090787410736084, 1.9224979877471924, 2.3378145694732666, 2.757188081741333, 3.169265031814575, 3.5565195083618164, 3.940035343170166, 4.325134992599487, 4.708004474639893, 5.090428590774536, 5.479113340377808, 5.865389823913574, 6.2445056438446045, 6.622171401977539, 7.000950574874878, 7.383047819137573, 7.767300128936768, 8.149032592773438, 8.530284643173218, 8.90380597114563, 9.278565645217896, 9.656804084777832, 10.030875444412231, 10.404253482818604, 10.782193183898926, 11.164032697677612, 11.534741640090942, 11.905073881149292, 12.280007600784302, 12.659829378128052, 13.029691934585571, 13.401126384735107, 13.774447202682495, 14.142627716064453, 14.502960681915283, 14.864523887634277, 15.223237752914429, 15.594337224960327, 15.96497106552124, 16.33590054512024, 16.706727743148804, 17.070663452148438, 17.434496879577637, 17.80210304260254, 18.17219853401184, 18.54207968711853, 18.90421485900879, 19.266132354736328, 19.625754594802856, 19.984703063964844, 20.347948789596558, 20.717151880264282, 21.082959413528442, 21.455423831939697, 21.825732707977295], "inference_loss": [-53885.71875, -76981.0, -78098.3828125, -78994.703125, -80238.6484375, -80704.5390625, -64389.390625, -64564.8125, -64646.6875, -64646.6875, -64646.6875, -64704.78125, -64704.78125, -64704.78125, -64704.78125, -80888.71875, -81368.6875, -81368.6875, -81432.0, -82767.6640625, -82767.6640625, -82767.6640625, -82767.6640625, -82767.6640625, -82767.6640625, -82767.6640625, -82767.6640625, -82767.6640625, -82767.6640625, -82767.6640625, -82767.6640625, -82767.6640625, -82767.6640625, -82767.6640625, -82767.6640625, -82767.6640625, -82829.640625, -82829.640625, -82829.640625, -82829.640625, -82829.640625, -82767.6640625, -82767.6640625, -82767.6640625, -82767.6640625, -82767.6640625, -82767.6640625, -82767.6640625, -82767.6640625, -82767.6640625, -82767.6640625, -82767.6640625, -82767.6640625, -82767.6640625, -82767.6640625, -82772.328125, -82772.328125], "loss": [10591.94921875, -5482.1435546875, -46425.765625, -55434.6484375, -65171.84375, -75255.75, -78956.9375, -80175.1953125, -80819.21875, -81162.453125, -80956.40625, -80403.6171875, -79234.734375, -76821.5625, -71922.765625, -72256.75, -72611.4453125, -72853.1796875, -73170.1953125, -73660.3203125, -74062.8046875, -74582.8671875, -74967.5234375, -75450.7578125, -76091.859375, -76357.4609375, -79099.5234375, -80202.8671875, -80696.9765625, -80967.2421875, -81099.8125, -81155.734375, -81242.421875, -81317.9296875, -81340.2109375, -81318.4375, -81235.96875, -81334.34375, -81343.3046875, -81350.6875, -81347.796875, -81376.953125, -81375.53125, -81380.53125, -81386.03125, -81392.84375, -81390.7578125, -81439.796875, -81435.0546875, -81413.484375, -81431.640625, -81429.5390625, -81438.515625, -81432.5859375, -81436.90625, -81446.265625, -81443.546875, -82772.328125], "time": [0.7138001918792725, 1.1177988052368164, 1.5267822742462158, 1.9401943683624268, 2.356663227081299, 2.7759106159210205, 3.1964972019195557, 3.583880662918091, 3.9685065746307373, 4.353440523147583, 4.736355543136597, 5.118740797042847, 5.506544589996338, 5.893893241882324, 6.271773099899292, 6.650498151779175, 7.029425621032715, 7.410447835922241, 7.795812368392944, 8.177505016326904, 8.558558702468872, 8.931092023849487, 9.307024478912354, 9.685068845748901, 10.057109832763672, 10.432757377624512, 10.810671091079712, 11.192525386810303, 11.562008142471313, 11.93231201171875, 12.308504104614258, 12.688360452651978, 13.055930137634277, 13.429449319839478, 13.793170928955078, 14.161240816116333, 14.521608114242554, 14.88209867477417, 15.241882085800171, 15.6119384765625, 15.983672380447388, 16.354593992233276, 16.725456953048706, 17.088287830352783, 17.453205108642578, 17.820756196975708, 18.190868854522705, 18.559687852859497, 18.92288613319397, 19.28374409675598, 19.643333673477173, 20.002257585525513, 20.365514278411865, 20.73366618156433, 21.101598978042603, 21.473078727722168, 21.84441828727722, 21.984155416488647]}