{"sample_time": [0.28288912773132324, 1.0566630363464355, 1.797487497329712, 2.459320545196533, 3.110625743865967, 3.7489125728607178, 4.376636981964111, 4.996855020523071, 5.613734722137451, 6.2290427684783936, 6.841476678848267, 7.451396703720093, 8.058633804321289, 8.660537242889404, 9.25978684425354, 9.858473300933838, 10.455415487289429, 11.051667213439941, 11.649153470993042, 12.247648000717163, 12.845178604125977, 13.441128253936768, 14.037320613861084, 14.636337041854858, 15.231743335723877, 15.82441520690918, 16.418431520462036, 17.013813734054565, 17.607908248901367, 18.201948642730713, 18.798341751098633, 19.39173460006714, 19.984699726104736, 20.579923391342163, 21.171518087387085, 21.764124393463135, 22.359484910964966, 22.95346689224243, 23.545360326766968, 24.138829708099365, 24.73118805885315, 25.325862407684326], "forward_time": [0.9576694965362549, 1.7029674053192139, 2.3727407455444336, 3.025489568710327, 3.6651554107666016, 4.292893648147583, 4.913193941116333, 5.530133485794067, 6.1453118324279785, 6.757895469665527, 7.367521047592163, 7.9748780727386475, 8.576695680618286, 9.174976110458374, 9.7734854221344, 10.371602535247803, 10.967806339263916, 11.56535816192627, 12.163804292678833, 12.761299133300781, 13.357243776321411, 13.953533172607422, 14.552509784698486, 15.147969484329224, 15.74000597000122, 16.334073305130005, 16.928260803222656, 17.523385047912598, 18.11756682395935, 18.71241807937622, 19.30717396736145, 19.898752450942993, 20.49381947517395, 21.085514545440674, 21.67811894416809, 22.273282527923584, 22.867267847061157, 23.459085702896118, 24.05276393890381, 24.645032167434692, 25.23975157737732, 25.83177876472473], "inference_loss": [-64910.0, -216795.3125, -226414.5625, -251621.6875, -268270.875, -289412.625, -281261.75, -291722.15625, -294076.125, -294294.375, -310026.65625, -310851.0625, -311010.5625, -311010.5625, -315256.5625, -315842.1875, -328592.9375, -328592.9375, -329002.875, -329002.875, -329002.875, -329030.3125, -329030.3125, -329030.3125, -329030.3125, -329030.3125, -329030.3125, -329030.3125, -329030.3125, -329030.3125, -329030.3125, -329030.3125, -329030.3125, -329030.3125, -329030.3125, -329030.3125, -329030.3125, -329030.3125, -329030.3125, -329030.3125, -329030.3125, -329030.3125], "loss": [81313.96875, 22807.890625, -194590.109375, -213693.890625, -233145.265625, -256085.890625, -273053.6875, -280793.09375, -283577.84375, -285171.46875, -284235.125, -278946.625, -282216.6875, -284617.125, -286094.84375, -287256.96875, -288631.25, -289603.46875, -290687.9375, -291375.53125, -292670.25, -293681.03125, -294099.875, -294743.84375, -295493.5, -296357.5625, -296651.875, -297113.53125, -297185.96875, -297861.09375, -298167.0625, -298334.0625, -298574.125, -299004.59375, -300934.375, -301875.28125, -302678.6875, -303274.40625, -303578.21875, -304100.78125, -304725.25, -304898.0, -329030.3125], "time": [1.0218782424926758, 1.7628772258758545, 2.424968719482422, 3.07794189453125, 3.7177534103393555, 4.345405340194702, 4.965716123580933, 5.582555294036865, 6.197770595550537, 6.810361623764038, 7.420041799545288, 8.027281045913696, 8.62912368774414, 9.22853946685791, 9.827011585235596, 10.424086809158325, 11.020230770111084, 11.617799997329712, 12.216267347335815, 12.81368899345398, 13.409698963165283, 14.00592041015625, 14.604933738708496, 15.20036244392395, 15.792426347732544, 16.386505603790283, 16.981863260269165, 17.57589554786682, 18.170021533966064, 18.765971660614014, 19.35968542098999, 19.951266288757324, 20.546310663223267, 21.137981176376343, 21.730568170547485, 22.325743675231934, 22.919772386550903, 23.511582374572754, 24.105225324630737, 24.697552919387817, 25.292353868484497, 25.8842670917511, 25.918126583099365]}