{"sample_time": [0.5821599960327148, 1.8594398498535156, 3.033567190170288, 4.10575270652771, 5.159855127334595, 6.184504985809326, 7.183075189590454, 8.176683187484741, 9.157346963882446, 10.155092000961304, 11.15036678314209, 12.121061086654663, 13.093509197235107, 14.060593128204346, 15.023343801498413, 15.994903564453125, 16.962924242019653, 17.910858154296875, 18.884631395339966, 19.858577728271484, 20.82042098045349, 21.773992776870728, 22.7215895652771, 23.683276176452637, 24.637967824935913, 25.602123260498047, 26.567943572998047, 27.519537210464478, 28.473796367645264, 29.42154860496521, 30.389647960662842, 31.340765953063965, 32.28599214553833, 33.236313343048096, 34.178648233413696, 35.14309859275818, 36.10881042480469, 37.074946641922, 38.01794099807739, 38.98234724998474, 39.94541525840759, 40.91228652000427], "forward_time": [1.6905131340026855, 2.8759124279022217, 3.9506936073303223, 5.006953716278076, 6.033759355545044, 7.031269550323486, 8.02378535270691, 9.005417585372925, 10.002880334854126, 10.998253583908081, 11.968867301940918, 12.94112515449524, 13.908056497573853, 14.870368719100952, 15.842345952987671, 16.811123609542847, 17.757624864578247, 18.73178482055664, 19.705641984939575, 20.668572425842285, 21.62144136428833, 22.56943964958191, 23.531083583831787, 24.485034704208374, 25.447954177856445, 26.414024114608765, 27.366393566131592, 28.320000648498535, 29.267141819000244, 30.236379146575928, 31.187795877456665, 32.13279604911804, 33.08001494407654, 34.022188901901245, 34.98680806159973, 35.9538049697876, 36.91951084136963, 37.862916707992554, 38.8258593082428, 39.78996777534485, 40.75686836242676, 41.717957973480225], "inference_loss": [-64910.0, -216795.3125, -226414.5625, -251621.6875, -268270.875, -289412.625, -281261.75, -291722.15625, -294076.125, -294294.375, -310026.65625, -310851.0625, -311010.5625, -311010.5625, -315256.5625, -315181.21875, -328592.9375, -328592.9375, -329002.875, -329002.875, -329002.875, -329030.3125, -329030.3125, -329030.3125, -329030.3125, -329030.3125, -329030.3125, -329030.3125, -329030.3125, -329030.3125, -329030.3125, -329030.3125, -329030.3125, -329030.3125, -329030.3125, -329030.3125, -329030.3125, -329030.3125, -329030.3125, -329030.3125, -329030.3125, -329030.3125], "loss": [81313.96875, 22807.759765625, -194590.15625, -213688.65625, -233136.671875, -256092.15625, -273050.875, -280779.96875, -283558.90625, -285158.4375, -284178.34375, -278888.5625, -282240.25, -284499.03125, -285961.65625, -287107.59375, -288483.78125, -289496.40625, -290656.46875, -291379.0625, -292718.09375, -293708.4375, -294008.5625, -294382.625, -295218.96875, -296329.65625, -296704.625, -296844.15625, -297038.15625, -297380.75, -297669.21875, -298274.09375, -300128.4375, -301056.84375, -301617.34375, -301819.59375, -302211.15625, -302557.46875, -303070.40625, -303504.5, -303855.40625, -304202.6875, -329030.3125], "time": [1.759058952331543, 2.9410223960876465, 4.014748573303223, 5.071139097213745, 6.097426414489746, 7.095026016235352, 8.088005781173706, 9.069163799285889, 10.067044258117676, 11.062503099441528, 12.032649278640747, 13.005315065383911, 13.971864700317383, 14.93449068069458, 15.90648889541626, 16.874791145324707, 17.821917295455933, 18.795945167541504, 19.769851446151733, 20.73229718208313, 21.68562626838684, 22.633110761642456, 23.594830989837646, 24.54913902282715, 25.513055562973022, 26.478180170059204, 27.430111169815063, 28.384933471679688, 29.331348419189453, 30.300601720809937, 31.251515865325928, 32.19645285606384, 33.14507555961609, 34.08708333969116, 35.05104684829712, 36.01801371574402, 36.983362913131714, 37.926753520965576, 38.890087366104126, 39.85422992706299, 40.82115721702576, 41.78222393989563, 42.00222182273865]}