{"sample_time": [0.18198251724243164, 0.455608606338501, 0.7160260677337646, 0.9776341915130615, 1.2407724857330322, 1.5048823356628418, 1.7698423862457275, 2.033771276473999, 2.309948444366455, 2.568403482437134, 2.8233044147491455, 3.0771961212158203, 3.3319876194000244, 3.5853912830352783, 3.838442802429199, 4.090368032455444, 4.342656135559082, 4.593688726425171, 4.843482494354248, 5.090934991836548, 5.339741230010986, 5.587259769439697, 5.834805250167847, 6.08221960067749, 6.329888582229614, 6.5760087966918945, 6.822222948074341, 7.068731784820557, 7.3158814907073975, 7.559528827667236, 7.803249835968018, 8.047144412994385, 8.292269229888916, 8.537022113800049, 8.782251596450806, 9.026276111602783, 9.270115613937378, 9.513849258422852, 9.759120464324951, 10.003077983856201, 10.246906518936157, 10.49166202545166, 10.735560894012451, 10.979463815689087, 11.22312617301941, 11.466708660125732, 11.710500717163086, 11.955451011657715, 12.199410200119019, 12.445691108703613, 12.690784454345703, 12.934532880783081, 13.178553342819214, 13.422404527664185, 13.666089534759521, 13.910329103469849, 14.155713081359863, 14.399701595306396, 14.643650770187378, 14.887643098831177], "forward_time": [0.4262125492095947, 0.6841652393341064, 0.9452345371246338, 1.2061846256256104, 1.4696729183197021, 1.7337517738342285, 1.9986817836761475, 2.2625834941864014, 2.5199031829833984, 2.77588152885437, 3.0297670364379883, 3.283879041671753, 3.538273572921753, 3.7913248538970947, 4.043209075927734, 4.295415639877319, 4.546305179595947, 4.795185804367065, 5.043740749359131, 5.292534589767456, 5.539983510971069, 5.7873616218566895, 6.035107851028442, 6.282572507858276, 6.528850078582764, 6.77510404586792, 7.021652936935425, 7.268743515014648, 7.512413740158081, 7.756053924560547, 7.9999425411224365, 8.245058059692383, 8.489826440811157, 8.734987020492554, 8.979099035263062, 9.222926616668701, 9.466658592224121, 9.711903810501099, 9.955974817276001, 10.199746370315552, 10.444538116455078, 10.6884605884552, 10.932321310043335, 11.175960779190063, 11.419583320617676, 11.663390874862671, 11.90825629234314, 12.152349948883057, 12.398590564727783, 12.643644094467163, 12.887405395507812, 13.131383895874023, 13.37521743774414, 13.61884069442749, 13.863073825836182, 14.108426094055176, 14.352483749389648, 14.596439838409424, 14.840420722961426, 15.084375143051147], "inference_loss": [-54348.8125, -82950.8984375, -82902.4609375, -89623.7265625, -91120.9921875, -91471.453125, -92096.234375, -77121.671875, -77264.4296875, -78205.03125, -78205.03125, -78205.03125, -78205.03125, -78205.03125, -78205.03125, -94315.0, -94740.609375, -94740.609375, -94740.609375, -94740.609375, -94740.609375, -94740.609375, -94740.609375, -95743.5390625, -95774.71875, -95774.71875, -95774.71875, -95774.71875, -95774.71875, -95774.71875, -95871.6171875, -95871.6171875, -95871.6171875, -95871.6171875, -95871.6171875, -95871.6171875, -95871.6171875, -95871.6171875, -95871.6171875, -96675.3984375, -96675.3984375, -96675.3984375, -96675.3984375, -96675.3984375, -96675.3984375, -96675.3984375, -96675.3984375, -96675.3984375, -96675.3984375, -96675.3984375, -96675.3984375, -96675.3984375, -96675.3984375, -96675.3984375, -96675.3984375, -96675.3984375, -96675.3984375, -96675.3984375, -96675.3984375, -96675.3984375], "loss": [-9624.8544921875, -22761.62109375, -59300.4609375, -64037.44140625, -69929.0, -78765.046875, -87667.390625, -91184.140625, -92852.9140625, -93465.2890625, -93840.296875, -93600.6953125, -92962.421875, -91371.8046875, -88043.7109375, -88128.296875, -88348.859375, -88445.8984375, -88622.171875, -88624.8828125, -88734.3203125, -88898.4296875, -89058.3984375, -89301.859375, -89533.6796875, -89564.796875, -89644.9140625, -89766.65625, -89806.0625, -89892.4609375, -89923.6015625, -90049.8515625, -90178.3125, -90194.4921875, -90193.59375, -90245.59375, -90257.375, -90297.234375, -90337.9921875, -90347.046875, -90460.8828125, -90529.53125, -90531.0078125, -90550.8046875, -90649.5, -90664.2734375, -90711.515625, -90712.9296875, -90712.8515625, -90711.78125, -90717.6640625, -90791.25, -90818.7734375, -90857.90625, -90860.2890625, -90863.7578125, -90865.7890625, -90867.3359375, -90865.8515625, -90867.09375, -96675.3984375], "time": [0.4415152072906494, 0.7007863521575928, 0.9630296230316162, 1.225074052810669, 1.4896464347839355, 1.7546110153198242, 2.0186493396759033, 2.294574022293091, 2.5530893802642822, 2.80804705619812, 3.0619258880615234, 3.3170931339263916, 3.57047700881958, 3.823442220687866, 4.0754029750823975, 4.327589511871338, 4.5786871910095215, 4.828413486480713, 5.075905084609985, 5.324742317199707, 5.572253227233887, 5.819554567337036, 6.067227363586426, 6.314806938171387, 6.561046123504639, 6.807252883911133, 7.053836345672607, 7.300904750823975, 7.5445332527160645, 7.7882349491119385, 8.032118320465088, 8.277216672897339, 8.522032260894775, 8.767188787460327, 9.011313438415527, 9.255125761032104, 9.49882960319519, 9.744082689285278, 9.98813247680664, 10.231959581375122, 10.476795434951782, 10.720625877380371, 10.964473247528076, 11.208147764205933, 11.45172643661499, 11.695514917373657, 11.940377473831177, 12.184525728225708, 12.430756092071533, 12.67581033706665, 12.91957950592041, 13.163551568984985, 13.407391786575317, 13.651024580001831, 13.895273923873901, 14.140674352645874, 14.384678602218628, 14.62873101234436, 14.872623682022095, 15.11659550666809, 15.13171100616455]}