{"sample_time": [0.30653905868530273, 0.7414705753326416, 1.1448044776916504, 1.555393934249878, 1.971583604812622, 2.391018867492676, 2.805814266204834, 3.2153074741363525, 3.6351068019866943, 4.03099250793457, 4.425280332565308, 4.814069509506226, 5.199410915374756, 5.582434892654419, 5.963958501815796, 6.349207639694214, 6.7288830280303955, 7.108379364013672, 7.4908530712127686, 7.873693943023682, 8.258240222930908, 8.642047643661499, 9.024297952651978, 9.40791368484497, 9.788386583328247, 10.162471294403076, 10.530321836471558, 10.898736476898193, 11.27390456199646, 11.650063514709473, 12.024809122085571, 12.399925708770752, 12.773700952529907, 13.142214298248291, 13.508736848831177, 13.88054084777832, 14.249368667602539, 14.617746591567993, 14.987876653671265, 15.356050729751587, 15.713621377944946, 16.070375442504883, 16.433957815170288, 16.790745735168457, 17.147672414779663, 17.50476312637329], "forward_time": [0.6931426525115967, 1.0944647789001465, 1.5027186870574951, 1.918229341506958, 2.335848808288574, 2.751591920852661, 3.1610424518585205, 3.5697519779205322, 3.967711925506592, 4.359811544418335, 4.749777793884277, 5.135417699813843, 5.518460035324097, 5.898926496505737, 6.284494161605835, 6.664243459701538, 7.043703317642212, 7.4255430698394775, 7.807746171951294, 8.193269491195679, 8.575849056243896, 8.959411859512329, 9.342045545578003, 9.72376561164856, 10.098228216171265, 10.467003345489502, 10.834169864654541, 11.207884550094604, 11.584091901779175, 11.960148572921753, 12.335257291793823, 12.709449768066406, 13.078154802322388, 13.444382667541504, 13.815834522247314, 14.18386173248291, 14.553384780883789, 14.921992301940918, 15.291686058044434, 15.658785820007324, 16.016133308410645, 16.37947678565979, 16.73664402961731, 17.093544960021973, 17.45023274421692, 17.8148136138916], "inference_loss": [-54348.8125, -82950.8984375, -83023.78125, -90697.2109375, -91103.734375, -91471.453125, -91398.046875, -76620.1484375, -77374.421875, -78016.046875, -78016.046875, -78205.03125, -78205.03125, -78205.03125, -78205.03125, -78440.984375, -94740.609375, -94740.609375, -95519.875, -95519.875, -95743.5390625, -95871.6171875, -95871.6171875, -95871.6171875, -96589.375, -96675.3984375, -96675.3984375, -96675.3984375, -96675.3984375, -96675.3984375, -96675.3984375, -96675.3984375, -96675.3984375, -96675.3984375, -96675.3984375, -96675.3984375, -96675.3984375, -96675.3984375, -96675.3984375, -96675.3984375, -96675.3984375, -96675.3984375, -96675.3984375, -96675.3984375, -96675.3984375, -96675.3984375], "loss": [-9624.85546875, -22743.244140625, -59334.1953125, -64019.4296875, -69991.953125, -79030.3984375, -87942.640625, -91453.5625, -92767.46875, -93414.9140625, -93780.546875, -93507.5625, -92925.3046875, -91281.53125, -87933.7265625, -81197.6953125, -81874.671875, -82364.25, -82763.7890625, -83206.8125, -84065.5625, -84705.90625, -85232.5078125, -86038.3515625, -86947.0546875, -87353.359375, -87403.984375, -87435.15625, -87687.9296875, -87896.1875, -88360.1640625, -91192.796875, -92469.4765625, -93067.578125, -93375.421875, -93527.625, -93576.6328125, -93613.703125, -93692.390625, -93724.53125, -93723.703125, -93722.015625, -93719.296875, -93727.0, -93731.4375, -93729.890625, -96675.3984375], "time": [0.7092976570129395, 1.1109223365783691, 1.5213725566864014, 1.9357459545135498, 2.354656219482422, 2.769166946411133, 3.1787753105163574, 3.5985238552093506, 3.9944844245910645, 4.388657569885254, 4.777475357055664, 5.162898778915405, 5.546101331710815, 5.927649974822998, 6.313007593154907, 6.692791700363159, 7.0722572803497314, 7.45420503616333, 7.837542295455933, 8.222008228302002, 8.60600233078003, 8.988145351409912, 9.371824741363525, 9.752418041229248, 10.12678861618042, 10.494493007659912, 10.862735033035278, 11.237697839736938, 11.613878965377808, 11.988888502120972, 12.36393404006958, 12.738015174865723, 13.106682062149048, 13.47303032875061, 13.844618082046509, 14.21353793144226, 14.581969261169434, 14.95181131362915, 15.320312261581421, 15.677509069442749, 16.034724950790405, 16.398029327392578, 16.75521230697632, 17.112107753753662, 17.468831777572632, 17.833375453948975, 17.96022319793701]}