{"sample_time": [0.10493803024291992, 0.3813035488128662, 0.6453018188476562, 0.9102566242218018, 1.1742680072784424, 1.4381260871887207, 1.701960563659668, 1.9663100242614746, 2.230090379714966, 2.4931695461273193, 2.755842685699463, 3.0188281536102295, 3.2849156856536865, 3.5600762367248535, 3.819150686264038, 4.072849988937378, 4.327753305435181, 4.579240560531616, 4.828807830810547, 5.07799768447876, 5.322668552398682, 5.565139055252075, 5.805909156799316, 6.048105001449585, 6.289130926132202, 6.527154445648193, 6.7672646045684814, 7.004868030548096, 7.241611480712891, 7.479410409927368, 7.719645738601685, 7.959016799926758, 8.19799542427063, 8.435537338256836, 8.673412561416626, 8.912574768066406, 9.15059518814087, 9.37591552734375, 9.602890968322754, 9.828832864761353, 10.054348707199097, 10.280206441879272, 10.505853176116943, 10.731714010238647, 10.957632064819336, 11.184557676315308, 11.411190032958984, 11.636900663375854, 11.862886190414429, 12.08948040008545], "forward_time": [0.34821105003356934, 0.6098024845123291, 0.8744511604309082, 1.1388788223266602, 1.4026994705200195, 1.6665382385253906, 1.930854082107544, 2.194746255874634, 2.458768606185913, 2.7214505672454834, 2.984358310699463, 3.250091791152954, 3.513563394546509, 3.7722668647766113, 4.026143550872803, 4.281035661697388, 4.532484292984009, 4.782164573669434, 5.031329870223999, 5.27596116065979, 5.518399238586426, 5.758903503417969, 6.001268148422241, 6.2423255443573, 6.480424880981445, 6.720533847808838, 6.9581475257873535, 7.1948912143707275, 7.4326560497283936, 7.672916650772095, 7.9123334884643555, 8.150317192077637, 8.388808012008667, 8.626712560653687, 8.86580753326416, 9.103882074356079, 9.3414306640625, 9.567474126815796, 9.794525146484375, 10.020066499710083, 10.245867729187012, 10.47157883644104, 10.697174787521362, 10.923312187194824, 11.150187730789185, 11.37681245803833, 11.602632284164429, 11.828500986099243, 12.055100917816162, 12.280924558639526], "inference_loss": [-49284.828125, -64008.19921875, -64927.44140625, -68291.390625, -69575.2265625, -70991.0078125, -71855.296875, -70641.75, -70768.6875, -70768.6875, -70768.6875, -70768.6875, -54359.9375, -54359.9375, -54522.40625, -54522.40625, -54522.40625, -54522.40625, -54522.40625, -54522.40625, -54522.40625, -54522.40625, -68153.484375, -72081.390625, -72081.390625, -72081.390625, -72081.390625, -72081.390625, -72081.390625, -73643.5859375, -73643.5859375, -73643.5859375, -73643.5859375, -73643.5859375, -73643.5859375, -73643.5859375, -73643.5859375, -73643.5859375, -73643.5859375, -72341.2734375, -72341.2734375, -72341.2734375, -72341.2734375, -72341.2734375, -72341.2734375, -72341.2734375, -72341.2734375, -72341.2734375, -72341.2734375, -72341.2734375], "loss": [4001.779296875, -15175.3876953125, -42861.12890625, -52071.6640625, -61494.56640625, -65676.5078125, -68053.671875, -69074.953125, -69512.65625, -69900.171875, -70040.4375, -70127.7421875, -70052.203125, -70122.2265625, -70118.40625, -70054.203125, -69798.4609375, -69252.0859375, -68193.2734375, -66033.6640625, -61766.4140625, -53334.84765625, -53894.8359375, -54260.73046875, -55276.703125, -57702.2109375, -60512.30859375, -66271.5234375, -68405.1640625, -69291.609375, -69690.5390625, -69881.0078125, -70009.3515625, -70057.390625, -70081.5625, -70098.265625, -70058.84375, -70122.453125, -70144.53125, -70162.921875, -70194.2109375, -70163.65625, -70175.5703125, -70196.1875, -70228.796875, -70219.5, -70228.671875, -70243.7265625, -70263.203125, -70251.421875, -72341.2734375], "time": [0.3664543628692627, 0.6306271553039551, 0.8953845500946045, 1.1598005294799805, 1.4236280918121338, 1.6874544620513916, 1.9517827033996582, 2.215602159500122, 2.478668212890625, 2.7414114475250244, 3.0043225288391113, 3.270000696182251, 3.5456175804138184, 3.804466962814331, 4.058347940444946, 4.313250303268433, 4.56472635269165, 4.814354419708252, 5.063493490219116, 5.3081865310668945, 5.550599098205566, 5.7910988330841064, 6.033419847488403, 6.2745490074157715, 6.512596845626831, 6.752725124359131, 6.990319490432739, 7.227143287658691, 7.46491003036499, 7.7050864696502686, 7.944526433944702, 8.183484554290771, 8.42098879814148, 8.658909320831299, 8.898088932037354, 9.136079549789429, 9.3615562915802, 9.588450908660889, 9.814437627792358, 10.04001784324646, 10.26583743095398, 10.491541385650635, 10.717143058776855, 10.94326400756836, 11.170126914978027, 11.396776914596558, 11.62252426147461, 11.848461151123047, 12.075053930282593, 12.30089282989502, 12.31551718711853]}