{"sample_time": [0.30837345123291016, 0.7404026985168457, 1.147810459136963, 1.5609886646270752, 1.9692039489746094, 2.3767144680023193, 2.7885165214538574, 3.202995777130127, 3.617746114730835, 4.03183388710022, 4.445268630981445, 4.851661443710327, 5.259569406509399, 5.68448805809021, 6.086639881134033, 6.478453874588013, 6.872894048690796, 7.26104474067688, 7.645414590835571, 8.029033660888672, 8.406145334243774, 8.778220653533936, 9.146037101745605, 9.517518281936646, 9.880542993545532, 10.236432790756226, 10.599354982376099, 10.963085651397705, 11.327852249145508, 11.690045595169067, 12.050535440444946, 12.408788681030273, 12.769643783569336, 13.134334325790405, 13.499670505523682, 13.86629605293274, 14.232820987701416, 14.584870338439941, 14.931056499481201, 15.27743411064148, 15.62493634223938, 15.97975206375122, 16.3369722366333, 16.69494891166687, 17.052828073501587, 17.41005825996399, 17.767197132110596, 18.122079610824585, 18.476953983306885, 18.833863496780396, 19.190533876419067], "forward_time": [0.6908876895904541, 1.0953454971313477, 1.5093083381652832, 1.9175822734832764, 2.325064182281494, 2.736748695373535, 3.1512022018432617, 3.565783739089966, 3.9801840782165527, 4.393644094467163, 4.799564838409424, 5.207805395126343, 5.621335029602051, 6.023799419403076, 6.416468381881714, 6.809845924377441, 7.198949337005615, 7.5833635330200195, 7.967374801635742, 8.344430208206177, 8.716362237930298, 9.084163904190063, 9.454952001571655, 9.819206237792969, 10.175174474716187, 10.5367591381073, 10.901609182357788, 11.2640540599823, 11.628777503967285, 11.989234924316406, 12.348530292510986, 12.706992149353027, 13.072783708572388, 13.437057733535767, 13.804426431655884, 14.169934272766113, 14.533350229263306, 14.879842042922974, 15.22628927230835, 15.574715375900269, 15.92831802368164, 16.285342693328857, 16.642444610595703, 17.000956773757935, 17.358240127563477, 17.71568536758423, 18.070536136627197, 18.42549729347229, 18.782259941101074, 19.13840937614441, 19.497750997543335], "inference_loss": [-49284.828125, -64008.19921875, -64927.44140625, -68291.390625, -69575.2265625, -70991.0078125, -71855.296875, -70641.75, -70768.6875, -70768.6875, -70768.6875, -70768.6875, -54359.9375, -54359.9375, -54522.40625, -54522.40625, -54522.40625, -54522.40625, -54522.40625, -54522.40625, -54522.40625, -54522.40625, -68153.484375, -72081.390625, -72081.390625, -72081.390625, -72081.390625, -72081.390625, -72081.390625, -72081.390625, -73643.5859375, -73643.5859375, -73643.5859375, -73643.5859375, -73643.5859375, -73643.5859375, -73643.5859375, -73643.5859375, -73643.5859375, -73643.5859375, -73643.5859375, -73643.5859375, -73643.5859375, -73643.5859375, -73643.5859375, -73643.5859375, -73643.5859375, -73643.5859375, -73643.5859375, -73643.5859375, -73643.5859375], "loss": [4001.779052734375, -15175.63671875, -42862.0078125, -52072.8359375, -61496.8984375, -65677.71875, -68054.328125, -69073.578125, -69511.9375, -69892.328125, -70039.765625, -70128.09375, -70051.765625, -70122.359375, -70118.078125, -70053.9453125, -69798.4765625, -69252.1015625, -68193.4296875, -66034.265625, -61766.578125, -53334.9609375, -53889.55859375, -54247.53125, -55231.3125, -57682.9609375, -60458.36328125, -66186.5078125, -68375.203125, -69279.2578125, -69690.015625, -69874.7421875, -70001.8125, -70055.2265625, -70082.265625, -70101.5703125, -70064.265625, -70130.359375, -70137.1171875, -70132.875, -70174.765625, -70148.4375, -70165.46875, -70184.4609375, -70210.890625, -70202.578125, -70214.421875, -70230.4765625, -70259.359375, -70254.125, -70253.2578125, -73643.5859375], "time": [0.7066807746887207, 1.114210605621338, 1.5270400047302246, 1.935309886932373, 2.3427846431732178, 2.754462242126465, 3.1688709259033203, 3.5833704471588135, 3.997835636138916, 4.411285161972046, 4.817328453063965, 5.225531816482544, 5.650085926055908, 6.052525043487549, 6.4441819190979, 6.838651418685913, 7.226711988449097, 7.611103057861328, 7.995124340057373, 8.372087717056274, 8.744038343429565, 9.111831665039062, 9.483530282974243, 9.846614837646484, 10.202646255493164, 10.565497636795044, 10.92927885055542, 11.294152736663818, 11.656419277191162, 12.016931533813477, 12.375142574310303, 12.735870122909546, 13.100623369216919, 13.46589469909668, 13.832324266433716, 14.198886632919312, 14.551156282424927, 14.897516965866089, 15.243958234786987, 15.59133529663086, 15.945967197418213, 16.303051233291626, 16.6602201461792, 17.01871609687805, 17.375942707061768, 17.733362674713135, 18.088208198547363, 18.44318985939026, 18.799967050552368, 19.15614628791809, 19.516587018966675, 19.64699697494507]}