{"sample_time": [0.2676727771759033, 1.0905203819274902, 1.8672878742218018, 2.5471417903900146, 3.215038537979126, 3.8752753734588623, 4.5318732261657715, 5.179883241653442, 5.814887285232544, 6.449216365814209, 7.0780956745147705, 7.7112135887146, 8.333038091659546, 8.95347809791565, 9.575787782669067, 10.186190605163574, 10.8002188205719, 11.416816234588623, 12.030617237091064, 12.640389442443848, 13.247430801391602, 13.852187395095825, 14.455802202224731, 15.058953285217285, 15.663003921508789, 16.26812982559204, 16.87128734588623], "forward_time": [0.9863271713256836, 1.7780838012695312, 2.4574685096740723, 3.123631238937378, 3.7840981483459473, 4.4363250732421875, 5.08531641960144, 5.720270395278931, 6.354588031768799, 6.983590602874756, 7.615668296813965, 8.238487243652344, 8.85898756980896, 9.48139214515686, 10.091689348220825, 10.705595016479492, 11.322106838226318, 11.936033010482788, 12.545659065246582, 13.15286922454834, 13.757596254348755, 14.361039161682129, 14.964367628097534, 15.568342208862305, 16.173689126968384, 16.776817083358765, 17.37804365158081], "inference_loss": [-45890.09375, -212846.6875, -212958.8125, -215262.890625, -216789.40625, -221328.0625, -222504.4375, -214910.875, -214700.3125, -215220.59375, -214807.21875, -214807.21875, -214284.65625, -204114.015625, -214727.59375, -195766.203125, -204122.875, -204122.875, -207279.09375, -214727.59375, -214727.59375, -214727.59375, -214727.59375, -214727.59375, -214990.03125, -214990.03125, -214990.03125], "loss": [20991.638671875, -35003.8671875, -183082.875, -196970.9375, -202973.125, -207481.671875, -210995.984375, -215131.90625, -217844.453125, -219989.1875, -220776.484375, -221309.046875, -221653.328125, -221441.28125, -221675.765625, -221453.3125, -221246.015625, -220112.9375, -217573.03125, -217745.484375, -217960.96875, -218385.59375, -218823.140625, -219259.75, -219555.890625, -219830.765625, -220126.1875, -218981.28125], "time": [1.0566942691802979, 1.834350824356079, 2.514049530029297, 3.180454969406128, 3.8407108783721924, 4.497263669967651, 5.1452484130859375, 5.779968738555908, 6.414258003234863, 7.0433735847473145, 7.676388740539551, 8.29825234413147, 8.918744087219238, 9.541084289550781, 10.151568412780762, 10.76535940170288, 11.38200330734253, 11.995810508728027, 12.60566782951355, 13.212615489959717, 13.817352771759033, 14.420866012573242, 15.024196863174438, 15.628183603286743, 16.233444452285767, 16.836525440216064, 17.437870979309082, 17.4727783203125]}