{"sample_time": [0.5382325649261475, 1.852959156036377, 3.0957274436950684, 4.184612274169922, 5.234896183013916, 6.294420003890991, 7.324073791503906, 8.338473796844482, 9.354875564575195, 10.370179653167725, 11.360118627548218, 12.37256932258606, 13.345261573791504, 14.33603835105896, 15.33114743232727, 16.30678915977478, 17.273196935653687, 18.238171815872192, 19.215976238250732, 20.189836978912354, 21.14145016670227, 22.100584745407104, 23.044307470321655, 23.996426582336426, 24.942662239074707, 25.907926082611084, 26.85092806816101], "forward_time": [1.6957519054412842, 2.9425437450408936, 4.035653352737427, 5.083226919174194, 6.144402980804443, 7.168102502822876, 8.18731141090393, 9.201861381530762, 10.217337131500244, 11.203595399856567, 12.219096660614014, 13.193824768066406, 14.183826446533203, 15.178845167160034, 16.154887676239014, 17.12166666984558, 18.0865797996521, 19.06240963935852, 20.038153886795044, 20.988370656967163, 21.948266744613647, 22.89296293258667, 23.84463596343994, 24.79003405570984, 25.756994009017944, 26.69842791557312, 27.654800176620483], "inference_loss": [-45890.09375, -212846.6875, -212958.8125, -215262.890625, -216789.40625, -221328.0625, -222504.4375, -214910.875, -214700.3125, -215220.59375, -214807.21875, -214807.21875, -214284.65625, -204114.015625, -214727.59375, -195766.203125, -204122.875, -204122.875, -207279.09375, -214727.59375, -214727.59375, -214727.59375, -214897.59375, -214990.03125, -214990.03125, -214990.03125, -218981.28125], "loss": [20991.638671875, -35003.92578125, -183081.71875, -196969.5625, -202972.8125, -207481.296875, -210992.890625, -215111.15625, -217808.453125, -219981.75, -220755.875, -221287.75, -221628.078125, -221415.84375, -221629.921875, -221399.421875, -221235.90625, -220101.921875, -217499.59375, -217707.09375, -217992.140625, -218387.28125, -218777.609375, -219288.390625, -219566.078125, -219882.765625, -220075.296875, -218981.28125], "time": [1.7677714824676514, 3.015084743499756, 4.105265140533447, 5.1537926197052, 6.213133335113525, 7.242063045501709, 8.25638723373413, 9.272580623626709, 10.287275314331055, 11.275542259216309, 12.289663076400757, 13.262901306152344, 14.253450632095337, 15.24853777885437, 16.224464416503906, 17.190732717514038, 18.155611753463745, 19.13303828239441, 20.10714316368103, 21.057368755340576, 22.017383813858032, 22.962036609649658, 23.914065837860107, 24.860610723495483, 25.826034784317017, 26.76857304573059, 27.72378396987915, 27.893936157226562]}