{"sample_time": [0.6492414474487305, 1.8886182308197021, 3.0745770931243896, 4.127324342727661, 5.1832733154296875, 6.207929849624634, 7.205479860305786, 8.214782476425171, 9.222833395004272, 10.204610824584961, 11.18689513206482, 12.168412446975708, 13.171128511428833, 14.141416311264038, 15.108121871948242, 16.085615396499634, 17.046222925186157, 18.02334761619568, 19.00068473815918, 19.978366136550903, 20.953824996948242, 21.90643620491028, 22.860981941223145, 23.824368476867676, 24.794568300247192, 25.767805337905884, 26.718818426132202, 27.678602933883667, 28.644513607025146, 29.593605041503906, 30.558552265167236, 31.528350591659546, 32.452537059783936, 33.376370429992676, 34.30410146713257, 35.23981237411499, 36.182029724121094, 37.10234880447388, 38.039963722229004, 38.98222517967224, 39.92149519920349, 40.845691442489624, 41.77820897102356, 42.70511841773987, 43.644023418426514, 44.56766104698181, 45.50155067443848, 46.44291877746582, 47.3651602268219, 48.30451154708862, 49.24097967147827, 50.1749222278595, 51.116804361343384, 52.04880118370056, 52.987441539764404, 53.92736840248108, 54.852460861206055, 55.7950222492218, 56.7336905002594, 57.65693712234497, 58.59715223312378, 59.5385684967041], "forward_time": [1.7291569709777832, 2.915323257446289, 3.974452257156372, 5.030564785003662, 6.056429862976074, 7.053811073303223, 8.061975479125977, 9.070256233215332, 10.051158428192139, 11.033614158630371, 12.015236854553223, 13.014473676681519, 13.986811876296997, 14.955132722854614, 15.931531429290771, 16.89328908920288, 17.868748903274536, 18.846256732940674, 19.824546098709106, 20.800752878189087, 21.75218939781189, 22.706801176071167, 23.669546365737915, 24.640674829483032, 25.614819765090942, 26.56579089164734, 27.524518728256226, 28.490929126739502, 29.439847230911255, 30.404891967773438, 31.37440037727356, 32.32553172111511, 33.25075149536133, 34.178181409835815, 35.112027168273926, 36.056912899017334, 36.97670817375183, 37.91367697715759, 38.85556936264038, 39.795146465301514, 40.71778130531311, 41.6521418094635, 42.57892942428589, 43.518561601638794, 44.4405632019043, 45.37530469894409, 46.31697916984558, 47.239407539367676, 48.17826461791992, 49.114623069763184, 50.048948526382446, 50.99045205116272, 51.92262578010559, 52.86125588417053, 53.80132079124451, 54.72560453414917, 55.66747236251831, 56.60739707946777, 57.53018760681152, 58.4699182510376, 59.41066932678223, 60.353031158447266], "inference_loss": [-90439.0625, -244656.125, -263361.8125, -282476.4375, -301175.0625, -303846.21875, -317622.21875, -315150.875, -317923.9375, -320782.84375, -318531.15625, -318531.15625, -318531.15625, -318643.5, -318643.5, -330985.1875, -336908.6875, -336908.6875, -339687.875, -339687.875, -339687.875, -339687.875, -339687.875, -339687.875, -339687.875, -339687.875, -339687.875, -339691.71875, -341473.78125, -341070.40625, -341473.78125, -341473.78125, -341473.78125, -351570.1875, -351570.1875, -352237.90625, -352237.90625, -352237.90625, -352237.90625, -352237.90625, -352237.90625, -352237.90625, -352237.90625, -352237.90625, -352237.90625, -352237.90625, -352237.90625, -352237.90625, -352237.90625, -352237.90625, -352237.90625, -352693.34375, -352693.34375, -352693.34375, -352693.34375, -352693.34375, -352693.34375, -352693.34375, -352693.34375, -352693.34375, -352693.34375, -352693.34375], "loss": [56989.16796875, 4952.8876953125, -216234.765625, -235252.734375, -252220.96875, -275915.5, -295289.46875, -303606.75, -306970.8125, -310181.9375, -311588.375, -311731.28125, -311724.59375, -309304.78125, -303128.0625, -305534.90625, -308050.21875, -309354.03125, -310856.46875, -312201.4375, -313376.9375, -314757.59375, -315507.875, -316624.46875, -317060.3125, -319488.21875, -320576.1875, -321294.03125, -321889.875, -322135.46875, -322252.9375, -322443.6875, -323007.84375, -323337.15625, -323660.125, -323938.9375, -324313.375, -324562.40625, -324664.9375, -324879.5, -325136.65625, -325518.375, -326095.375, -326393.1875, -326672.28125, -326732.46875, -326975.65625, -327434.875, -328239.25, -328714.28125, -328961.8125, -329260.75, -329494.6875, -329945.875, -330089.375, -330139.5, -330383.6875, -330742.875, -331172.9375, -331234.71875, -331357.6875, -331972.625, -352693.34375], "time": [1.7907788753509521, 2.9805684089660645, 4.037851810455322, 5.09443473815918, 6.119909286499023, 7.117711305618286, 8.125837564468384, 9.133752346038818, 10.114880084991455, 11.096977710723877, 12.078791618347168, 13.081040859222412, 14.051541328430176, 15.018670797348022, 15.995852708816528, 16.956767559051514, 17.93275737762451, 18.910205602645874, 19.88851046562195, 20.864159107208252, 21.81573247909546, 22.77130699157715, 23.733551740646362, 24.704948902130127, 25.678274154663086, 26.62925386428833, 27.58853578567505, 28.554428577423096, 29.503821849822998, 30.468884229660034, 31.43781280517578, 32.36145782470703, 33.28629994392395, 34.213688135147095, 35.148539781570435, 36.092400312423706, 37.012194871902466, 37.950180530548096, 38.89212393760681, 39.8306622505188, 40.75540018081665, 41.687670946121216, 42.61443734169006, 43.55409836769104, 44.47621130943298, 45.410807371139526, 46.35252785682678, 47.27489137649536, 48.21379113197327, 49.15008211135864, 50.084392786026, 51.025960206985474, 51.958109855651855, 52.896687269210815, 53.83681130409241, 54.761178731918335, 55.70297956466675, 56.6428964138031, 57.565683126449585, 58.50539493560791, 59.44653058052063, 60.38956141471863, 60.652276277542114]}