{"sample_time": [0.2861189842224121, 1.0461735725402832, 1.782029628753662, 2.4422457218170166, 3.0955042839050293, 3.7431137561798096, 4.3747711181640625, 5.000959873199463, 5.624707221984863, 6.242753744125366, 6.861191511154175, 7.47918176651001, 8.095198631286621, 8.703399896621704, 9.307722568511963, 9.913660764694214, 10.5167396068573, 11.117120027542114, 11.71785569190979, 12.318589687347412, 12.920244932174683, 13.519421100616455, 14.117151737213135, 14.71882963180542, 15.313624620437622, 15.91299557685852, 16.509661197662354, 17.106146574020386, 17.701815366744995, 18.29793357849121, 18.893001556396484, 19.489882946014404, 20.088181734085083, 20.684988975524902, 21.280517578125, 21.877732515335083, 22.473422050476074, 23.0689377784729, 23.665361881256104, 24.25946569442749, 24.854820489883423, 25.45015573501587, 26.046437978744507, 26.6405086517334, 27.234779119491577, 27.827879667282104, 28.422229051589966, 29.0197331905365, 29.614177227020264, 30.20830225944519, 30.800270557403564, 31.396093130111694, 31.988187074661255, 32.582114696502686, 33.17654824256897, 33.772786140441895, 34.371201038360596, 34.96494722366333, 35.558329343795776, 36.15148305892944, 36.746376276016235, 37.33953619003296, 37.93070363998413, 38.526347398757935, 39.12090754508972, 39.7156138420105, 40.30811142921448, 40.90385556221008, 41.49927234649658], "forward_time": [0.9599776268005371, 1.6899733543395996, 2.3572516441345215, 3.0102462768554688, 3.657047748565674, 4.2889018058776855, 4.915587902069092, 5.539353847503662, 6.157585144042969, 6.775874614715576, 7.394032955169678, 8.009962320327759, 8.616650342941284, 9.222298860549927, 9.828131914138794, 10.431446552276611, 11.03176236152649, 11.632304906845093, 12.233346700668335, 12.834895372390747, 13.434029340744019, 14.031632423400879, 14.632080793380737, 15.22841215133667, 15.827769041061401, 16.424351692199707, 17.020679712295532, 17.61630892753601, 18.21221089363098, 18.80756640434265, 19.40479564666748, 20.002711057662964, 20.599343061447144, 21.19524598121643, 21.79125666618347, 22.38820457458496, 22.983513116836548, 23.579728841781616, 24.174004316329956, 24.768322467803955, 25.364855766296387, 25.960957527160645, 26.555057048797607, 27.149291276931763, 27.742530822753906, 28.33698797225952, 28.934356212615967, 29.52869725227356, 30.12298274040222, 30.714736938476562, 31.310749769210815, 31.9024338722229, 32.49669528007507, 33.09112358093262, 33.68734693527222, 34.284998416900635, 34.8784236907959, 35.47254991531372, 36.06587266921997, 36.66030979156494, 37.25411105155945, 37.845250844955444, 38.439680099487305, 39.035367012023926, 39.62971329689026, 40.22275233268738, 40.81856870651245, 41.41367220878601, 42.00804686546326], "inference_loss": [-90439.0625, -244656.125, -263694.625, -282476.4375, -301936.5625, -307623.4375, -331131.9375, -336500.875, -324420.75, -326287.625, -326395.71875, -326534.34375, -326534.34375, -329891.25, -329832.03125, -338920.84375, -339687.875, -339687.875, -339687.875, -339687.875, -339687.875, -339687.875, -339687.875, -344185.1875, -344185.1875, -344185.1875, -344185.1875, -344185.1875, -344185.1875, -344185.1875, -344185.1875, -344185.1875, -344185.1875, -344422.1875, -344422.1875, -344422.1875, -344422.1875, -344438.5625, -344438.5625, -344438.5625, -344438.5625, -344438.5625, -344438.5625, -344438.5625, -344438.5625, -344438.5625, -344438.5625, -347902.4375, -348170.8125, -348170.8125, -348170.8125, -348170.8125, -348170.8125, -348170.8125, -348170.8125, -348170.8125, -348170.8125, -348170.8125, -348170.8125, -348170.8125, -348170.8125, -348170.8125, -348170.8125, -348170.8125, -348170.8125, -348170.8125, -348170.8125, -348170.8125, -348170.8125], "loss": [56989.1640625, 8931.30859375, -216024.90625, -234958.09375, -251557.609375, -274930.96875, -294369.53125, -302861.5, -306067.96875, -309160.09375, -310196.5625, -309927.28125, -307867.125, -309329.875, -310481.78125, -311865.9375, -312732.125, -313690.5625, -314627.5625, -315128.875, -316029.90625, -316571.5625, -317633.375, -318150.09375, -318548.84375, -318782.875, -319100.03125, -319424.3125, -319849.5625, -319968.0, -320371.5, -320940.875, -321177.875, -321602.8125, -321895.9375, -322196.8125, -322353.03125, -322713.0, -322876.8125, -323001.84375, -323565.53125, -324679.09375, -324936.40625, -325294.75, -325779.6875, -326470.8125, -326669.09375, -326994.0625, -327637.75, -327487.8125, -328084.53125, -328335.65625, -328411.25, -328501.375, -328678.09375, -328751.5, -328762.90625, -328912.96875, -329290.03125, -329287.75, -329834.59375, -329891.84375, -329998.78125, -330100.5, -330268.71875, -330408.75, -330591.09375, -330542.46875, -330626.8125, -348170.8125], "time": [1.009946584701538, 1.7464895248413086, 2.4095144271850586, 3.0627472400665283, 3.7105069160461426, 4.3423755168914795, 4.968115329742432, 5.591845989227295, 6.2100749015808105, 6.8283703327178955, 7.446386098861694, 8.062413930892944, 8.670288801193237, 9.274832010269165, 9.88059663772583, 10.48384952545166, 11.084279537200928, 11.684872388839722, 12.285788774490356, 12.887387037277222, 13.486351251602173, 14.084195852279663, 14.685770511627197, 15.280850172042847, 15.88024640083313, 16.47675061225891, 17.073126554489136, 17.668769598007202, 18.264702796936035, 18.860066652297974, 19.457139492034912, 20.05521321296692, 20.651870250701904, 21.247727870941162, 21.844829320907593, 22.440511465072632, 23.03593945503235, 23.63227343559265, 24.226502418518066, 24.821890354156494, 25.41722846031189, 26.013511419296265, 26.607499837875366, 27.201748371124268, 27.794980764389038, 28.389342546463013, 28.986796855926514, 29.58118486404419, 30.175413846969604, 30.767221212387085, 31.36310601234436, 31.955007791519165, 32.549185037612915, 33.14364981651306, 33.739827394485474, 34.33733081817627, 34.9319167137146, 35.52513003349304, 36.11837339401245, 36.712966442108154, 37.30646800994873, 37.8976616859436, 38.493226051330566, 39.087889432907104, 39.68225455284119, 40.275161266326904, 40.8710298538208, 41.46620416641235, 42.061583042144775, 42.09498715400696]}