{"sample_time": [0.19133973121643066, 0.46593332290649414, 0.725949764251709, 0.9878168106079102, 1.2494728565216064, 1.5135209560394287, 1.7778356075286865, 2.0414044857025146, 2.320103883743286, 2.5781924724578857, 2.832980155944824, 3.0880181789398193, 3.3424129486083984, 3.5981931686401367, 3.852505922317505, 4.106802463531494, 4.361329555511475, 4.616679430007935, 4.871363401412964, 5.127318620681763, 5.379347562789917, 5.63163948059082, 5.88467812538147, 6.13664174079895, 6.388882160186768, 6.640885591506958, 6.892791032791138, 7.146324872970581, 7.398057699203491, 7.649881362915039, 7.902078866958618, 8.154207706451416, 8.406315565109253, 8.658169984817505, 8.910109996795654, 9.162564516067505, 9.415046691894531, 9.667072772979736, 9.91919994354248, 10.171017408370972, 10.42410159111023, 10.664322853088379, 10.905210494995117, 11.145608901977539, 11.387274742126465, 11.627341270446777, 11.86693286895752, 12.106881141662598, 12.34702467918396, 12.587757587432861, 12.827697515487671, 13.067923069000244, 13.307892322540283, 13.548273801803589, 13.788158178329468, 14.028002262115479, 14.268157482147217], "forward_time": [0.43674468994140625, 0.6947872638702393, 0.9550018310546875, 1.2167198657989502, 1.4786481857299805, 1.7430264949798584, 2.0065410137176514, 2.2720134258270264, 2.5300889015197754, 2.785964250564575, 3.0409750938415527, 3.295360803604126, 3.5510330200195312, 3.8054745197296143, 4.059689998626709, 4.3141937255859375, 4.569515228271484, 4.824162244796753, 5.079971075057983, 5.33212423324585, 5.584418773651123, 5.837506532669067, 6.089420557022095, 6.3417067527771, 6.593644142150879, 6.845637083053589, 7.09886360168457, 7.350933313369751, 7.602757215499878, 7.8547046184539795, 8.107068538665771, 8.359115600585938, 8.611000061035156, 8.863006114959717, 9.115160465240479, 9.367805004119873, 9.619950532913208, 9.872076988220215, 10.12387228012085, 10.375945091247559, 10.629179239273071, 10.869359731674194, 11.11092209815979, 11.352369546890259, 11.592505931854248, 11.832151174545288, 12.072094917297363, 12.312275409698486, 12.551892042160034, 12.792943716049194, 13.033033609390259, 13.273072957992554, 13.513399839401245, 13.753254890441895, 13.993130683898926, 14.233100891113281, 14.473286390304565], "inference_loss": [-64212.3203125, -88741.8203125, -88287.5859375, -92292.28125, -93993.953125, -95706.046875, -78777.703125, -79631.984375, -79485.5546875, -79654.5703125, -79654.5703125, -79654.5703125, -79654.5703125, -79654.5703125, -79654.5703125, -79654.5703125, -95978.5, -95978.5, -95978.5, -95978.5, -95978.5, -95978.5, -95978.5, -97209.484375, -97209.484375, -97282.5390625, -97579.453125, -97579.453125, -97579.453125, -97579.453125, -97579.453125, -97579.453125, -97579.453125, -97579.453125, -97579.453125, -97579.453125, -97890.0625, -97890.0625, -97890.0625, -97890.0625, -97890.0625, -97890.0625, -97890.0625, -97890.0625, -97890.0625, -97890.0625, -97890.0625, -97890.0625, -97890.0625, -97890.0625, -97890.0625, -97890.0625, -97890.0625, -97890.0625, -97890.0625, -97890.0625, -97890.0625], "loss": [2531.65185546875, -11768.984375, -54174.4765625, -64721.1875, -75205.140625, -87687.53125, -92072.796875, -93568.3671875, -94490.53125, -94892.0078125, -94887.6953125, -94600.1484375, -93930.59375, -92541.484375, -89605.609375, -83660.90625, -84048.6796875, -84430.359375, -84633.40625, -84729.609375, -84958.4765625, -85166.1171875, -85495.7421875, -85836.9296875, -86168.28125, -86830.4375, -87452.109375, -87685.6328125, -88015.4296875, -88198.1640625, -88595.84375, -88870.234375, -91874.03125, -93154.6328125, -93770.5859375, -94088.0390625, -94153.9375, -94321.734375, -94379.265625, -94413.015625, -94422.3984375, -94424.328125, -94420.75, -94423.21875, -94455.78125, -94457.921875, -94490.171875, -94504.2578125, -94511.6875, -94530.71875, -94545.75, -94550.875, -94582.015625, -94601.796875, -94621.265625, -94619.984375, -94647.46875, -97890.0625], "time": [0.45150041580200195, 0.71142578125, 0.9728214740753174, 1.2346041202545166, 1.4986414909362793, 1.762850284576416, 2.0265138149261475, 2.3050901889801025, 2.5632097721099854, 2.818085193634033, 3.0730834007263184, 3.3275561332702637, 3.583242893218994, 3.8376429080963135, 4.091905355453491, 4.346405506134033, 4.601647615432739, 4.8563392162323, 5.112236261367798, 5.364330530166626, 5.616566896438599, 5.8697216510772705, 6.121579885482788, 6.373859643936157, 6.625902891159058, 6.877772331237793, 7.131350040435791, 7.383127689361572, 7.634933710098267, 7.886889934539795, 8.139214992523193, 8.391352415084839, 8.643176317214966, 8.895170450210571, 9.147605180740356, 9.400047063827515, 9.652193069458008, 9.9042649269104, 10.156106233596802, 10.409162044525146, 10.649350643157959, 10.89036226272583, 11.130821228027344, 11.37232494354248, 11.612441062927246, 11.85209846496582, 12.092020273208618, 12.33218002319336, 12.572908163070679, 12.812893152236938, 13.053024053573608, 13.292957782745361, 13.533363103866577, 13.7732093334198, 14.013110876083374, 14.253078937530518, 14.493201971054077, 14.508240461349487]}