{"sample_time": [0.2466137409210205, 0.6915779113769531, 1.1045036315917969, 1.5204355716705322, 1.9385757446289062, 2.349628210067749, 2.75956654548645, 3.1755266189575195, 3.6050422191619873, 4.000277280807495, 4.384455442428589, 4.766799211502075, 5.149491548538208, 5.532566785812378, 5.915003776550293, 6.306166648864746, 6.6988136768341064, 7.091321229934692, 7.476015329360962, 7.861989736557007, 8.250823497772217, 8.641012907028198, 9.031444549560547, 9.420297861099243, 9.811919450759888, 10.195881128311157, 10.577975988388062, 10.959292650222778, 11.3492431640625, 11.738139867782593, 12.127962827682495, 12.509552955627441, 12.891151189804077, 13.264825105667114, 13.645555257797241, 14.02409315109253, 14.404111862182617, 14.782996892929077, 15.160830736160278, 15.535020351409912, 15.909857273101807, 16.292200803756714], "forward_time": [0.6399493217468262, 1.0525896549224854, 1.4683692455291748, 1.8860902786254883, 2.2962589263916016, 2.706697702407837, 3.1229586601257324, 3.5405726432800293, 3.937852382659912, 4.321146011352539, 4.704732179641724, 5.087138414382935, 5.469905614852905, 5.852591276168823, 6.243373870849609, 6.635794639587402, 7.028803110122681, 7.413561582565308, 7.799698829650879, 8.187880039215088, 8.577339887619019, 8.969137907028198, 9.357916593551636, 9.748592615127563, 10.133824110031128, 10.514429092407227, 10.896498203277588, 11.285744667053223, 11.67598295211792, 12.064743518829346, 12.447559833526611, 12.829173803329468, 13.212631464004517, 13.593567848205566, 13.971956729888916, 14.352041959762573, 14.730575323104858, 15.108536958694458, 15.482342958450317, 15.857518911361694, 16.23828673362732, 16.61924123764038], "inference_loss": [-64212.3203125, -88741.8203125, -88310.9453125, -90996.359375, -94338.578125, -94280.6875, -78673.3359375, -79575.984375, -79485.5546875, -79654.5703125, -79654.5703125, -79654.5703125, -79654.5703125, -79654.5703125, -79654.5703125, -79654.5703125, -79654.5703125, -96824.828125, -96824.828125, -96824.828125, -96824.828125, -97890.0625, -97890.0625, -97890.0625, -97890.0625, -97890.0625, -97890.0625, -97890.0625, -97890.0625, -97890.0625, -97890.0625, -97890.0625, -97890.0625, -97890.0625, -97890.0625, -97890.0625, -97890.0625, -97890.0625, -97890.0625, -97890.0625, -97890.0625, -97890.0625], "loss": [2531.651611328125, -11769.0205078125, -54181.74609375, -64557.453125, -74626.015625, -87264.75, -91953.8125, -93392.5546875, -94398.9296875, -94793.921875, -94851.3984375, -94585.8828125, -93915.3671875, -92512.8828125, -89598.1875, -83594.09375, -72188.9765625, -73141.5234375, -74019.2265625, -74656.75, -76087.109375, -77848.6484375, -80405.0, -89306.1953125, -92286.4375, -93194.8671875, -93629.015625, -93836.6875, -93999.1953125, -94112.2890625, -94130.1796875, -94173.9296875, -94171.796875, -94210.203125, -94189.5234375, -94219.0546875, -94109.375, -94211.375, -94220.34375, -94229.15625, -94235.28125, -94250.765625, -97890.0625], "time": [0.6573362350463867, 1.0715351104736328, 1.4861302375793457, 1.9038479328155518, 2.315059185028076, 2.7244369983673096, 3.1407153606414795, 3.5692460536956787, 3.9654641151428223, 4.349804639816284, 4.7322680950164795, 5.114746570587158, 5.49752402305603, 5.880262613296509, 6.271219968795776, 6.663625717163086, 7.056441307067871, 7.441257953643799, 7.827369213104248, 8.21566891670227, 8.606223583221436, 8.996948957443237, 9.38573431968689, 9.777394533157349, 10.161508560180664, 10.54315972328186, 10.924148082733154, 11.314642429351807, 11.703815937042236, 12.093466758728027, 12.47525405883789, 12.856839418411255, 13.230439901351929, 13.611204862594604, 13.989600896835327, 14.3696870803833, 14.748311758041382, 15.126282453536987, 15.500119924545288, 15.875274419784546, 16.257124662399292, 16.636914014816284, 16.7531156539917]}