{"sample_time": [0.6020715236663818, 1.8331565856933594, 3.006683588027954, 4.058919191360474, 5.117094278335571, 6.161245822906494, 7.182475328445435, 8.180742740631104, 9.176393747329712, 10.15555715560913, 11.157141923904419, 12.159185647964478, 13.137312650680542, 14.119667768478394, 15.116334915161133, 16.089065074920654, 17.087411880493164, 18.065810203552246, 19.04354739189148, 20.01184344291687, 20.997278451919556, 21.985445737838745, 22.95717763900757, 23.927103757858276, 24.905553340911865, 25.869452714920044, 26.85459280014038, 27.837451696395874, 28.810725688934326, 29.790515899658203, 30.770962476730347, 31.75902771949768, 32.734670877456665], "forward_time": [1.675654411315918, 2.8467516899108887, 3.9065661430358887, 4.96706223487854, 6.009169101715088, 7.03256368637085, 8.030889987945557, 9.024633884429932, 10.004293441772461, 11.005465030670166, 12.00739336013794, 12.985790729522705, 13.967334508895874, 14.96355938911438, 15.936307668685913, 16.932741403579712, 17.91403818130493, 18.889021396636963, 19.859872341156006, 20.8444926738739, 21.83258581161499, 22.80535626411438, 23.77349352836609, 24.753716945648193, 25.716209411621094, 26.701464891433716, 27.685374975204468, 28.6584529876709, 29.63720417022705, 30.616068601608276, 31.605208158493042, 32.58177876472473, 33.54297614097595], "inference_loss": [-63366.78125, -212243.9375, -244177.28125, -258668.84375, -273662.5, -289074.6875, -290180.5, -308860.625, -310164.9375, -311165.4375, -311684.15625, -316328.8125, -316807.25, -311841.5, -311841.5, -311841.5, -311841.5, -311841.5, -315026.5625, -315026.5625, -315029.375, -315029.375, -315026.5625, -315948.375, -315948.375, -315948.375, -315948.375, -316120.375, -316120.375, -316616.03125, -315974.0, -315974.0, -315974.0], "loss": [81954.9609375, 20412.791015625, -189367.515625, -209038.6875, -227441.0625, -247897.265625, -266223.03125, -277826.875, -284657.5625, -288418.1875, -290955.3125, -293444.3125, -295223.46875, -296042.375, -297107.34375, -297769.03125, -298233.84375, -298451.53125, -299294.28125, -299600.75, -299615.0, -299946.78125, -300568.375, -300758.1875, -301394.34375, -301942.46875, -302253.90625, -302460.375, -302548.1875, -302800.96875, -303037.59375, -303062.375, -303304.03125, -315974.0], "time": [1.7366695404052734, 2.9131736755371094, 3.970052719116211, 5.0296266078948975, 6.072790861129761, 7.094729423522949, 8.093017339706421, 9.087741136550903, 10.0667085647583, 11.068098783493042, 12.07054877281189, 13.047814846038818, 14.030013799667358, 15.026793241500854, 15.999600172042847, 16.997453927993774, 17.976070880889893, 18.953795671463013, 19.92206597328186, 20.907164812088013, 21.895296812057495, 22.867443323135376, 23.836148500442505, 24.81591534614563, 25.779898166656494, 26.765061378479004, 27.747463941574097, 28.72066569328308, 29.69993805885315, 30.679791927337646, 31.667902946472168, 32.64403223991394, 33.60513424873352, 33.80342102050781]}