{"sample_time": [0.28983283042907715, 1.064328670501709, 1.8057661056518555, 2.4659199714660645, 3.119874954223633, 3.764991044998169, 4.396900653839111, 5.027504920959473, 5.6503212451934814, 6.268942594528198, 6.887248277664185, 7.505451440811157, 8.122296571731567, 8.738706588745117, 9.352941036224365, 9.967369079589844, 10.582338571548462, 11.197091817855835, 11.811436176300049, 12.421752452850342, 13.029123067855835, 13.637092590332031, 14.246678590774536, 14.858630418777466, 15.464598655700684, 16.072895050048828, 16.683182954788208, 17.293924808502197, 17.901946544647217, 18.507094621658325, 19.111403703689575, 19.722425937652588, 20.326778650283813, 20.933428049087524, 21.538553953170776, 22.142741441726685, 22.745399951934814, 23.34840178489685, 23.9554922580719, 24.56086564064026, 25.168471097946167, 25.77091884613037, 26.374865770339966, 26.978993892669678, 27.58539390563965, 28.187682151794434, 28.79441785812378, 29.398611307144165, 30.00142765045166, 30.60403037071228, 31.206053018569946, 31.809478044509888, 32.414984703063965, 33.0192129611969, 33.6232054233551, 34.22820806503296, 34.833473443984985, 35.43610668182373, 36.03745651245117, 36.64356732368469, 37.24935007095337, 37.85268211364746], "forward_time": [0.9640231132507324, 1.7094850540161133, 2.380481243133545, 3.034451961517334, 3.678870439529419, 4.311392784118652, 4.9421751499176025, 5.564826965332031, 6.1833672523498535, 6.801778316497803, 7.418829679489136, 8.03675103187561, 8.652672529220581, 9.267390489578247, 9.881561517715454, 10.496641635894775, 11.110150337219238, 11.725639581680298, 12.336004495620728, 12.943424463272095, 13.551389932632446, 14.16095781326294, 14.77190089225769, 15.378057956695557, 15.98659610748291, 16.596811532974243, 17.20726180076599, 17.815434455871582, 18.420650243759155, 19.0249285697937, 19.63594126701355, 20.24031686782837, 20.84711718559265, 21.4522488117218, 22.05626392364502, 22.658895254135132, 23.262038946151733, 23.867860555648804, 24.472477436065674, 25.08010220527649, 25.683372497558594, 26.287556171417236, 26.891801834106445, 27.49803614616394, 28.100547790527344, 28.70601487159729, 29.311179399490356, 29.91410207748413, 30.516734838485718, 31.118793725967407, 31.72112512588501, 32.327696561813354, 32.93163537979126, 33.53591847419739, 34.1408588886261, 34.74605393409729, 35.348705768585205, 35.9500617980957, 36.556156396865845, 37.16069054603577, 37.76517462730408, 38.36652684211731], "inference_loss": [-63366.78125, -212243.9375, -244177.28125, -258668.84375, -273662.5, -289074.6875, -288445.21875, -308860.625, -310164.9375, -310689.0625, -310989.375, -316328.8125, -311841.5, -311841.5, -311841.5, -311841.5, -311841.5, -311841.5, -311841.5, -316653.75, -316656.5625, -316656.5625, -315948.375, -315948.375, -315974.0, -316120.375, -316616.03125, -316616.03125, -316616.03125, -316616.03125, -315974.0, -315974.0, -315974.0, -315974.0, -315974.0, -315974.0, -315974.0, -315974.0, -315974.0, -317597.625, -317597.625, -317988.3125, -317988.3125, -317988.3125, -317988.3125, -317988.3125, -317988.3125, -317988.3125, -317988.3125, -317988.3125, -317988.3125, -317988.3125, -317988.3125, -317988.3125, -317988.3125, -317988.3125, -317988.3125, -317988.3125, -317988.3125, -317988.3125, -317988.3125, -317988.3125], "loss": [81954.9609375, 20414.33984375, -189367.578125, -209038.609375, -227440.78125, -247832.015625, -266254.90625, -277770.625, -284591.40625, -288326.5, -290663.96875, -292746.5625, -294868.25, -295588.03125, -296694.65625, -297438.625, -298081.125, -298257.9375, -299015.5, -299377.59375, -299476.375, -299934.15625, -300443.25, -300702.84375, -301319.21875, -302286.28125, -302608.75, -302594.96875, -302813.09375, -302959.59375, -303035.96875, -303126.84375, -303205.71875, -303309.75, -303408.53125, -303405.25, -303444.0, -303556.03125, -303907.78125, -304418.71875, -304532.59375, -304569.4375, -304798.28125, -304840.28125, -305053.90625, -305094.15625, -305453.0625, -305586.40625, -305666.59375, -305991.1875, -306076.03125, -306103.53125, -306135.09375, -306133.15625, -306130.75, -306177.84375, -306223.03125, -306415.40625, -306619.09375, -306610.90625, -306699.0, -306914.53125, -317988.3125], "time": [1.0284037590026855, 1.7693393230438232, 2.432725667953491, 3.0869669914245605, 3.731370687484741, 4.363935708999634, 4.994672775268555, 5.617372989654541, 6.235874652862549, 6.854171514511108, 7.47243332862854, 8.089131116867065, 8.705273866653442, 9.319865942001343, 9.934031009674072, 10.549103260040283, 11.163825511932373, 11.778128385543823, 12.388468980789185, 12.995952844619751, 13.603926420211792, 14.213460683822632, 14.825380325317383, 15.430555820465088, 16.039146661758423, 16.64927101135254, 17.25983428955078, 17.86798882484436, 18.47323489189148, 19.07740807533264, 19.688376426696777, 20.292884588241577, 20.89957880973816, 21.504651069641113, 22.10877513885498, 22.71155285835266, 23.314481019973755, 23.921367645263672, 24.526059865951538, 25.13344430923462, 25.735949516296387, 26.33995747566223, 26.944288730621338, 27.55047297477722, 28.153013467788696, 28.759552001953125, 29.36362648010254, 29.96656560897827, 30.569231748580933, 31.17125964164734, 31.774659156799316, 32.38012647628784, 32.98420476913452, 33.58840370178223, 34.19333267211914, 34.798614501953125, 35.40115761756897, 36.002532958984375, 36.608572006225586, 37.21426701545715, 37.81770396232605, 38.42009115219116, 38.45546221733093]}