{"sample_time": [0.5948338508605957, 1.8252346515655518, 3.029526472091675, 4.103031158447266, 5.16400671005249, 6.184299468994141, 7.206851959228516, 8.225308656692505, 9.239027261734009, 10.223440885543823, 11.213269233703613, 12.213754653930664, 13.222024917602539, 14.21161413192749, 15.200260162353516, 16.178213834762573, 17.15681743621826, 18.136341333389282, 19.127351760864258, 20.106002807617188, 21.07194209098816, 22.0486261844635, 23.030678510665894, 24.013041734695435, 24.97662329673767, 25.94458532333374, 26.911101818084717, 27.896239757537842, 28.881848573684692, 29.864197254180908, 30.84187388420105, 31.808128595352173], "forward_time": [1.664551019668579, 2.8647000789642334, 3.948729991912842, 5.010908126831055, 6.032418489456177, 7.054120302200317, 8.072149991989136, 9.085366487503052, 10.067962408065796, 11.057650566101074, 12.057136535644531, 13.065453052520752, 14.05589771270752, 15.043052673339844, 16.019852876663208, 17.000405311584473, 17.97802495956421, 18.96911072731018, 19.949223279953003, 20.915040731430054, 21.89127278327942, 22.87335181236267, 23.85602641105652, 24.819273233413696, 25.78787851333618, 26.75351047515869, 27.73774480819702, 28.724623680114746, 29.70640230178833, 30.684935092926025, 31.650712728500366, 32.62964367866516], "inference_loss": [-67649.125, -224245.9375, -238517.3125, -260421.25, -279842.96875, -297641.0625, -305417.84375, -316859.53125, -303482.15625, -304176.625, -317486.375, -319815.1875, -300327.21875, -302793.46875, -302793.46875, -302793.46875, -302793.46875, -302793.46875, -302793.46875, -302793.46875, -303099.875, -303099.875, -303099.875, -303099.875, -303099.875, -303099.875, -303099.875, -303099.875, -303099.875, -303099.875, -303099.875, -303099.875], "loss": [76982.0390625, 26207.8515625, -196891.359375, -215523.765625, -230635.265625, -250408.3125, -270059.96875, -282691.125, -288689.375, -293756.15625, -295515.53125, -297405.0625, -298204.625, -299187.375, -300398.59375, -300950.1875, -301390.46875, -301826.75, -302299.625, -302700.40625, -302736.65625, -303209.4375, -303407.71875, -303858.65625, -304107.6875, -304290.3125, -304408.03125, -304411.03125, -304632.34375, -304701.09375, -304725.09375, -304877.8125, -303099.875], "time": [1.7280082702636719, 2.9343135356903076, 4.013500690460205, 5.07529091835022, 6.096270799636841, 7.118459939956665, 8.136472702026367, 9.149694919586182, 10.131837129592896, 11.120805740356445, 12.121941566467285, 13.130208492279053, 14.120077133178711, 15.107750177383423, 16.084051609039307, 17.064586639404297, 18.043277740478516, 19.034831762313843, 20.01344084739685, 20.979164600372314, 21.955979347229004, 22.938081979751587, 23.920160055160522, 24.883946418762207, 25.852131843566895, 26.81822633743286, 27.802438735961914, 28.789328813552856, 29.771000862121582, 30.74924874305725, 31.715411901474, 32.69433903694153, 32.900845766067505]}