{"sample_time": [0.2940828800201416, 1.054600477218628, 1.7885594367980957, 2.4505012035369873, 3.1043293476104736, 3.746180772781372, 4.383784294128418, 5.011283874511719, 5.63575553894043, 6.256299257278442, 6.878534317016602, 7.5003392696380615, 8.12290096282959, 8.742300510406494, 9.35822582244873, 9.97154688835144, 10.585583448410034, 11.197888612747192, 11.809954404830933, 12.422053098678589, 13.030430316925049, 13.640453100204468, 14.246703863143921, 14.85665512084961, 15.461163997650146, 16.067991733551025, 16.672860145568848, 17.279390573501587, 17.888407230377197, 18.49453091621399, 19.101645946502686, 19.708865642547607], "forward_time": [0.9687094688415527, 1.6996638774871826, 2.3641021251678467, 3.019106149673462, 3.6610653400421143, 4.297744512557983, 4.925766706466675, 5.550418138504028, 6.168604135513306, 6.789718389511108, 7.410602807998657, 8.034086465835571, 8.653440237045288, 9.26922059059143, 9.882724046707153, 10.494668245315552, 11.109191179275513, 11.721189022064209, 12.332033634185791, 12.941614627838135, 13.551747560501099, 14.157898187637329, 14.766621351242065, 15.37234091758728, 15.97926378250122, 16.581952810287476, 17.190549850463867, 17.79957127571106, 18.405714511871338, 19.012828826904297, 19.61996054649353, 20.22348976135254], "inference_loss": [-67649.125, -224245.9375, -238517.3125, -260421.25, -279842.96875, -297641.0625, -305417.84375, -316859.53125, -302008.375, -304176.625, -304541.15625, -319918.28125, -300430.34375, -302793.46875, -302793.46875, -302793.46875, -302793.46875, -302793.46875, -302793.46875, -302793.46875, -303099.875, -303099.875, -303099.875, -303268.90625, -303268.90625, -303876.5625, -303876.5625, -303876.5625, -303876.5625, -303876.5625, -303876.5625, -303876.5625], "loss": [76982.0390625, 26207.18359375, -196891.4375, -215523.875, -230657.875, -250427.96875, -270069.71875, -282548.90625, -288634.25, -293650.34375, -295415.28125, -297403.84375, -298165.71875, -299163.0, -300419.125, -300941.59375, -301252.59375, -301939.3125, -302258.875, -302699.78125, -303039.75, -303353.65625, -303397.78125, -303796.4375, -304041.40625, -304080.15625, -304100.09375, -304096.3125, -304513.9375, -304675.0, -304839.21875, -305001.875, -303876.5625], "time": [1.018651008605957, 1.7538142204284668, 2.4175567626953125, 3.071564197540283, 3.7135887145996094, 4.350208044052124, 4.978349685668945, 5.602926015853882, 6.2211244106292725, 6.84328031539917, 7.465135097503662, 8.08759093284607, 8.70700740814209, 9.322688102722168, 9.936235427856445, 10.550281047821045, 11.16270899772644, 11.774676322937012, 12.386650562286377, 12.995170593261719, 13.60525894165039, 14.211339235305786, 14.821212768554688, 15.425853729248047, 16.03278946876526, 16.637521028518677, 17.244028091430664, 17.85307812690735, 18.45926809310913, 19.066368579864502, 19.673501014709473, 20.276992082595825, 20.31270170211792]}