{"sample_time": [1.1642539501190186, 1.9803199768066406, 2.261728286743164, 2.595855712890625, 2.895646810531616, 3.2493019104003906, 4.007140159606934, 5.0112762451171875, 5.520159006118774, 5.87591814994812, 6.132912874221802, 6.384186744689941, 6.777743101119995, 7.049723863601685, 7.298007249832153, 7.563008785247803, 7.785857200622559, 8.123650789260864, 8.349479913711548, 8.588874101638794, 8.833550691604614, 9.081382989883423, 9.330540418624878, 9.575031042098999, 9.818471908569336, 10.063120365142822, 10.306865930557251, 10.54965329170227, 10.797581911087036, 11.04424524307251, 11.515846014022827, 11.755056142807007, 11.99886441230774, 12.2402503490448, 12.483153104782104, 12.72874641418457, 12.974419832229614, 13.22120475769043], "forward_time": [1.8211047649383545, 2.0936880111694336, 2.4088783264160156, 2.727731466293335, 3.0519654750823975, 3.455554962158203, 4.183267831802368, 5.159911632537842, 5.692636489868164, 5.993329048156738, 6.234721422195435, 6.487523555755615, 6.878937005996704, 7.151780128479004, 7.40271782875061, 7.6639556884765625, 7.88803505897522, 8.224962949752808, 8.45067024230957, 8.69571590423584, 8.941344738006592, 9.19135069847107, 9.437185049057007, 9.680692911148071, 9.924273014068604, 10.168800830841064, 10.41100811958313, 10.656196355819702, 10.900928497314453, 11.144850969314575, 11.617331981658936, 11.860530138015747, 12.101569890975952, 12.344898223876953, 12.589785814285278, 12.83614706993103, 13.081989288330078, 13.327179670333862], "inference_loss": [90007.5703125, 169991.921875, 219988.78125, 159985.9375, 109985.421875, 49985.5390625, 29985.263671875, -15.080015182495117, -16.083642959594727, -16.701807022094727, -16.602035522460938, -16.714195251464844, -16.877399444580078, -16.929386138916016, -16.929386138916016, -17.334125518798828, -17.42810821533203, -17.478044509887695, 9982.2158203125, 9982.2158203125, 9982.2158203125, 9982.2158203125, 9982.2158203125, 9982.2158203125, 9982.2158203125, 9982.2158203125, 9982.2158203125, 9982.2158203125, -17.478044509887695, -17.478044509887695, -17.478044509887695, -17.478044509887695, -17.478044509887695, -17.478044509887695, -17.478044509887695, -17.478044509887695, -17.478044509887695, -17.478044509887695], "loss": [8.104216575622559, 5.52187442779541, 7.18359375, 14.79371166229248, 22.028732299804688, 19.526142120361328, 8.536432266235352, -12.439743041992188, -14.871254920959473, -15.840147018432617, -16.117813110351562, -16.482555389404297, -16.692371368408203, -16.804931640625, -16.892383575439453, -17.06625747680664, -17.227783203125, -17.295162200927734, -17.27625274658203, -17.33817481994629, -17.188461303710938, -16.95988655090332, -16.465232849121094, -15.664203643798828, -13.915813446044922, -10.435222625732422, -3.397843360900879, 0.062404632568359375, -5.932311058044434, -6.09199333190918, -6.156270980834961, -6.16082763671875, -6.163150787353516, -6.163837432861328, -11.779281616210938, -14.581785202026367, -15.97030258178711, -15.969124794006348, -17.478044509887695], "time": [1.935729742050171, 2.2121336460113525, 2.559882879257202, 2.8592357635498047, 3.2095887660980225, 3.9693756103515625, 4.973002910614014, 5.48237943649292, 5.841437578201294, 6.098487138748169, 6.3497514724731445, 6.743447780609131, 7.015329360961914, 7.26369833946228, 7.528276205062866, 7.749860525131226, 8.087928295135498, 8.313755750656128, 8.553002834320068, 8.79761004447937, 9.045454025268555, 9.294617176055908, 9.539130449295044, 9.782784461975098, 10.027213335037231, 10.27085018157959, 10.513544082641602, 10.761537551879883, 11.00820016860962, 11.479652881622314, 11.7190101146698, 11.962720155715942, 12.204192161560059, 12.446761131286621, 12.692535638809204, 12.938259363174438, 13.18503999710083, 13.430799722671509, 13.512324571609497]}