{"sample_time": [0.6251764297485352, 1.154665470123291, 1.41123366355896, 1.7435710430145264, 2.014220952987671, 2.341867208480835, 2.846933126449585, 3.741896867752075, 4.089622974395752, 4.525686025619507, 4.990191221237183, 5.317092418670654, 5.601950407028198, 5.814763307571411, 6.011925220489502, 6.211620330810547, 6.415790557861328, 6.6917901039123535, 6.968129396438599, 7.244432687759399, 7.518018960952759, 7.799230337142944, 8.091819524765015, 8.368034362792969, 8.65169095993042, 8.928147554397583, 9.20240569114685, 9.487037420272827, 9.763148784637451, 10.038145065307617, 10.316052436828613, 10.592187643051147, 10.817999362945557, 11.142604351043701, 11.41889476776123, 11.69359827041626, 11.970730304718018, 12.246932744979858, 12.52086877822876, 12.801659107208252, 13.074674129486084, 13.349757671356201, 13.621666193008423, 13.901204586029053, 14.173274993896484, 14.446316719055176, 14.721575498580933, 15.001830101013184, 15.259761095046997, 15.527371644973755, 15.808951616287231, 16.080027103424072, 16.36032223701477], "forward_time": [1.0071332454681396, 1.2353241443634033, 1.5396230220794678, 1.8324449062347412, 2.1342504024505615, 2.489361047744751, 3.003098487854004, 3.8412528038024902, 4.166010141372681, 4.599078416824341, 5.063016891479492, 5.389677286148071, 5.6743199825286865, 5.889232873916626, 6.08856725692749, 6.283879041671753, 6.488342523574829, 6.764217853546143, 7.041207790374756, 7.316847085952759, 7.590535402297974, 7.872137546539307, 8.16443395614624, 8.440420389175415, 8.724104881286621, 9.002290487289429, 9.274705410003662, 9.558963298797607, 9.83514404296875, 10.110208749771118, 10.388219833374023, 10.664385795593262, 10.890599012374878, 11.214649677276611, 11.490864276885986, 11.765511751174927, 12.04257607460022, 12.31864333152771, 12.592506885528564, 12.87357783317566, 13.146166563034058, 13.421201944351196, 13.69335126876831, 13.972717761993408, 14.245225667953491, 14.517925024032593, 14.793331861495972, 15.073379516601562, 15.333723545074463, 15.599305868148804, 15.880865812301636, 16.151836395263672, 16.432373046875], "inference_loss": [90007.5703125, 169991.921875, 259987.921875, 149986.328125, 109985.375, 89984.765625, 29985.318359375, -15.382915496826172, -16.135765075683594, -16.608173370361328, -16.665590286254883, -16.695159912109375, -16.938447952270508, -16.967777252197266, -16.967777252197266, -17.061918258666992, -17.034074783325195, -17.124820709228516, -17.218799591064453, -17.42810821533203, -17.42810821533203, 9982.521484375, 9982.521484375, 9982.521484375, 9982.521484375, 9982.5166015625, 9982.5166015625, 9982.5166015625, 9982.5166015625, 9982.5166015625, 9982.388671875, 9982.341796875, -17.647443771362305, -17.647443771362305, -17.647443771362305, -17.647443771362305, -17.647443771362305, -17.647443771362305, -17.647443771362305, -17.647443771362305, -17.647443771362305, -17.647443771362305, -17.647443771362305, -17.647443771362305, -17.647443771362305, -17.647443771362305, -17.647443771362305, -17.647443771362305, -17.647443771362305, -17.647443771362305, -17.647443771362305, -17.647443771362305, -17.647443771362305], "loss": [8.104217529296875, 5.533524990081787, 7.174127578735352, 14.825790405273438, 21.986072540283203, 18.567737579345703, 7.778995513916016, -12.348770141601562, -14.841775894165039, -15.93365478515625, -16.248106002807617, -16.56846046447754, -16.72400665283203, -16.817882537841797, -16.836864471435547, -16.907390594482422, -17.076988220214844, -17.119327545166016, -17.148107528686523, -17.251052856445312, -17.223888397216797, -17.245393753051758, -17.20148468017578, -17.10974884033203, -17.004837036132812, -16.661020278930664, -15.669965744018555, -14.597454071044922, -11.725791931152344, -6.324431419372559, -0.8521232604980469, 5.163305282592773, 5.303400039672852, 5.050130844116211, 5.026540756225586, -5.795196533203125, -6.053280830383301, -16.565109252929688, -16.744306564331055, -17.032672882080078, -17.06596565246582, -17.073022842407227, -17.090959548950195, -17.08140754699707, -17.024959564208984, -17.088863372802734, -17.074338912963867, -17.08885383605957, -17.080419540405273, -17.095186233520508, -17.098155975341797, -17.18160629272461, -17.202259063720703, -17.647443771362305], "time": [1.1170637607574463, 1.3720989227294922, 1.7120599746704102, 1.984367847442627, 2.308666229248047, 2.8161745071411133, 3.711003303527832, 4.058945417404175, 4.494566202163696, 4.959616184234619, 5.286293983459473, 5.571001052856445, 5.784056186676025, 5.981178045272827, 6.180841445922852, 6.384661674499512, 6.660961389541626, 6.937184572219849, 7.213402032852173, 7.488561391830444, 7.770090818405151, 8.062513828277588, 8.338829040527344, 8.622464418411255, 8.898886442184448, 9.172911167144775, 9.457740783691406, 9.73397970199585, 10.008979558944702, 10.286662578582764, 10.562635898590088, 10.788623094558716, 11.113099813461304, 11.3894624710083, 11.66575026512146, 11.942899465560913, 12.219115495681763, 12.493324995040894, 12.7738516330719, 13.046912670135498, 13.321999788284302, 13.59385347366333, 13.873533487319946, 14.145603656768799, 14.418622732162476, 14.693608522415161, 14.974084854125977, 15.231909275054932, 15.499694585800171, 15.781236410140991, 16.052233695983887, 16.332666158676147, 16.605677843093872, 16.633413314819336]}