{"sample_time": [1.6428613662719727, 2.6594088077545166, 3.657341241836548, 4.875431537628174, 5.809916973114014, 6.7562925815582275, 7.700633525848389, 8.638157844543457, 9.571929693222046, 10.565607786178589, 11.54588532447815, 12.5577974319458, 13.768240690231323, 14.736255168914795, 15.846283674240112, 16.763272523880005, 17.880008459091187, 18.77924370765686, 19.67774987220764, 20.578168869018555, 21.48271942138672, 22.38425922393799, 23.292542219161987, 24.201772928237915, 25.107990980148315, 26.01429057121277, 26.927568197250366, 27.835150718688965, 28.74209427833557, 29.646273851394653], "forward_time": [1.9052014350891113, 2.836967945098877, 3.8197226524353027, 5.024083614349365, 5.955496788024902, 6.893441438674927, 7.834087610244751, 8.767761707305908, 9.706016063690186, 10.702958822250366, 11.696553707122803, 12.703551769256592, 13.912763357162476, 14.874158382415771, 15.988679647445679, 16.898810148239136, 18.003050088882446, 18.902258157730103, 19.800837993621826, 20.70405650138855, 21.606194496154785, 22.510631799697876, 23.41972255706787, 24.325302362442017, 25.23319387435913, 26.14562225341797, 27.05450677871704, 27.960408449172974, 28.867160081863403, 29.772883653640747], "inference_loss": [92527.8984375, 61177.28515625, 39502.52734375, 16768.92578125, -6098.861328125, -7288.2548828125, -8543.5185546875, -9106.767578125, -9726.921875, -10136.068359375, -9798.16796875, -10019.390625, -10019.390625, -9990.306640625, -10019.390625, -9990.306640625, -9990.306640625, -9990.306640625, -9753.94921875, -9729.6484375, -9844.080078125, -9729.6484375, -9844.080078125, -9729.6484375, -9729.6484375, -9729.6484375, -9729.6484375, -9729.6484375, -9729.6484375, -9729.6484375], "loss": [12284.0068359375, 13132.634765625, 750.3433227539062, 415.91070556640625, 8.933349609375, -3143.6630859375, -5528.20556640625, -6678.54833984375, -7481.220703125, -8101.2841796875, -8725.03515625, -9039.048828125, -9298.3203125, -9429.3974609375, -9443.0263671875, -9478.740234375, -9496.7626953125, -9533.875, -9506.2353515625, -9558.75390625, -9563.1640625, -9543.6884765625, -9569.5439453125, -9570.41015625, -9586.39453125, -9576.7548828125, -9583.357421875, -9580.736328125, -9589.98828125, -9597.453125, -9729.6484375], "time": [2.608341693878174, 3.608520984649658, 4.825577735900879, 5.756446361541748, 6.703567743301392, 7.647557497024536, 8.580265998840332, 9.512836694717407, 10.507879257202148, 11.48728322982788, 12.498809337615967, 13.708959817886353, 14.677093744277954, 15.787381649017334, 16.704074144363403, 17.821110725402832, 18.719902753829956, 19.61819863319397, 20.51870083808899, 21.4217267036438, 22.32286548614502, 23.230722427368164, 24.14081907272339, 25.04600191116333, 25.952924489974976, 26.865864515304565, 27.773170709609985, 28.680256843566895, 29.58443832397461, 30.4939546585083, 30.644962787628174]}