{"sample_time": [0.23416519165039062, 0.3722982406616211, 0.4723069667816162, 0.572594165802002, 0.6739158630371094, 0.7753291130065918, 0.8748564720153809, 0.9853224754333496, 1.0861566066741943, 1.1878960132598877, 1.289982557296753, 1.394078016281128, 1.4981002807617188, 1.6012794971466064, 1.704773187637329, 1.8061203956604004, 1.9088053703308105, 2.0110342502593994, 2.1121654510498047, 2.2137539386749268, 2.3160314559936523, 2.4195098876953125, 2.520782232284546, 2.6232194900512695, 2.726764440536499, 2.8280136585235596, 2.930354595184326], "forward_time": [0.28081393241882324, 0.3828468322753906, 0.48276519775390625, 0.5830686092376709, 0.6844375133514404, 0.785466194152832, 0.8937780857086182, 0.9965367317199707, 1.098236083984375, 1.199035406112671, 1.3023788928985596, 1.4053993225097656, 1.509408950805664, 1.613539218902588, 1.7158656120300293, 1.8171336650848389, 1.9198896884918213, 2.022113800048828, 2.1232454776763916, 2.2247533798217773, 2.3270580768585205, 2.4305591583251953, 2.531791925430298, 2.634366989135742, 2.7378311157226562, 2.8390767574310303, 2.941518783569336], "inference_loss": [3169.3583984375, 677.8408203125, -216.8916015625, -1145.490234375, -1420.368408203125, -1581.25537109375, -1652.184326171875, -1641.091796875, -1652.184326171875, -1652.184326171875, -1652.184326171875, -1652.184326171875, -1652.184326171875, -1652.184326171875, -1652.184326171875, -1652.184326171875, -1652.184326171875, -1652.184326171875, -1652.184326171875, -1652.184326171875, -1652.184326171875, -1652.184326171875, -1652.184326171875, -1652.184326171875, -1652.184326171875, -1652.184326171875, -1652.184326171875], "loss": [7080.7763671875, 5736.845703125, 1642.952880859375, 1326.5601806640625, 1083.087158203125, 615.8382568359375, -178.15628051757812, -814.071533203125, -1107.654296875, -1297.492919921875, -1395.2657470703125, -1457.044189453125, -1486.897705078125, -1495.698486328125, -1510.635498046875, -1523.9530029296875, -1528.093505859375, -1526.997314453125, -1529.5960693359375, -1533.126708984375, -1533.889892578125, -1533.385009765625, -1534.2557373046875, -1534.978515625, -1534.271728515625, -1534.634521484375, -1535.106201171875, -1652.184326171875], "time": [0.3133845329284668, 0.4141852855682373, 0.5129258632659912, 0.6126863956451416, 0.7145719528198242, 0.8143677711486816, 0.9246499538421631, 1.0254616737365723, 1.1273260116577148, 1.2292242050170898, 1.3332288265228271, 1.4361534118652344, 1.5401434898376465, 1.6437852382659912, 1.7451014518737793, 1.8474595546722412, 1.9501855373382568, 2.05136775970459, 2.152454376220703, 2.2550902366638184, 2.3573825359344482, 2.45981764793396, 2.5620973110198975, 2.6656322479248047, 2.7671291828155518, 2.8693959712982178, 2.9717366695404053, 3.0791916847229004]}