{"sample_time": [0.1213691234588623, 0.3145594596862793, 0.4704318046569824, 0.6289575099945068, 0.9554421901702881, 1.1055505275726318, 1.266758680343628, 1.433682918548584, 1.6210181713104248, 1.9022581577301025, 2.3985137939453125, 2.885974884033203, 3.482332468032837, 3.689364194869995, 4.07357120513916, 4.255563497543335, 4.583780527114868, 4.811263561248779, 5.111265659332275, 5.387791156768799, 5.544903516769409, 5.694958448410034, 5.926862001419067, 6.1914591789245605, 6.3250532150268555, 6.471283435821533, 6.670389890670776, 6.799501180648804, 6.928553342819214, 7.05781888961792, 7.203827857971191, 7.3732569217681885, 7.543377637863159, 7.716583251953125, 7.887949705123901, 8.052654266357422, 8.215590953826904, 8.379437446594238, 8.547516584396362, 8.711420774459839, 8.883729457855225, 9.0465407371521, 9.215842723846436, 9.379544258117676, 9.543561220169067, 9.715749740600586, 9.879649877548218, 10.052139282226562, 10.215746402740479, 10.37961196899414, 10.543697595596313, 10.71573519706726, 10.880055904388428, 11.043757915496826], "forward_time": [0.20901179313659668, 0.3756377696990967, 0.5272693634033203, 0.6789662837982178, 1.0066063404083252, 1.1600277423858643, 1.321807861328125, 1.4943153858184814, 1.6841490268707275, 1.9705703258514404, 2.472517967224121, 2.9530599117279053, 3.5480799674987793, 3.750152587890625, 4.131836414337158, 4.31350302696228, 4.640446901321411, 4.8669984340667725, 5.164144992828369, 5.439326763153076, 5.5930938720703125, 5.740721225738525, 5.968040227890015, 6.234320163726807, 6.3650805950164795, 6.512524843215942, 6.7110090255737305, 6.840863227844238, 6.9707348346710205, 7.09996485710144, 7.243780612945557, 7.413690805435181, 7.583437442779541, 7.756523370742798, 7.92795205116272, 8.092738389968872, 8.255678653717041, 8.421817779541016, 8.587677478790283, 8.751538753509521, 8.92367148399353, 9.086652278900146, 9.256798267364502, 9.419819116592407, 9.583616018295288, 9.756985425949097, 9.920934915542603, 10.092190980911255, 10.255704879760742, 10.419723749160767, 10.583675622940063, 10.755825757980347, 10.920180797576904, 11.083828449249268], "inference_loss": [41769.25390625, 44299.46875, -2950.40380859375, -4599.12109375, -5781.478515625, -6545.01953125, -7223.525390625, -7614.763671875, -7924.333984375, -7901.6884765625, 1492.21875, -8032.9140625, -8067.021484375, 1360.54296875, 1360.54296875, 1360.54296875, -8104.30859375, -8104.30859375, -7840.4697265625, -8045.259765625, -8601.958984375, -8601.958984375, -8650.703125, -8650.703125, -8650.703125, -8650.703125, -8650.703125, -8650.703125, -8650.703125, -8650.703125, -8650.703125, -8650.703125, -8650.703125, -8667.673828125, -8667.673828125, -8667.673828125, -8667.673828125, -8667.673828125, -8667.673828125, -8667.673828125, -8667.673828125, -8667.673828125, -8667.673828125, -8667.673828125, -8667.673828125, -8667.673828125, -8667.673828125, -8667.673828125, -8667.673828125, -8667.673828125, -8667.673828125, -8667.673828125, -8667.673828125, -8667.673828125], "loss": [9326.3740234375, 12594.017578125, 1274.09033203125, -647.8298950195312, -1728.800537109375, -3310.790283203125, -4691.2880859375, -6005.59130859375, -7007.1240234375, -7640.6376953125, -7669.75146484375, -7877.64794921875, -7966.11865234375, -7324.57568359375, -6317.33447265625, -5053.9833984375, -5352.869140625, -5523.6494140625, -5769.32373046875, -6004.421875, -6443.130859375, -6843.4755859375, -7570.373046875, -7870.2216796875, -8021.91357421875, -8082.06689453125, -8091.642578125, -8096.65869140625, -8103.716796875, -8106.9111328125, -8115.9794921875, -8130.5166015625, -8135.60546875, -8142.34765625, -8148.326171875, -8157.2734375, -8158.822265625, -8161.6123046875, -8164.873046875, -8167.5205078125, -8169.119140625, -8172.1640625, -8176.91455078125, -8179.09912109375, -8184.51171875, -8186.18408203125, -8187.7734375, -8190.0537109375, -8191.44775390625, -8193.892578125, -8195.6845703125, -8194.4130859375, -8196.609375, -8196.095703125, -8667.673828125], "time": [0.2814905643463135, 0.4410209655761719, 0.5976479053497314, 0.9229655265808105, 1.072098731994629, 1.2340149879455566, 1.3991873264312744, 1.5864348411560059, 1.867318868637085, 2.3637070655822754, 2.850818634033203, 3.446939706802368, 3.6542558670043945, 4.038589954376221, 4.2207019329071045, 4.5489161014556885, 4.776505708694458, 5.0766026973724365, 5.352829933166504, 5.510189533233643, 5.660537481307983, 5.8925862312316895, 6.157212495803833, 6.290751934051514, 6.436811685562134, 6.635977506637573, 6.76517915725708, 6.89443826675415, 7.023638963699341, 7.169699430465698, 7.338860034942627, 7.509071111679077, 7.682344198226929, 7.853615999221802, 8.01852798461914, 8.181368112564087, 8.34525442123413, 8.513349771499634, 8.677184104919434, 8.849514484405518, 9.012285709381104, 9.181428670883179, 9.345322370529175, 9.509231805801392, 9.681503295898438, 9.845335006713867, 10.017647981643677, 10.181495428085327, 10.345350503921509, 10.50925874710083, 10.68156886100769, 10.845441102981567, 11.009279251098633, 11.182603120803833, 11.217369318008423]}