{"sample_time": [0.08871269226074219, 0.16941237449645996, 0.23007488250732422, 0.4268074035644531, 0.49177098274230957, 0.553626298904419, 0.6146070957183838, 0.6756477355957031, 0.7365190982818604, 0.7974264621734619, 0.8584222793579102, 0.9193761348724365, 1.0467824935913086, 1.1116926670074463, 1.1724824905395508, 1.233684778213501, 1.2934765815734863, 1.354496717453003, 1.4153780937194824, 1.4775209426879883, 1.5382239818572998, 1.5993826389312744, 1.6615383625030518, 1.7234704494476318, 1.7844963073730469, 1.84535551071167, 1.9063265323638916, 1.969522476196289, 2.030338764190674], "forward_time": [0.11520791053771973, 0.17742204666137695, 0.23807239532470703, 0.4350404739379883, 0.5001010894775391, 0.5613915920257568, 0.6222827434539795, 0.6833596229553223, 0.7442348003387451, 0.8051652908325195, 0.8661501407623291, 0.9271154403686523, 1.0546038150787354, 1.1194431781768799, 1.1802237033843994, 1.2415087223052979, 1.3017621040344238, 1.3628017902374268, 1.4236619472503662, 1.485776424407959, 1.546454668045044, 1.6070916652679443, 1.6692709922790527, 1.7312250137329102, 1.7923321723937988, 1.8531591892242432, 1.9146373271942139, 1.97782301902771, 2.038620710372925], "inference_loss": [3169.3583984375, 677.8408203125, -216.8916015625, -1145.490234375, -1588.78515625, -1641.091796875, -1506.4033203125, -1641.091796875, -1652.184326171875, -1652.184326171875, -1652.184326171875, -1652.184326171875, -1652.184326171875, -1652.184326171875, -1652.184326171875, -1652.184326171875, -1652.184326171875, -1652.184326171875, -1652.184326171875, -1652.184326171875, -1652.184326171875, -1652.184326171875, -1652.184326171875, -1652.184326171875, -1652.184326171875, -1652.184326171875, -1652.184326171875, -1652.184326171875, -1652.184326171875], "loss": [7080.7763671875, 5745.83544921875, 1649.363525390625, 1330.646240234375, 1090.71044921875, 634.0822143554688, -131.3414306640625, -746.0708618164062, -1072.864990234375, -1282.8302001953125, -1382.322021484375, -1452.446044921875, -1482.169677734375, -1501.4287109375, -1512.3173828125, -1521.1650390625, -1523.48779296875, -1524.3077392578125, -1522.54150390625, -1525.8612060546875, -1528.17333984375, -1527.9744873046875, -1528.8701171875, -1528.8603515625, -1528.403564453125, -1529.046142578125, -1528.0087890625, -1527.3876953125, -1528.5089111328125, -1652.184326171875], "time": [0.14891767501831055, 0.20985651016235352, 0.40639233589172363, 0.4715232849121094, 0.5334692001342773, 0.5944643020629883, 0.6554362773895264, 0.7163994312286377, 0.777367115020752, 0.8383665084838867, 0.8993284702301025, 1.0265250205993652, 1.0916733741760254, 1.152585744857788, 1.2135727405548096, 1.2735035419464111, 1.334437370300293, 1.3954267501831055, 1.4574594497680664, 1.518430233001709, 1.5794050693511963, 1.6414515972137451, 1.7034647464752197, 1.7644507884979248, 1.8254384994506836, 1.886389970779419, 1.9495103359222412, 2.0104548931121826, 2.0714259147644043, 2.0914664268493652]}