{"sample_time": [0.2994191646575928, 0.5883288383483887, 0.8262169361114502, 1.0772764682769775, 1.3165223598480225, 1.5642497539520264, 1.8286488056182861, 2.1009206771850586, 2.4000916481018066, 2.7106740474700928, 3.047832727432251, 3.4140818119049072, 3.753709077835083, 4.208243370056152, 4.499504327774048, 4.802953481674194, 5.104032516479492, 5.4023261070251465, 5.714547157287598, 5.988628387451172, 6.2743425369262695, 6.554053068161011, 6.841116189956665, 7.122453212738037, 7.407784938812256, 7.678632736206055, 7.991913318634033, 8.27429986000061, 8.54300594329834, 8.80855655670166, 9.075345039367676, 9.340571403503418, 9.596924066543579, 9.858611345291138, 10.10260272026062, 10.343436479568481, 10.60760235786438, 10.854737043380737, 11.115876913070679, 11.367851495742798, 11.615714073181152, 11.863176345825195, 12.099453449249268, 12.345023393630981, 12.589436769485474, 12.831559419631958, 13.078923463821411, 13.31566309928894, 13.566686630249023, 13.814292669296265, 14.062453508377075, 14.296077728271484, 14.536890268325806, 14.773091077804565, 15.031632900238037, 15.285151720046997, 15.51659870147705, 15.752656936645508, 15.982397556304932, 16.216667890548706, 16.44641351699829, 16.679511070251465, 16.908877849578857, 17.136534690856934, 17.369213581085205, 17.598355054855347, 17.827083826065063, 18.054295301437378, 18.280934810638428, 18.51136040687561], "forward_time": [0.42514681816101074, 0.6825361251831055, 0.9145452976226807, 1.1563317775726318, 1.3967347145080566, 1.6475837230682373, 1.9141719341278076, 2.19472336769104, 2.500311851501465, 2.82260799407959, 3.1674304008483887, 3.5299246311187744, 3.8581132888793945, 4.304379940032959, 4.593379020690918, 4.897714853286743, 5.194430589675903, 5.498632192611694, 5.8025689125061035, 6.074991703033447, 6.362510681152344, 6.6448516845703125, 6.9273786544799805, 7.2109174728393555, 7.490522861480713, 7.776227712631226, 8.078884601593018, 8.353342294692993, 8.62312650680542, 8.888924837112427, 9.15070104598999, 9.41308307647705, 9.66954255104065, 9.928076267242432, 10.169199705123901, 10.415172576904297, 10.678348064422607, 10.928377389907837, 11.186954021453857, 11.437210083007812, 11.68459677696228, 11.929316520690918, 12.168742418289185, 12.413256883621216, 12.657168865203857, 12.900434970855713, 13.14537501335144, 13.3849618434906, 13.63576078414917, 13.883254766464233, 14.12843632698059, 14.362385511398315, 14.602339029312134, 14.844069480895996, 15.10275936126709, 15.351417541503906, 15.581723928451538, 15.81641674041748, 16.04648232460022, 16.280986785888672, 16.511268377304077, 16.74466347694397, 16.973488092422485, 17.202433586120605, 17.434371948242188, 17.662791967391968, 17.891501426696777, 18.117984533309937, 18.34560203552246, 18.57801055908203], "inference_loss": [41769.25390625, 44299.46875, -2950.40380859375, -4599.12109375, -5781.478515625, -6545.01953125, -7148.525390625, -7934.5087890625, -7924.333984375, -7901.6884765625, -7708.34375, -8032.9140625, 1381.041015625, -8110.025390625, -8110.025390625, -8125.32421875, -8125.32421875, -8125.32421875, 1360.1875, 1360.1875, -7979.5791015625, -8110.025390625, -8110.025390625, -8110.025390625, -7637.9912109375, -8247.9921875, -8247.9921875, -8247.9921875, -8277.2607421875, -8277.2607421875, -8277.2607421875, -8277.2607421875, -8277.2607421875, -8418.3232421875, -8418.3232421875, -8418.3232421875, -8418.3232421875, -8418.3232421875, -8418.3232421875, -8418.3232421875, -8418.3232421875, -8418.3232421875, -8462.234375, -8418.3232421875, -8418.3232421875, -8462.234375, -8447.62109375, -8606.9951171875, -8606.9951171875, -8637.880859375, -8637.880859375, -8637.880859375, -8637.880859375, -8637.880859375, -8637.880859375, -8637.880859375, -8637.880859375, -8637.880859375, -8637.880859375, -8637.880859375, -8637.880859375, -8637.880859375, -8637.880859375, -8637.880859375, -8637.880859375, -8637.880859375, -8637.880859375, -8637.880859375, -8637.880859375, -8637.880859375], "loss": [9326.3740234375, 12594.029296875, 1279.61328125, -646.1707153320312, -1725.216796875, -3305.5615234375, -4687.8818359375, -6004.1025390625, -7015.04736328125, -7642.9384765625, -7936.2373046875, -8146.240234375, -7954.1376953125, -8011.1904296875, -8046.595703125, -8078.5947265625, -8092.15283203125, -8116.76806640625, -7456.0703125, -6430.8984375, -6495.55322265625, -6589.38671875, -6644.58349609375, -6663.38134765625, -6728.5224609375, -6792.11181640625, -6859.3017578125, -6903.642578125, -6963.978515625, -6998.2919921875, -7015.28076171875, -7044.697265625, -7067.94189453125, -7100.7880859375, -7142.88818359375, -7157.5849609375, -7189.84912109375, -7214.7607421875, -7245.60498046875, -7264.88623046875, -7295.12646484375, -7302.3525390625, -7332.37451171875, -7361.642578125, -7379.18017578125, -7396.947265625, -7418.98876953125, -7435.630859375, -7464.3154296875, -7482.3359375, -7503.6630859375, -7525.18505859375, -7541.64013671875, -7552.4931640625, -7578.96875, -7604.375, -7630.75244140625, -7632.92724609375, -7651.31689453125, -7926.40185546875, -8077.28564453125, -8127.72509765625, -8134.40625, -8140.57275390625, -8145.4326171875, -8148.76123046875, -8158.28564453125, -8164.8759765625, -8167.97216796875, -8180.21142578125, -8637.880859375], "time": [0.4866933822631836, 0.7457072734832764, 0.9858298301696777, 1.2176897525787354, 1.457780122756958, 1.720327615737915, 1.9894921779632568, 2.287320852279663, 2.5968070030212402, 2.933048725128174, 3.2993719577789307, 3.6390769481658936, 4.093599081039429, 4.384674072265625, 4.687563419342041, 4.98818302154541, 5.28669810295105, 5.600068807601929, 5.874266147613525, 6.159130334854126, 6.438722610473633, 6.726702451705933, 7.00841498374939, 7.293235540390015, 7.5644190311431885, 7.877904653549194, 8.160595178604126, 8.428619146347046, 8.694454908370972, 8.961379528045654, 9.22611665725708, 9.483059644699097, 9.7449631690979, 9.988104343414307, 10.23032546043396, 10.494023323059082, 10.741208791732788, 11.002824306488037, 11.254637002944946, 11.502339124679565, 11.750280380249023, 11.986259698867798, 12.232311964035034, 12.476855754852295, 12.71862006187439, 12.96660304069519, 13.203219175338745, 13.453678607940674, 13.701056241989136, 13.949962854385376, 14.18409514427185, 14.425041198730469, 14.661731719970703, 14.919164419174194, 15.173724889755249, 15.40511178970337, 15.64020586013794, 15.870965242385864, 16.105005264282227, 16.33475661277771, 16.56776237487793, 16.797422170639038, 17.025041103363037, 17.257334232330322, 17.486441373825073, 17.714478492736816, 17.943291187286377, 18.168855667114258, 18.399680137634277, 18.630759954452515, 18.88988494873047]}