{"sample_time": [0.6858859062194824, 1.6587059497833252, 2.6952576637268066, 3.870229482650757, 4.183176755905151, 4.7558088302612305, 5.367321968078613, 5.98806357383728, 6.599003314971924, 7.875274658203125, 8.837434530258179, 9.790161371231079, 12.116343259811401, 12.973737478256226, 13.87046766281128, 14.152978420257568, 14.74567723274231, 15.3355233669281, 16.01713466644287, 16.614630699157715, 17.203009128570557, 17.791139841079712, 18.379034996032715, 18.974307537078857, 19.56252098083496, 20.150681257247925, 20.74713373184204, 21.335021018981934, 21.98936653137207, 22.585819482803345], "forward_time": [0.836773157119751, 1.776841163635254, 2.796123504638672, 3.9648990631103516, 4.275713682174683, 4.8429436683654785, 5.452233076095581, 6.072271823883057, 6.683400392532349, 8.101476907730103, 8.933139562606812, 9.904446125030518, 12.200613737106323, 13.056284666061401, 13.950534582138062, 14.241673469543457, 14.826972484588623, 15.414799213409424, 16.09626841545105, 16.693408966064453, 17.28161096572876, 17.86987018585205, 18.45794653892517, 19.053333282470703, 19.64107608795166, 20.237930297851562, 20.828584909439087, 21.416054487228394, 22.0691556930542, 22.665616989135742], "inference_loss": [92527.8984375, 61177.28515625, 39502.52734375, 16768.92578125, -6098.861328125, -7288.2548828125, -8543.5185546875, -9106.767578125, -9726.921875, -10136.068359375, -9781.66015625, -10019.390625, -10019.390625, -9990.306640625, -10019.390625, -9990.306640625, -10019.390625, -10019.390625, -10019.390625, -10019.390625, -10019.390625, -9844.080078125, -9844.080078125, -9347.076171875, -9347.076171875, -9347.076171875, -9347.076171875, -9494.046875, -9347.076171875, -9347.076171875], "loss": [12284.0087890625, 13132.6513671875, 750.3468627929688, 416.0355224609375, 8.724853515625, -3143.659423828125, -5527.70654296875, -6678.212890625, -7480.72265625, -8112.07373046875, -8728.865234375, -9052.7353515625, -9282.89453125, -9393.529296875, -9407.849609375, -9447.27734375, -9460.775390625, -9487.7119140625, -9460.7265625, -9508.119140625, -9521.068359375, -9503.1650390625, -9533.6396484375, -9535.1328125, -9550.4638671875, -9554.419921875, -9557.35546875, -9547.4716796875, -9562.888671875, -9573.9345703125, -9347.076171875], "time": [1.628368616104126, 2.666421413421631, 3.8411457538604736, 4.150702238082886, 4.725073575973511, 5.336353778839111, 5.9537129402160645, 6.5641491413116455, 7.84212589263916, 8.805662393569946, 9.756970643997192, 12.082681894302368, 12.940358400344849, 13.83682107925415, 14.118366718292236, 14.710762023925781, 15.300931930541992, 15.982287645339966, 16.57979917526245, 17.167784929275513, 17.75584626197815, 18.343810081481934, 18.93914246559143, 19.5272159576416, 20.115292072296143, 20.711888313293457, 21.299827098846436, 21.95406413078308, 22.550576210021973, 23.14691424369812, 23.182486534118652]}