{"sample_time": [0.911170244216919, 1.1630666255950928, 1.268610954284668, 1.3756084442138672, 1.4812538623809814, 1.5868210792541504, 1.6934490203857422, 1.8009393215179443, 1.908461570739746, 2.0138142108917236, 2.1199395656585693, 2.226414680480957, 2.332676887512207, 2.4398810863494873, 2.546066999435425, 2.652183771133423, 2.7574756145477295, 2.8636910915374756, 2.969944953918457, 3.075075149536133, 3.1801345348358154, 3.285344123840332, 3.391639471054077, 3.4978771209716797, 3.6039814949035645, 3.710205316543579, 3.8164660930633545, 3.9226770401000977, 4.028947830200195, 4.135176181793213, 4.241431474685669, 4.346608877182007], "forward_time": [1.0856132507324219, 1.1865904331207275, 1.292694091796875, 1.3995988368988037, 1.5053613185882568, 1.6109974384307861, 1.717540979385376, 1.825242519378662, 1.9327685832977295, 2.0380349159240723, 2.1442549228668213, 2.250422239303589, 2.357006788253784, 2.464010000228882, 2.5701169967651367, 2.6763041019439697, 2.7816169261932373, 2.887899875640869, 2.994063377380371, 3.0991110801696777, 3.2042224407196045, 3.309439182281494, 3.415766477584839, 3.5219509601593018, 3.628045082092285, 3.7343544960021973, 3.840585708618164, 3.9468932151794434, 4.053268909454346, 4.1593005657196045, 4.265505313873291, 4.370678424835205], "inference_loss": [73.0, 73.0, 58.0, 51.0, 47.0, 29.0, 25.0, 20.0, 16.0, 13.0, 12.0, 9.0, 9.0, 9.0, 9.0, 9.0, 9.0, 9.0, 9.0, 9.0, 9.0, 9.0, 9.0, 9.0, 9.0, 9.0, 9.0, 9.0, 9.0, 9.0, 9.0, 9.0], "loss": [74.08053588867188, 74.1091537475586, 74.04640197753906, 71.35200500488281, 61.685302734375, 46.51193618774414, 35.978599548339844, 24.934213638305664, 19.85848617553711, 16.221946716308594, 13.901241302490234, 12.721726417541504, 11.918241500854492, 11.435504913330078, 11.1746244430542, 11.080682754516602, 10.980612754821777, 10.88946533203125, 10.832784652709961, 10.842377662658691, 10.83182144165039, 10.829618453979492, 10.783060073852539, 10.759824752807617, 10.757715225219727, 10.755541801452637, 10.770875930786133, 10.708938598632812, 10.693946838378906, 10.69640827178955, 10.692325592041016, 10.691886901855469, 9.0], "time": [1.1426665782928467, 1.2483627796173096, 1.3553593158721924, 1.4611444473266602, 1.5669596195220947, 1.6736352443695068, 1.781308889389038, 1.8888497352600098, 1.9942290782928467, 2.100456953048706, 2.2069101333618164, 2.313027858734131, 2.4204249382019043, 2.5265369415283203, 2.632744312286377, 2.7379300594329834, 2.844254970550537, 2.950408697128296, 3.0555191040039062, 3.1607065200805664, 3.2658464908599854, 3.372168779373169, 3.4783802032470703, 3.584451675415039, 3.690735340118408, 3.7969791889190674, 3.903198480606079, 4.009439945220947, 4.115580797195435, 4.221971035003662, 4.327111005783081, 4.4333319664001465, 4.452850580215454]}