{"sample_time": [5.405221700668335, 5.880437135696411, 6.002697229385376, 6.120356321334839, 6.236574411392212, 6.353454351425171, 6.4699320793151855, 6.586266279220581, 6.70341944694519, 6.820183992385864, 6.93688178062439, 7.053316593170166, 7.1698853969573975, 7.286401033401489, 7.401882171630859, 7.518426179885864, 7.63480806350708, 7.750226736068726, 7.8656651973724365, 7.981199026107788, 8.096409320831299, 8.212148666381836, 8.327915668487549, 8.443513631820679, 8.559112548828125, 8.674754619598389, 8.790364980697632, 8.906204223632812, 9.021783113479614, 9.138653039932251, 9.255220651626587, 9.370919942855835, 9.486564636230469, 9.602228879928589, 9.718086004257202], "forward_time": [5.781927108764648, 5.910547494888306, 6.029705047607422, 6.147104263305664, 6.26350212097168, 6.380325794219971, 6.496866941452026, 6.613130569458008, 6.73056435585022, 6.847255229949951, 6.963942050933838, 7.08039927482605, 7.197005271911621, 7.313591241836548, 7.4289491176605225, 7.545513391494751, 7.661837577819824, 7.777060031890869, 7.892563819885254, 8.007921934127808, 8.123467445373535, 8.2391996383667, 8.35509204864502, 8.470491647720337, 8.585993528366089, 8.701810598373413, 8.817585229873657, 8.93308138847351, 9.048735857009888, 9.165851593017578, 9.282181024551392, 9.397953987121582, 9.513531923294067, 9.62946105003357, 9.74490237236023], "inference_loss": [38.0, 73.0, 58.0, 50.0, 44.0, 29.0, 24.0, 20.0, 16.0, 13.0, 13.0, 11.0, 10.0, 9.0, 8.0, 9.0, 9.0, 8.0, 8.0, 8.0, 8.0, 8.0, 8.0, 8.0, 8.0, 8.0, 8.0, 8.0, 8.0, 8.0, 8.0, 8.0, 8.0, 8.0, 8.0], "loss": [74.08053588867188, 74.10916137695312, 74.0452880859375, 71.45703125, 62.057701110839844, 46.81397247314453, 36.286643981933594, 26.098445892333984, 21.323314666748047, 16.90016746520996, 14.860586166381836, 13.155427932739258, 12.2968111038208, 11.560572624206543, 11.108787536621094, 11.042740821838379, 10.896443367004395, 10.73386001586914, 10.670816421508789, 10.644784927368164, 10.644567489624023, 10.650847434997559, 10.63728141784668, 10.640653610229492, 10.632416725158691, 10.634349822998047, 10.641136169433594, 10.63951301574707, 10.632678031921387, 10.631109237670898, 10.630989074707031, 10.635008811950684, 10.629188537597656, 10.63058853149414, 10.597061157226562, 8.0], "time": [5.848683834075928, 5.974512577056885, 6.09242844581604, 6.209050178527832, 6.326451778411865, 6.44330358505249, 6.559862375259399, 6.677223205566406, 6.79428243637085, 6.910963535308838, 7.027609348297119, 7.144086122512817, 7.260678052902222, 7.376323699951172, 7.4926629066467285, 7.609216928482056, 7.724505424499512, 7.840038776397705, 7.955536365509033, 8.070846319198608, 8.186424255371094, 8.302199363708496, 8.417739868164062, 8.533469438552856, 8.649005889892578, 8.764841794967651, 8.8805570602417, 8.996066808700562, 9.112839460372925, 9.229523181915283, 9.34520173072815, 9.460952043533325, 9.576502323150635, 9.692450046539307, 9.80787706375122, 10.319555282592773]}