{"sample_time": [0.11335349082946777, 0.38868093490600586, 0.6495401859283447, 0.911165714263916, 1.1744239330291748, 1.4370577335357666, 1.7006540298461914, 1.9652879238128662, 2.2289879322052, 2.4934840202331543, 2.7694504261016846, 3.0262794494628906, 3.2809228897094727, 3.5367372035980225, 3.79105544090271, 4.045645236968994, 4.300184488296509, 4.554870367050171, 4.8105058670043945, 5.0653977394104, 5.320066452026367, 5.575251340866089, 5.829725503921509, 6.084213018417358, 6.338786840438843, 6.59352707862854, 6.848038673400879, 7.102807998657227, 7.357236385345459, 7.611952304840088, 7.866680860519409, 8.121061086654663, 8.375998497009277, 8.630620956420898, 8.884908676147461, 9.138022899627686, 9.39140272140503, 9.64557671546936, 9.898544549942017, 10.151798963546753, 10.404979467391968, 10.658219337463379, 10.898415803909302, 11.141577243804932, 11.382795333862305, 11.62266755104065, 11.863713026046753, 12.104862928390503, 12.346019744873047, 12.585942029953003, 12.825526714324951, 13.068284749984741, 13.309436082839966, 13.550883293151855, 13.79339051246643], "forward_time": [0.3589661121368408, 0.6174898147583008, 0.878577470779419, 1.140700340270996, 1.4033563137054443, 1.6658875942230225, 1.9294219017028809, 2.1941213607788086, 2.457730531692505, 2.7225115299224854, 2.97933292388916, 3.233745813369751, 3.4885313510894775, 3.744180917739868, 3.9985861778259277, 4.253121376037598, 4.507786512374878, 4.762317419052124, 5.018190622329712, 5.272820949554443, 5.528010606765747, 5.782482624053955, 6.036980628967285, 6.291575908660889, 6.546165466308594, 6.800848722457886, 7.055556058883667, 7.309964895248413, 7.564697742462158, 7.81937313079834, 8.07377290725708, 8.32870364189148, 8.583458423614502, 8.837758779525757, 9.090915203094482, 9.344255685806274, 9.598464250564575, 9.851398229598999, 10.104580879211426, 10.357787370681763, 10.61100697517395, 10.863329410552979, 11.105634689331055, 11.348020315170288, 11.587769508361816, 11.827829122543335, 12.070008516311646, 12.311190843582153, 12.551114082336426, 12.790650844573975, 13.033368349075317, 13.274620056152344, 13.516029596328735, 13.758588552474976, 13.999566555023193], "inference_loss": [-61524.0, -78595.578125, -85779.3125, -90080.734375, -90575.96875, -93145.9453125, -92718.328125, -92718.328125, -92387.4375, -76755.4921875, -76796.015625, -76796.015625, -76796.015625, -76796.015625, -76796.015625, -76796.015625, -76796.015625, -76796.015625, -92841.765625, -92841.765625, -92841.765625, -93665.53125, -93665.53125, -93665.53125, -93665.53125, -93665.53125, -93665.53125, -93665.53125, -93665.53125, -93665.53125, -93918.7890625, -93918.7890625, -93918.7890625, -93918.7890625, -93942.25, -93942.25, -93942.25, -93942.25, -93942.25, -93942.25, -93942.25, -93942.25, -93942.25, -93942.25, -93942.25, -93942.25, -93942.25, -93942.25, -93942.25, -93942.25, -93942.25, -93942.25, -93942.25, -93942.25, -93942.25], "loss": [3039.546630859375, -12394.5390625, -53796.5078125, -64120.69140625, -74523.625, -86082.1875, -91110.859375, -92328.1328125, -92669.5, -92813.578125, -92984.1953125, -93030.875, -92939.1640625, -92624.28125, -91942.828125, -90536.078125, -87666.4609375, -82025.671875, -82242.1171875, -82419.7890625, -82442.5703125, -82622.2265625, -82849.921875, -83522.8046875, -83792.5078125, -84121.703125, -84489.46875, -84986.2890625, -85096.6953125, -85505.734375, -86253.0234375, -86702.59375, -87112.4921875, -89991.15625, -91215.5625, -91812.4921875, -92026.3046875, -92280.359375, -92354.0078125, -92404.5625, -92436.0546875, -92440.890625, -92457.5625, -92464.0625, -92460.8671875, -92490.5078125, -92491.0, -92488.5546875, -92491.984375, -92482.8359375, -92530.625, -92509.6796875, -92528.09375, -92529.421875, -92530.0234375, -93942.25], "time": [0.37396955490112305, 0.6341433525085449, 0.8964130878448486, 1.1595866680145264, 1.4222254753112793, 1.685854434967041, 1.9504354000091553, 2.2140870094299316, 2.4787051677703857, 2.754535675048828, 3.0114102363586426, 3.2659544944763184, 3.521794080734253, 3.7762179374694824, 4.030754804611206, 4.28529167175293, 4.539956331253052, 4.795567274093628, 5.0504279136657715, 5.305089473724365, 5.560211896896362, 5.8147149085998535, 6.069192171096802, 6.32374906539917, 6.5785603523254395, 6.833004474639893, 7.087768077850342, 7.342174530029297, 7.596911430358887, 7.8516526222229, 8.10602593421936, 8.360998392105103, 8.615670442581177, 8.869948863983154, 9.123054265975952, 9.376371383666992, 9.630597591400146, 9.883599996566772, 10.136754512786865, 10.389993667602539, 10.643213748931885, 10.88348126411438, 11.1266508102417, 11.36793851852417, 11.607743263244629, 11.84878134727478, 12.089914798736572, 12.331158638000488, 12.57107162475586, 12.810601711273193, 13.053330183029175, 13.294595003128052, 13.535998582839966, 13.778552532196045, 14.019471645355225, 14.034495830535889]}