{"sample_time": [0.2562835216522217, 0.6918485164642334, 1.0954442024230957, 1.499631643295288, 1.907292127609253, 2.322334051132202, 2.735600471496582, 3.1415398120880127, 3.546739101409912, 3.9595131874084473, 4.390352964401245, 4.788085222244263, 5.181444406509399, 5.5756330490112305, 5.968061923980713, 6.360300779342651, 6.752780199050903, 7.144184350967407, 7.535165548324585, 7.92090916633606, 8.303529500961304, 8.686315536499023, 9.076178312301636, 9.464353799819946, 9.847615242004395, 10.22735071182251, 10.60971999168396, 10.984541177749634, 11.361192464828491, 11.741201400756836, 12.129566431045532, 12.514419078826904, 12.895324468612671, 13.270293474197388, 13.6491379737854, 14.020220518112183, 14.391711950302124, 14.761521577835083, 15.124886274337769, 15.495293855667114, 15.870175123214722, 16.24532389640808, 16.612276077270508, 16.981245756149292, 17.346316814422607, 17.719115734100342, 18.08116316795349, 18.44434380531311, 18.809650182724, 19.18266797065735, 19.556468963623047, 19.932566165924072, 20.306344270706177, 20.67960023880005], "forward_time": [0.6427340507507324, 1.044520616531372, 1.4490301609039307, 1.85532808303833, 2.2701101303100586, 2.6832969188690186, 3.0892860889434814, 3.494502544403076, 3.9065334796905518, 4.326252222061157, 4.725139379501343, 5.117488861083984, 5.511557340621948, 5.905317783355713, 6.297608852386475, 6.689891576766968, 7.081493377685547, 7.472765684127808, 7.858525037765503, 8.241215944290161, 8.623935461044312, 9.01372218132019, 9.40141773223877, 9.785727977752686, 10.164510011672974, 10.548044681549072, 10.922833681106567, 11.299365997314453, 11.679258823394775, 12.067362308502197, 12.45255446434021, 12.832488298416138, 13.208688974380493, 13.587299346923828, 13.968171119689941, 14.34082818031311, 14.709697723388672, 15.074288129806519, 15.443508386611938, 15.81825590133667, 16.193386554718018, 16.560307264328003, 16.929296493530273, 17.294585704803467, 17.667022228240967, 18.030340433120728, 18.392736434936523, 18.75768232345581, 19.13034677505493, 19.504438400268555, 19.880693197250366, 20.254436492919922, 20.627736568450928, 21.00642204284668], "inference_loss": [-61524.0, -78595.578125, -85779.3125, -90080.734375, -90575.96875, -93715.0, -92898.828125, -92718.328125, -92387.4375, -76755.4921875, -76796.015625, -76796.015625, -76796.015625, -76796.015625, -76796.015625, -76796.015625, -76796.015625, -76796.015625, -76802.5, -76802.5, -76802.5, -93620.828125, -94940.28125, -95124.875, -95124.875, -95124.875, -95187.71875, -95187.71875, -95187.71875, -95187.71875, -95187.71875, -95187.71875, -95187.71875, -95201.6875, -95201.6875, -95201.6875, -95201.6875, -95201.6875, -95201.6875, -95201.6875, -95201.6875, -95201.6875, -95201.6875, -95201.6875, -95201.6875, -95201.6875, -95201.6875, -95201.6875, -95201.6875, -95201.6875, -95201.6875, -95201.6875, -95201.6875, -95201.6875], "loss": [3039.54638671875, -12394.556640625, -53809.0703125, -64101.01171875, -74498.703125, -86058.0625, -91111.078125, -92314.578125, -92658.671875, -92790.9921875, -92969.5859375, -93014.7109375, -92925.4375, -92604.8203125, -91923.5625, -90519.2109375, -87657.5, -81981.1328125, -70816.78125, -48735.35546875, -4277.5546875, -18118.71875, -39618.7890625, -82527.4765625, -90986.5078125, -91304.109375, -91413.7109375, -91498.2734375, -91526.125, -91563.3359375, -91568.359375, -91576.6796875, -91594.28125, -91607.5078125, -91623.3359375, -91614.859375, -91494.984375, -91614.734375, -91621.4375, -91636.21875, -91659.8359375, -91635.46875, -91652.90625, -91671.46875, -91657.4140625, -91677.640625, -91668.390625, -91693.8125, -91697.9921875, -91693.046875, -91695.890625, -91695.53125, -91737.375, -91738.9296875, -95209.34375], "time": [0.6585628986358643, 1.0622119903564453, 1.4667081832885742, 1.8729958534240723, 2.2877626419067383, 2.700974941253662, 3.1069233417510986, 3.5121700763702393, 3.92429780960083, 4.35506534576416, 4.7529003620147705, 5.146496057510376, 5.5404887199401855, 5.933061838150024, 6.3254430294036865, 6.717694044113159, 7.109350204467773, 7.500583648681641, 7.886154413223267, 8.268890619277954, 8.65154767036438, 9.041546821594238, 9.430134773254395, 9.813398838043213, 10.193259239196777, 10.575637102127075, 10.950516939163208, 11.327099800109863, 11.70705270767212, 12.09517788887024, 12.480337142944336, 12.86119270324707, 13.236329793930054, 13.615002393722534, 13.985987186431885, 14.357497692108154, 14.727397918701172, 15.090927839279175, 15.461189031600952, 15.83594822883606, 16.21107006072998, 16.57804775238037, 16.94705295562744, 17.312262535095215, 17.68471360206604, 18.046968698501587, 18.41041851043701, 18.77539896965027, 19.148103952407837, 19.52213716506958, 19.898396015167236, 20.27212953567505, 20.645423889160156, 21.024179220199585, 21.16387438774109]}