{"sample_time": [3.3107833862304688, 4.418412208557129, 6.0251874923706055, 7.502725601196289, 8.97956657409668, 10.448318243026733, 11.851782083511353, 13.244127035140991, 14.631924629211426, 16.028010368347168, 17.427465438842773, 18.827169179916382, 20.227606296539307, 21.623642444610596, 23.024524450302124, 24.423681259155273, 25.826956272125244, 27.227794647216797, 28.62860345840454, 30.028112173080444, 31.415929079055786, 32.82418942451477, 34.22424244880676, 35.62480115890503, 37.02422595024109, 38.42438101768494, 39.82819581031799, 41.22827219963074, 42.628554582595825, 44.0324273109436, 45.43642067909241, 46.8281888961792, 48.2285852432251, 49.62437176704407, 51.0279700756073], "forward_time": [4.063899040222168, 5.086398601531982, 6.589247941970825, 8.063648462295532, 9.538955211639404, 11.001020193099976, 12.400664806365967, 13.786206722259521, 15.177736282348633, 16.575183629989624, 17.972758531570435, 19.376373052597046, 20.77348566055298, 22.171852588653564, 23.57128882408142, 24.97445058822632, 26.377319812774658, 27.778075218200684, 29.177072763442993, 30.574326992034912, 31.97173261642456, 33.37220287322998, 34.77301621437073, 36.17482233047485, 37.57507276535034, 38.979552268981934, 40.37972831726074, 41.77923035621643, 43.180532693862915, 44.58713436126709, 45.9866201877594, 47.379188537597656, 48.77794861793518, 50.180479764938354, 51.58451437950134], "inference_loss": [170041.078125, 80012.2421875, 20010.83984375, 6.039956569671631, 1.9083685874938965, -1.4653863906860352, -1.4653863906860352, -2.180666923522949, -2.1560473442077637, -2.0501761436462402, -2.7788259983062744, -2.4242076873779297, -2.2633767127990723, -2.517347812652588, -3.12628173828125, -3.12628173828125, -3.12628173828125, -3.12628173828125, -2.949324607849121, -2.9009180068969727, -2.9009180068969727, -3.12628173828125, -3.12628173828125, -3.12628173828125, -3.12628173828125, -3.12628173828125, -3.12628173828125, -3.12628173828125, -3.12628173828125, -3.12628173828125, -3.12628173828125, -3.12628173828125, -3.12628173828125, -3.12628173828125, -3.12628173828125], "loss": [50.08808898925781, 58.68924331665039, 39.992408752441406, 16.859289169311523, 6.214521884918213, 1.1104071140289307, 0.08379369974136353, -0.19766274094581604, -0.8399035930633545, -1.1249234676361084, -1.4211101531982422, -1.2906246185302734, -1.4748973846435547, -1.6717244386672974, -1.6844329833984375, -1.734786033630371, -1.9531559944152832, -1.914169192314148, -1.9721745252609253, -2.0085153579711914, -2.0853781700134277, -2.242722749710083, -2.4191861152648926, -2.4453835487365723, -2.528768539428711, -2.4026918411254883, -2.5941739082336426, -2.6691994667053223, -2.621384859085083, -2.691204071044922, -2.664924144744873, -2.666069984436035, -2.686337947845459, -2.705270290374756, -2.709104537963867, -3.12628173828125], "time": [4.383297681808472, 5.9875476360321045, 7.467529296875, 8.94758677482605, 10.423426628112793, 11.826856851577759, 13.219595670700073, 14.607399940490723, 16.003548622131348, 17.402901649475098, 18.799503326416016, 20.202994346618652, 21.599106550216675, 22.99989914894104, 24.39875555038452, 25.79888653755188, 27.202781915664673, 28.603491067886353, 30.003186464309692, 31.39092206954956, 32.7992947101593, 34.19921278953552, 35.59979176521301, 36.999221086502075, 38.39947462081909, 39.803205728530884, 41.2033908367157, 42.60347890853882, 44.007444858551025, 45.411364793777466, 46.80327391624451, 48.2036657333374, 49.59939002990723, 51.00303554534912, 52.4073383808136, 52.43230104446411]}