{"sample_time": [4.987797737121582, 6.044920206069946, 7.058549404144287, 7.961658000946045, 8.865657329559326, 9.762460470199585, 10.646729707717896, 11.520552635192871, 12.330376625061035, 13.136215448379517, 13.942032814025879, 14.743861675262451, 15.546277284622192, 16.351791858673096, 17.153613328933716, 17.958948850631714, 18.76265525817871, 19.560792922973633, 20.36266303062439, 21.162420511245728, 21.96580696105957, 22.76933789253235, 23.572174310684204, 24.375635623931885, 25.17854642868042, 25.982897758483887, 26.78565239906311, 27.58932375907898, 28.392386436462402, 29.196062326431274, 30.000192403793335, 30.803314685821533, 31.60741138458252, 32.410887479782104, 33.214383602142334, 34.017839670181274, 34.82110381126404, 35.62385869026184, 36.427199840545654, 37.23031806945801, 38.03293037414551], "forward_time": [5.682864189147949, 6.702564716339111, 7.610982656478882, 8.514437913894653, 9.412944316864014, 10.308063507080078, 11.188235759735107, 12.058953523635864, 12.864908456802368, 13.670315504074097, 14.476667165756226, 15.279881000518799, 16.080164194107056, 16.886425256729126, 17.68851113319397, 18.491477251052856, 19.293832302093506, 20.09582209587097, 20.895756006240845, 21.69443941116333, 22.498295307159424, 23.301876306533813, 24.105381965637207, 24.908588409423828, 25.712058305740356, 26.51518678665161, 27.318544387817383, 28.121373414993286, 28.925132751464844, 29.729010105133057, 30.53257966041565, 31.33621907234192, 32.14016318321228, 32.94340896606445, 33.74713325500488, 34.54969310760498, 35.35355758666992, 36.15622067451477, 36.960397481918335, 37.76240587234497, 38.56669354438782], "inference_loss": [220047.125, 120020.9765625, 40016.8203125, 40016.79296875, 5.845525741577148, 0.5042896270751953, -0.9148454666137695, -2.249770164489746, -3.079470157623291, -3.827040195465088, -3.827040195465088, -3.7414608001708984, -3.2521276473999023, -3.939953327178955, -3.9233202934265137, -4.190593242645264, -4.336737632751465, -4.703550338745117, -4.703550338745117, -4.703550338745117, -5.265993118286133, -4.859794616699219, -4.1999125480651855, -4.859794616699219, -4.1999125480651855, -5.265993118286133, -5.265993118286133, -5.265993118286133, -5.265993118286133, -5.265993118286133, -5.265993118286133, -5.265993118286133, -5.265993118286133, -5.265993118286133, -5.265993118286133, -5.265993118286133, -5.265993118286133, -5.265993118286133, -5.265993118286133, -5.265993118286133, -5.265993118286133], "loss": [48.111968994140625, 61.1649169921875, 40.977989196777344, 43.169578552246094, 12.2937650680542, 3.518069267272949, 0.42685773968696594, -0.6961238384246826, -1.1003336906433105, -1.583742380142212, -1.9200642108917236, -2.0261764526367188, -2.2671971321105957, -2.4610116481781006, -2.8815689086914062, -2.902653694152832, -3.224639892578125, -3.3066301345825195, -3.4819693565368652, -3.476529121398926, -3.6538164615631104, -3.6539647579193115, -3.717156410217285, -3.9132838249206543, -3.999540328979492, -4.087025165557861, -4.162530899047852, -4.435297012329102, -4.558560848236084, -4.690084457397461, -4.696691513061523, -4.64943790435791, -4.730262279510498, -4.704702377319336, -4.732028007507324, -4.693902492523193, -4.737022399902344, -4.695202827453613, -4.698815822601318, -4.70106315612793, -4.700685501098633, -5.265993118286133], "time": [5.996149301528931, 7.0142662525177, 7.9214887619018555, 8.825233459472656, 9.722902297973633, 10.61471176147461, 11.490472316741943, 12.295472145080566, 13.101335048675537, 13.907100200653076, 14.713073492050171, 15.515513181686401, 16.31687569618225, 17.1228129863739, 17.923667430877686, 18.72743320465088, 19.52966022491455, 20.331453800201416, 21.13140606880188, 21.93050265312195, 22.7340247631073, 23.53830075263977, 24.340352773666382, 25.1442711353302, 25.947598218917847, 26.750428438186646, 27.553968906402588, 28.357197284698486, 29.160802602767944, 29.96488070487976, 30.768070697784424, 31.571902751922607, 32.37551021575928, 33.17906832695007, 33.98257923126221, 34.785765171051025, 35.5882887840271, 36.39184832572937, 37.19493889808655, 37.99772930145264, 38.80128312110901, 38.83665060997009]}