{"sample_time": [12.704646587371826, 14.245470762252808, 16.044439554214478, 17.701826572418213, 19.35834264755249, 21.001829862594604, 22.639830827713013, 24.274004459381104, 25.893702507019043, 27.43509793281555, 28.970530033111572, 30.511967182159424, 32.04458570480347, 33.57954478263855, 35.119933128356934, 36.65546917915344, 38.192137002944946, 39.725162744522095, 41.25873398780823, 42.79720449447632, 44.32679009437561, 45.85946774482727, 47.4133038520813, 48.96329855918884, 50.49943494796753, 52.03782558441162, 53.5792236328125, 55.12313485145569, 56.663777351379395, 58.20734739303589, 59.74889636039734], "forward_time": [13.841402530670166, 15.290881633758545, 16.918124437332153, 18.569983959197998, 20.22870898246765, 21.867791652679443, 23.501542806625366, 25.123241662979126, 26.74377179145813, 28.27821922302246, 29.82008719444275, 31.35460329055786, 32.88782739639282, 34.42308306694031, 35.963242530822754, 37.50000071525574, 39.03360462188721, 40.567452907562256, 42.10642719268799, 43.63638353347778, 45.16800808906555, 46.72002458572388, 48.27123284339905, 49.80209922790527, 51.34536290168762, 52.88843274116516, 54.42669439315796, 55.96924710273743, 57.51089382171631, 59.05283999443054, 60.59414625167847], "inference_loss": [220047.125, 110021.34375, 30017.1640625, 20010.873046875, 0.8825960159301758, 0.651118278503418, -2.489760398864746, -2.5790281295776367, -2.16049861907959, -2.223569869995117, -3.327991485595703, -3.863325595855713, -3.363727569580078, -3.863325595855713, -4.085483551025391, -4.1999125480651855, -4.1999125480651855, -4.1999125480651855, -4.090416431427002, -4.090416431427002, -4.402766227722168, -4.516330242156982, -4.1999125480651855, -4.516330242156982, -4.580209732055664, -4.741640090942383, -4.741640090942383, -4.741640090942383, -4.741640090942383, -4.741640090942383, -4.741640090942383], "loss": [48.111976623535156, 61.115875244140625, 41.155887603759766, 36.202083587646484, 12.98746395111084, 3.9482319355010986, 0.6087695956230164, -0.4132223129272461, -0.9596740007400513, -1.3520711660385132, -1.596703052520752, -1.8876899480819702, -2.165860176086426, -2.3623220920562744, -2.6714394092559814, -2.6694257259368896, -2.9404101371765137, -3.1761698722839355, -3.3110809326171875, -3.3195130825042725, -3.550037384033203, -3.6602749824523926, -3.738809823989868, -3.945758819580078, -3.9661359786987305, -4.070746421813965, -4.050844192504883, -4.2121357917785645, -4.182930946350098, -4.2256011962890625, -4.209837913513184, -4.741640090942383], "time": [14.198270082473755, 15.998953819274902, 17.65955114364624, 19.311513900756836, 20.968361377716064, 22.60772204399109, 24.241616010665894, 25.86262011528015, 27.404027938842773, 28.938188791275024, 30.479880809783936, 32.01265215873718, 33.54757857322693, 35.08319854736328, 36.622947692871094, 38.16007208824158, 39.692859172821045, 41.22661113739014, 42.7650842666626, 44.29469680786133, 45.82728838920593, 47.38040590286255, 48.93060564994812, 50.46219754219055, 52.00479769706726, 53.54631590843201, 55.08701729774475, 56.62777638435364, 58.17133593559265, 59.71284365653992, 61.253148555755615, 61.48053574562073]}