{"sample_time": [8.401378154754639, 9.982050895690918, 11.988218545913696, 13.83319902420044, 15.665714979171753, 17.432690143585205, 19.211600303649902, 20.913119554519653, 22.611655473709106, 24.308874368667603, 26.001296043395996, 27.69653630256653, 29.39317011833191, 31.08663558959961, 32.7830593585968, 34.48017597198486, 36.1819543838501, 37.88053894042969, 39.58550429344177, 41.28581261634827, 42.989795446395874, 44.69723176956177, 46.40615677833557, 48.10713028907776, 49.81022024154663, 51.51030158996582, 53.212637186050415, 54.91711688041687, 56.62034511566162, 58.32587218284607], "forward_time": [9.5788733959198, 11.025425910949707, 12.88521957397461, 14.702548027038574, 16.537282466888428, 18.29347014427185, 20.061763286590576, 21.761625051498413, 23.45876431465149, 25.15044403076172, 26.846296310424805, 28.54339599609375, 30.236438989639282, 31.93373203277588, 33.63012981414795, 35.33208417892456, 37.03066277503967, 38.73389744758606, 40.43569779396057, 42.13717198371887, 43.84716486930847, 45.5563325881958, 47.25792050361633, 48.960601568222046, 50.65983819961548, 52.364285469055176, 54.06801915168762, 55.769447803497314, 57.476892709732056, 59.182435750961304], "inference_loss": [170041.078125, 80012.2421875, 20012.12890625, 6.709863662719727, -0.7042276859283447, -1.4653863906860352, -1.4653863906860352, -2.1560473442077637, -1.9415836334228516, -2.180666923522949, -2.180666923522949, -2.2633767127990723, -2.4194536209106445, -3.12628173828125, -3.12628173828125, -3.12628173828125, -3.12628173828125, -3.12628173828125, -3.12628173828125, -3.12628173828125, -2.8003227710723877, -3.12628173828125, -3.12628173828125, -3.12628173828125, -3.12628173828125, -3.12628173828125, -3.12628173828125, -3.12628173828125, -3.12628173828125, -3.12628173828125], "loss": [50.08808135986328, 58.559814453125, 39.37847137451172, 17.097076416015625, 6.334903717041016, 1.0858234167099, 0.02190721035003662, -0.2646823525428772, -0.850435733795166, -1.154630422592163, -1.3973102569580078, -1.2999666929244995, -1.417560338973999, -1.6858763694763184, -1.6932299137115479, -1.7379876375198364, -1.9396153688430786, -1.8349971771240234, -1.9380791187286377, -2.0481667518615723, -2.17578125, -2.2945706844329834, -2.444993734359741, -2.493596076965332, -2.5731310844421387, -2.5689995288848877, -2.6510491371154785, -2.643065929412842, -2.673262119293213, -2.6616649627685547, -3.12628173828125], "time": [9.944042205810547, 11.947348594665527, 13.795589685440063, 15.63164758682251, 17.406351804733276, 19.18527388572693, 20.886027336120605, 22.58534598350525, 24.282548189163208, 25.97509789466858, 27.67028546333313, 29.366732358932495, 31.060173749923706, 32.756428241729736, 34.45358920097351, 36.15535235404968, 37.85382962226868, 39.557969093322754, 41.259520530700684, 42.96221923828125, 44.67053580284119, 46.37940287590027, 48.080403566360474, 49.78356146812439, 51.48343372344971, 53.18597650527954, 54.89034867286682, 56.59363603591919, 58.299323081970215, 60.00629377365112, 60.27481245994568]}