{"sample_time": [0.5553348064422607, 2.2065510749816895, 3.7891242504119873, 5.187072277069092, 6.466480255126953, 7.720593690872192, 8.958235025405884, 10.196407794952393, 11.434845924377441, 12.682703971862793, 13.934901237487793, 15.160934448242188, 16.393017292022705, 17.63975977897644, 18.883190631866455, 20.09701156616211, 21.310478448867798, 22.534414291381836, 23.778505086898804, 24.99077320098877, 26.21040987968445, 27.42994475364685, 28.66149616241455, 29.876963138580322, 31.08528423309326, 32.32079315185547, 33.544270753860474, 34.760828256607056, 35.96676182746887, 37.1908483505249, 38.39911222457886, 39.60991644859314, 40.8069806098938, 42.007142543792725, 43.22425055503845, 44.44705033302307, 45.654430866241455, 46.86863613128662, 48.09241795539856, 49.30453419685364, 50.48028087615967, 51.645451068878174, 52.80083680152893, 53.95659637451172, 55.12507367134094, 56.28033781051636, 57.45979332923889, 58.640294551849365, 59.80671453475952], "forward_time": [2.0047357082366943, 3.6158125400543213, 5.021418333053589, 6.298322916030884, 7.551991701126099, 8.789639472961426, 10.027286767959595, 11.262671709060669, 12.510586261749268, 13.762412309646606, 14.989496946334839, 16.219064712524414, 17.468793630599976, 18.711191415786743, 19.92440629005432, 21.139384508132935, 22.362058639526367, 23.605372667312622, 24.817671537399292, 26.036056518554688, 27.258517026901245, 28.48897695541382, 29.702852964401245, 30.911591291427612, 32.14894509315491, 33.37142872810364, 34.587965965270996, 35.794628620147705, 37.01766061782837, 38.22688913345337, 39.437886476516724, 40.63597655296326, 41.83636283874512, 43.053324699401855, 44.2747642993927, 45.48224472999573, 46.695587158203125, 47.92048406600952, 49.13358688354492, 50.351579666137695, 51.51678967475891, 52.672210693359375, 53.82756233215332, 54.99605941772461, 56.151365756988525, 57.33096241950989, 58.50990867614746, 59.67606735229492, 60.834630489349365], "inference_loss": [43.0, 373316.6875, -155793.09375, -179183.15625, -185126.90625, -186041.046875, -189303.53125, -189466.03125, -189722.90625, -188405.125, -188593.125, -188994.25, -189800.9375, -188240.3125, -185848.328125, -188457.859375, -186866.84375, -186859.921875, -185835.84375, -173281.328125, -188206.9375, -188206.9375, -188206.9375, -188206.9375, -173281.328125, -173281.328125, -173281.328125, -173281.328125, -173281.328125, -187774.03125, -188206.9375, -188206.9375, -192210.59375, -192210.59375, -192210.59375, -192210.59375, -192210.59375, -192210.59375, -192210.59375, -192210.59375, -192210.59375, -192210.59375, -192210.59375, -192210.59375, -192210.59375, -192210.59375, -192210.59375, -192210.59375, -192210.59375], "loss": [28301.29296875, 63209.19921875, -79801.546875, -124796.921875, -146635.59375, -163530.53125, -172350.953125, -176913.53125, -179176.53125, -180177.8125, -181301.453125, -182058.625, -182551.125, -183185.96875, -183781.21875, -184111.59375, -184353.96875, -184492.546875, -184660.984375, -184669.75, -184655.171875, -184757.71875, -184852.53125, -184879.875, -184625.609375, -184376.78125, -183585.453125, -182067.71875, -179042.890625, -179225.59375, -179534.03125, -180270.375, -181540.15625, -183319.015625, -183762.9375, -183888.484375, -183982.25, -184042.5625, -184118.96875, -184140.53125, -184184.609375, -184217.09375, -184283.859375, -184301.09375, -184340.25, -184369.28125, -184400.015625, -184451.890625, -184500.40625, -192210.59375], "time": [2.0914793014526367, 3.707214117050171, 5.108665704727173, 6.387403249740601, 7.641279935836792, 8.879996299743652, 10.116586923599243, 11.355051755905151, 12.6025550365448, 13.853801727294922, 15.080930233001709, 16.313205003738403, 17.55958366394043, 18.802980661392212, 20.01676297187805, 21.230643033981323, 22.454315185546875, 23.698732376098633, 24.910056114196777, 26.130234718322754, 27.349740982055664, 28.581345796585083, 29.79692578315735, 31.004578590393066, 32.240914821624756, 33.46401500701904, 34.68106007575989, 35.88699460029602, 37.11001944541931, 38.31884717941284, 39.52950072288513, 40.72727870941162, 41.927857637405396, 43.1444890499115, 44.36695837974548, 45.574761152267456, 46.78866386413574, 48.0125150680542, 49.224977254867554, 50.39990258216858, 51.56564784049988, 52.7209632396698, 53.876458168029785, 55.04491567611694, 56.20024514198303, 57.379841804504395, 58.559775590896606, 59.72598171234131, 60.88335037231445, 61.11181712150574]}