{"sample_time": [0.2720513343811035, 1.3107173442840576, 2.3157615661621094, 3.210557222366333, 4.018930673599243, 4.815425157546997, 5.602225065231323, 6.385600805282593, 7.167296409606934, 7.946564674377441, 8.728088855743408, 9.511029243469238, 10.288177251815796, 11.066906690597534, 11.844025373458862, 12.617605209350586, 13.392541885375977, 14.166234970092773, 14.942172527313232, 15.715518712997437, 16.4875066280365, 17.25973629951477, 18.033945083618164, 18.807894229888916, 19.577648639678955, 20.347864627838135, 21.12322998046875, 21.89087724685669, 22.65841817855835, 23.424898147583008, 24.192076206207275, 24.95784568786621, 25.722458362579346], "forward_time": [1.1870288848876953, 2.2038114070892334, 3.1041500568389893, 3.9143993854522705, 4.710530042648315, 5.498369216918945, 6.28064751625061, 7.062434434890747, 7.841616630554199, 8.623143672943115, 9.406176328659058, 10.183094501495361, 10.962250232696533, 11.739030838012695, 12.512827634811401, 13.287418365478516, 14.061290979385376, 14.837144613265991, 15.61044955253601, 16.382518529891968, 17.1547532081604, 17.929057836532593, 18.702049493789673, 19.472781658172607, 20.243073225021362, 21.017224311828613, 21.785888195037842, 22.553608894348145, 23.31997036933899, 24.087156534194946, 24.852755784988403, 25.616522312164307, 26.382006406784058], "inference_loss": [43.0, 373316.6875, -155793.09375, -178938.90625, -185126.90625, -186041.046875, -189303.53125, -189419.71875, -190402.984375, -188405.125, -187629.625, -191586.6875, -191663.625, -189937.5, -188253.90625, -188205.78125, -188148.0625, -186068.875, -186015.125, -188525.03125, -186015.125, -188206.9375, -188206.9375, -184766.0625, -173281.328125, -173281.328125, -173281.328125, -173281.328125, -173281.328125, -173281.328125, -184352.953125, -187011.703125, -187011.703125], "loss": [28301.29296875, 63209.19140625, -79802.3203125, -124994.9140625, -146939.78125, -163864.859375, -172502.0, -176984.828125, -179233.78125, -180128.703125, -181345.421875, -182079.5625, -182635.875, -183287.671875, -183889.21875, -184161.46875, -184402.375, -184528.46875, -184691.5625, -184788.546875, -184802.515625, -184869.734375, -184997.5625, -184988.578125, -184876.5, -184702.0, -184334.78125, -183618.296875, -182126.71875, -179065.796875, -179163.15625, -179282.71875, -179519.640625, -188554.96875], "time": [1.267742395401001, 2.280323028564453, 3.1782925128936768, 3.985870122909546, 4.782225608825684, 5.569137334823608, 6.352429628372192, 7.134102821350098, 7.9132161140441895, 8.694881677627563, 9.477854251861572, 10.254863023757935, 11.033828973770142, 11.810701131820679, 12.584501504898071, 13.35922360420227, 14.13306474685669, 14.908784866333008, 15.682214260101318, 16.45428490638733, 17.226521253585815, 18.0007381439209, 18.77477216720581, 19.544485807418823, 20.31475853919983, 21.090027809143066, 21.857595205307007, 22.625235557556152, 23.391757488250732, 24.15876078605652, 24.924474716186523, 25.68927836418152, 26.453723430633545, 26.48709225654602]}