{"sample_time": [0.46497607231140137, 1.3531041145324707, 2.192350387573242, 2.964123249053955, 3.729381561279297, 4.490699052810669, 5.256064414978027, 6.0213518142700195, 6.802981853485107, 7.559771299362183, 8.310960531234741, 9.058080911636353, 9.797253370285034, 10.532737493515015, 11.256683111190796, 11.975812673568726, 12.69118881225586, 13.406974077224731, 14.123987197875977, 14.83497929573059, 15.54201889038086, 16.25089740753174, 16.958258152008057, 17.66079044342041, 18.365467309951782, 19.069082260131836, 19.77620530128479, 20.47928738594055, 21.18378496170044, 21.887214183807373, 22.589643478393555, 23.295188665390015, 23.999573230743408, 24.70010018348694, 25.402507781982422, 26.10398006439209, 26.806249618530273, 27.513031005859375, 28.2162823677063, 28.9183030128479, 29.62001347541809, 30.318099975585938, 31.022243976593018, 31.72544813156128, 32.42601251602173, 33.125884771347046, 33.82732081413269, 34.527177810668945, 35.22999572753906, 35.93208956718445, 36.630967140197754, 37.32950448989868, 38.03087830543518, 38.73160243034363, 39.43147349357605, 40.13195300102234, 40.83208608627319, 41.53313732147217, 42.23447895050049], "forward_time": [1.2605836391448975, 2.0935845375061035, 2.88962721824646, 3.6568613052368164, 4.420172452926636, 5.184589624404907, 5.950117588043213, 6.7135491371154785, 7.4683568477630615, 8.219706296920776, 8.967212200164795, 9.70699143409729, 10.443185567855835, 11.167305707931519, 11.884397506713867, 12.600768566131592, 13.315030336380005, 14.03252625465393, 14.743535995483398, 15.45181131362915, 16.1606285572052, 16.867872714996338, 17.57147216796875, 18.275059700012207, 18.979913473129272, 19.68582820892334, 20.388983726501465, 21.092609405517578, 21.79676866531372, 22.498361587524414, 23.2049663066864, 23.908342123031616, 24.61081099510193, 25.3121817111969, 26.0136456489563, 26.71702265739441, 27.423754930496216, 28.1250479221344, 28.829000234603882, 29.529841899871826, 30.22879958152771, 30.930827140808105, 31.63527250289917, 32.335761070251465, 33.035584449768066, 33.737065076828, 34.43686008453369, 35.13982439041138, 35.839799642562866, 36.539565324783325, 37.23915767669678, 37.94070506095886, 38.64123511314392, 39.34130334854126, 40.0405707359314, 40.74187183380127, 41.4428985118866, 42.143141984939575, 42.84369993209839], "inference_loss": [-84521.828125, -229666.0625, -233477.15625, -237710.46875, -237271.453125, -239291.796875, -236123.34375, -230206.828125, -228928.609375, -222645.03125, -223063.90625, -223063.90625, -223140.546875, -223189.3125, -241304.359375, -241304.359375, -241392.875, -241328.0625, -241328.0625, -241328.0625, -241530.125, -241558.328125, -241617.8125, -241617.8125, -241617.8125, -241617.8125, -241617.8125, -241617.8125, -241617.8125, -241617.8125, -241617.8125, -241617.8125, -241617.8125, -241617.8125, -241617.8125, -241617.8125, -242739.875, -242739.875, -242768.09375, -242768.09375, -242768.09375, -242768.09375, -242768.09375, -242768.09375, -242768.09375, -242768.09375, -242768.09375, -242768.09375, -242768.09375, -242768.09375, -242768.09375, -242768.09375, -242768.09375, -242768.09375, -242768.09375, -242768.09375, -242768.09375, -242768.09375, -242768.09375], "loss": [-14738.28125, -102480.453125, -204484.15625, -216827.90625, -221933.75, -226953.265625, -232645.5625, -236284.703125, -240260.5625, -241967.015625, -242559.75, -242095.25, -239619.1875, -234498.84375, -235164.171875, -235397.375, -236020.546875, -236109.4375, -236875.78125, -237205.296875, -237831.359375, -237916.453125, -238290.71875, -238962.65625, -239005.265625, -239134.6875, -239486.5625, -239695.96875, -239700.375, -239884.875, -239929.6875, -240010.953125, -240001.609375, -240106.8125, -240148.9375, -240355.765625, -240359.546875, -240344.203125, -240413.671875, -240480.53125, -240493.8125, -240523.03125, -240551.109375, -240568.203125, -240569.5625, -240542.203125, -240600.875, -240612.96875, -240625.03125, -240666.390625, -240678.015625, -240680.09375, -240697.9375, -240723.265625, -240720.375, -240724.40625, -240720.390625, -240728.6875, -240726.046875, -242768.09375], "time": [1.3249354362487793, 2.165438652038574, 2.9379520416259766, 3.704054832458496, 4.466607332229614, 5.232102155685425, 5.997665166854858, 6.779163360595703, 7.5357136726379395, 8.287134885787964, 9.033563137054443, 9.773296594619751, 10.508548021316528, 11.232666730880737, 11.951773166656494, 12.667258977890015, 13.382958173751831, 14.100017070770264, 14.810964107513428, 15.518074750900269, 16.226950645446777, 16.934200286865234, 17.636794567108154, 18.341429710388184, 19.04513382911682, 19.752169847488403, 20.455336332321167, 21.159931898117065, 21.863216876983643, 22.5657799243927, 23.271350383758545, 23.975744009017944, 24.676137685775757, 25.378594160079956, 26.080104112625122, 26.782335996627808, 27.489083528518677, 28.19234824180603, 28.894396543502808, 29.596145629882812, 30.29417634010315, 30.99825620651245, 31.70167875289917, 32.402060985565186, 33.101970911026, 33.803364276885986, 34.503270626068115, 35.20615601539612, 35.9082453250885, 36.60697650909424, 37.30554699897766, 38.007036447525024, 38.707640647888184, 39.407614946365356, 40.10797357559204, 40.80827784538269, 41.509273052215576, 42.21056413650513, 42.9101459980011, 42.934192180633545]}