{"sample_time": [0.8260571956634521, 2.2102394104003906, 3.4929842948913574, 4.6727454662323, 5.870551109313965, 7.039590120315552, 8.235472202301025, 9.402677059173584, 10.625864505767822, 11.789498567581177, 12.94948148727417, 14.088434934616089, 15.234416007995605, 16.382877588272095, 17.510064363479614, 18.605345726013184, 19.6979923248291, 20.79012107849121, 21.884272813796997, 22.986446142196655, 24.062729358673096, 25.157496213912964, 26.23756766319275, 27.332172870635986, 28.43016529083252, 29.504308462142944, 30.604280948638916, 31.699636459350586, 32.794684171676636, 33.88313269615173, 34.95958948135376, 36.05827498435974, 37.133036851882935, 38.22233772277832, 39.2976610660553, 40.38418960571289, 41.4783079624176, 42.559842109680176, 43.65376806259155, 44.726691246032715, 45.81092119216919, 46.88615608215332, 47.980783224105835, 49.06650710105896, 50.14072561264038, 51.213855266571045, 52.30573296546936, 53.39569330215454, 54.468631744384766, 55.55305027961731, 56.616310596466064, 57.70656704902649, 58.79963493347168, 59.86691641807556], "forward_time": [2.077039957046509, 3.361971616744995, 4.576156139373779, 5.773683786392212, 6.940630674362183, 8.141971588134766, 9.310143232345581, 10.499364376068115, 11.664698123931885, 12.823060750961304, 13.963652849197388, 15.108839273452759, 16.256307363510132, 17.38416075706482, 18.479722499847412, 19.57118558883667, 20.66388726234436, 21.75749897956848, 22.859920740127563, 23.93784737586975, 25.03060483932495, 26.111799478530884, 27.204714059829712, 28.303645610809326, 29.377902507781982, 30.477864503860474, 31.574074029922485, 32.668570041656494, 33.757001638412476, 34.834261417388916, 35.93182158470154, 37.00713920593262, 38.09687852859497, 39.173245668411255, 40.258843660354614, 41.353623390197754, 42.43254375457764, 43.5282621383667, 44.60031580924988, 45.68625473976135, 46.76094722747803, 47.854543924331665, 48.940473318099976, 50.01370167732239, 51.0865478515625, 52.17968392372131, 53.2696647644043, 54.34419226646423, 55.427313566207886, 56.49019932746887, 57.57942771911621, 58.674283504486084, 59.74064922332764, 60.82031989097595], "inference_loss": [-84521.828125, -229666.0625, -233477.15625, -237710.46875, -237271.453125, -239291.796875, -236123.34375, -230206.828125, -228928.609375, -222645.03125, -223063.90625, -223063.90625, -223140.546875, -223189.3125, -241304.359375, -241304.359375, -241392.875, -241328.0625, -241328.0625, -241328.0625, -241530.125, -241558.328125, -241617.8125, -241617.8125, -241617.8125, -241617.8125, -241617.8125, -241617.8125, -241617.8125, -241617.8125, -241617.8125, -241617.8125, -241617.8125, -241617.8125, -241617.8125, -241617.8125, -242739.875, -242739.875, -242768.09375, -242768.09375, -242768.09375, -242768.09375, -242768.09375, -242768.09375, -242768.09375, -242768.09375, -242768.09375, -242768.09375, -242768.09375, -242768.09375, -242768.09375, -242768.09375, -242768.09375, -242768.09375], "loss": [-14738.2802734375, -102486.640625, -204484.75, -216828.21875, -221932.5, -226951.84375, -232646.4375, -236285.46875, -240261.21875, -241967.21875, -242559.8125, -242095.25, -239620.28125, -234499.890625, -235164.109375, -235397.359375, -236020.359375, -236109.375, -236874.765625, -237204.484375, -237830.671875, -237915.828125, -238288.859375, -238961.65625, -239005.5625, -239134.328125, -239485.90625, -239696.125, -239700.71875, -239884.953125, -239930.3125, -240010.9375, -240002.390625, -240108.375, -240147.171875, -240357.359375, -240359.828125, -240347.296875, -240427.421875, -240500.328125, -240498.71875, -240546.1875, -240550.796875, -240569.375, -240565.8125, -240541.890625, -240599.921875, -240610.625, -240621.796875, -240664.171875, -240672.453125, -240678.046875, -240689.578125, -240720.75, -242768.09375], "time": [2.15490984916687, 3.4440598487854004, 4.624356746673584, 5.822746992111206, 6.993542671203613, 8.18881344795227, 9.356655597686768, 10.579438924789429, 11.743250608444214, 12.903429746627808, 14.042415380477905, 15.188138008117676, 16.336594104766846, 17.463776111602783, 18.558366060256958, 19.651971578598022, 20.743653535842896, 21.837857484817505, 22.93958568572998, 24.016549348831177, 25.110863208770752, 26.191519021987915, 27.28607940673828, 28.38391375541687, 29.457616329193115, 30.55804753303528, 31.65335440635681, 32.748279094696045, 33.836880683898926, 34.91350603103638, 36.01198601722717, 37.086846590042114, 38.17610430717468, 39.25189995765686, 40.33818340301514, 41.43225312232971, 42.51385140419006, 43.608031272888184, 44.680583238601685, 45.7649188041687, 46.840245485305786, 47.934836626052856, 49.02026653289795, 50.09467554092407, 51.16784644126892, 52.25996136665344, 53.34995412826538, 54.42278552055359, 55.50711441040039, 56.57033920288086, 57.66076159477234, 58.753912687301636, 59.820913791656494, 60.898903131484985, 61.09423565864563]}