{"sample_time": [0.3123030662536621, 1.0744149684906006, 1.808539867401123, 2.4732449054718018, 3.123680591583252, 3.7623674869537354, 4.398625612258911, 5.026490688323975, 5.656613826751709, 6.280799865722656, 6.904735803604126, 7.525718450546265, 8.147139072418213, 8.76376461982727, 9.3816659450531, 9.992639541625977, 10.603272438049316, 11.215000629425049, 11.827134132385254, 12.437410831451416, 13.046312093734741, 13.658039808273315, 14.264779567718506, 14.871920347213745, 15.477051258087158, 16.083582878112793, 16.690024852752686, 17.297947645187378, 17.907925844192505, 18.513329029083252, 19.120067358016968, 19.724462032318115, 20.331690549850464, 20.937880992889404, 21.543087244033813, 22.148638010025024, 22.75267195701599, 23.35763144493103, 23.962653398513794, 24.565571308135986, 25.17022967338562, 25.774712085723877, 26.3803288936615, 26.98590588569641, 27.59108304977417, 28.195597171783447, 28.80198335647583, 29.410249948501587, 30.014257669448853, 30.61883783340454, 31.22309160232544, 31.832409381866455, 32.436734676361084, 33.0418164730072, 33.64678382873535, 34.25061511993408, 34.85278534889221], "forward_time": [0.9877674579620361, 1.7190208435058594, 2.3866121768951416, 3.037158727645874, 3.677056312561035, 4.312363386154175, 4.937628746032715, 5.566206932067871, 6.190934658050537, 6.816548109054565, 7.438549280166626, 8.059596061706543, 8.67639446258545, 9.293230056762695, 9.905335187911987, 10.515823602676392, 11.127643585205078, 11.738474607467651, 12.350087404251099, 12.958890199661255, 13.56946349143982, 14.177345514297485, 14.78340482711792, 15.389693975448608, 15.9962739944458, 16.602543592453003, 17.209316968917847, 17.820467710494995, 18.425957679748535, 19.031431436538696, 19.637085437774658, 20.244389295578003, 20.84841561317444, 21.455393075942993, 22.060701847076416, 22.663525342941284, 23.269644498825073, 23.874488830566406, 24.476431131362915, 25.082271337509155, 25.686850786209106, 26.291260957717896, 26.895771265029907, 27.501126527786255, 28.105835437774658, 28.71073627471924, 29.320334911346436, 29.92416477203369, 30.528815269470215, 31.13297200202942, 31.741838216781616, 32.34683847427368, 32.950724363327026, 33.55593514442444, 34.16073155403137, 34.76294493675232, 35.367905616760254], "inference_loss": [-58714.296875, -157609.65625, -171530.46875, -211442.1875, -219506.390625, -237025.546875, -239314.671875, -242139.8125, -242659.46875, -244080.75, -232875.484375, -232875.484375, -232904.921875, -236268.765625, -236829.0625, -237146.40625, -237146.40625, -237218.578125, -237298.375, -237298.375, -255900.1875, -255967.84375, -255900.1875, -255900.1875, -255967.84375, -255900.1875, -255900.1875, -255900.1875, -255900.1875, -255967.84375, -255967.84375, -255967.84375, -255967.84375, -255967.84375, -255967.84375, -255967.84375, -256465.15625, -256465.15625, -256465.15625, -256465.15625, -256465.15625, -256465.15625, -256465.15625, -256465.15625, -256465.15625, -256465.15625, -256465.15625, -256465.15625, -256465.15625, -256465.15625, -256465.15625, -256465.15625, -256465.15625, -256465.15625, -256465.15625, -256465.15625, -256465.15625], "loss": [51358.35546875, -21146.7265625, -143745.421875, -162112.625, -176305.734375, -195418.671875, -215116.53125, -226287.421875, -231815.484375, -234620.765625, -236388.375, -237196.703125, -237127.546875, -236499.53125, -237560.03125, -238200.96875, -238695.0625, -239260.9375, -239957.0625, -240303.5, -240356.390625, -240854.15625, -240995.234375, -241050.671875, -241137.359375, -241311.9375, -241576.453125, -241705.71875, -241748.203125, -241992.53125, -242314.203125, -242365.265625, -242478.71875, -242506.78125, -242582.984375, -242657.671875, -242747.40625, -242783.96875, -242855.84375, -243018.09375, -243062.671875, -243288.671875, -243362.59375, -243424.125, -243416.921875, -243470.90625, -243574.0, -243596.859375, -243765.671875, -243760.703125, -243736.8125, -243781.96875, -243790.046875, -243790.046875, -243882.03125, -244024.84375, -244028.578125, -256465.15625], "time": [1.0382401943206787, 1.7725508213043213, 2.438889503479004, 3.0907788276672363, 3.7295525074005127, 4.364896059036255, 4.9911932945251465, 5.619732618331909, 6.244591236114502, 6.870094299316406, 7.4910266399383545, 8.112157583236694, 8.729049682617188, 9.346795320510864, 9.957866668701172, 10.568345546722412, 11.180137395858765, 11.79207968711853, 12.40259051322937, 13.011362791061401, 13.623066186904907, 14.2299222946167, 14.836998224258423, 15.442110776901245, 16.048762798309326, 16.655134916305542, 17.262908935546875, 17.873000144958496, 18.478461742401123, 19.085007667541504, 19.68963384628296, 20.29687476158142, 20.903061151504517, 21.507954597473145, 22.113207817077637, 22.717034101486206, 23.322118043899536, 23.92711043357849, 24.530018091201782, 25.13480234146118, 25.739322423934937, 26.343818187713623, 26.949410438537598, 27.554659366607666, 28.15932273864746, 28.765500783920288, 29.37387776374817, 29.977701902389526, 30.582274675369263, 31.186477422714233, 31.79536724090576, 32.40038704872131, 33.005284547805786, 33.6104838848114, 34.2142972946167, 34.816444396972656, 35.42146158218384, 35.458263635635376]}