{"sample_time": [0.5911893844604492, 1.872901201248169, 3.083707571029663, 4.158600568771362, 5.2120747566223145, 6.249317407608032, 7.2814247608184814, 8.276941537857056, 9.273854732513428, 10.284643411636353, 11.297652244567871, 12.288467168807983, 13.275172233581543, 14.276995420455933, 15.277770042419434, 16.268691539764404, 17.242090225219727, 18.213147163391113, 19.18439269065857, 20.171393156051636, 21.158368825912476, 22.13064694404602, 23.098127126693726, 24.07648801803589, 25.055752754211426, 26.023432731628418, 27.007201671600342, 27.978808164596558, 28.957626342773438, 29.943641662597656, 30.926134824752808, 31.889052867889404, 32.8639235496521, 33.82883405685425, 34.81008005142212, 35.795032262802124, 36.77612352371216, 37.74682116508484, 38.70988416671753, 39.66765642166138, 40.63471984863281, 41.61061239242554, 42.59365940093994, 43.55474877357483, 44.537463426589966, 45.519368171691895, 46.50214600563049, 47.47658681869507, 48.4359667301178, 49.41511940956116, 50.38554930686951, 51.355350971221924, 52.32727885246277, 53.287410259246826, 54.26006269454956, 55.22112703323364, 56.19367551803589], "forward_time": [1.7024271488189697, 2.9169235229492188, 4.003971099853516, 5.05968165397644, 6.094923973083496, 7.126643180847168, 8.119443416595459, 9.116365909576416, 10.125229597091675, 11.13901162147522, 12.130992889404297, 13.117880582809448, 14.119670152664185, 15.119534969329834, 16.111085414886475, 17.085204601287842, 18.055100917816162, 19.02652382850647, 20.013622045516968, 21.000152349472046, 21.971656560897827, 22.94126319885254, 23.918631076812744, 24.898432731628418, 25.864601850509644, 26.849233388900757, 27.821989059448242, 28.80002522468567, 29.785531759262085, 30.768207788467407, 31.731494665145874, 32.70731258392334, 33.67136096954346, 34.65219497680664, 35.63641047477722, 36.61722207069397, 37.58878493309021, 38.55143642425537, 39.50984764099121, 40.47389221191406, 41.45041608810425, 42.43311381340027, 43.39527344703674, 44.376352310180664, 45.35787296295166, 46.34141135215759, 47.3165328502655, 48.27624201774597, 49.253788232803345, 50.22596025466919, 51.1944637298584, 52.16818356513977, 53.126906394958496, 54.099711418151855, 55.06101155281067, 56.03354096412659, 57.01403331756592], "inference_loss": [-58714.296875, -157609.65625, -171530.46875, -211442.1875, -219506.390625, -237025.546875, -239314.671875, -242139.8125, -242659.46875, -244080.75, -232875.484375, -232875.484375, -232904.921875, -236268.765625, -236829.0625, -237146.40625, -237146.40625, -237218.578125, -237298.375, -237298.375, -255861.09375, -255967.84375, -255900.1875, -255900.1875, -255967.84375, -255900.1875, -255900.1875, -255900.1875, -255900.1875, -255967.84375, -255967.84375, -255967.84375, -255967.84375, -255967.84375, -255967.84375, -255967.84375, -256465.15625, -256465.15625, -256465.15625, -256465.15625, -256465.15625, -256465.15625, -256465.15625, -256465.15625, -256465.15625, -256465.15625, -256465.15625, -256465.15625, -256465.15625, -256465.15625, -256465.15625, -256465.15625, -256465.15625, -256465.15625, -256465.15625, -256465.15625, -256465.15625], "loss": [51358.3515625, -21146.69140625, -143745.390625, -162112.625, -176306.21875, -195418.484375, -215116.15625, -226285.0625, -231812.40625, -234615.078125, -236384.609375, -237189.75, -237123.03125, -236503.5625, -237555.484375, -238194.265625, -238686.234375, -239259.90625, -239954.40625, -240305.0625, -240362.890625, -240849.578125, -240989.859375, -241044.6875, -241137.890625, -241327.71875, -241582.59375, -241709.15625, -241739.984375, -241986.28125, -242313.8125, -242379.125, -242489.09375, -242573.03125, -242618.796875, -242727.765625, -242752.671875, -242788.90625, -242880.953125, -243090.453125, -243127.625, -243314.578125, -243368.125, -243423.53125, -243415.984375, -243461.5625, -243563.03125, -243644.453125, -243745.15625, -243740.265625, -243707.53125, -243757.65625, -243770.203125, -243879.65625, -243968.53125, -243979.71875, -243992.1875, -256465.15625], "time": [1.7714414596557617, 2.987318515777588, 4.068074464797974, 5.124017715454102, 6.159342050552368, 7.191640853881836, 8.183380603790283, 9.18010926246643, 10.190587520599365, 11.205376386642456, 12.194711923599243, 13.18221926689148, 14.183979988098145, 15.183929443359375, 16.17548894882202, 17.149152278900146, 18.11889886856079, 19.091487407684326, 20.07789134979248, 21.065074920654297, 22.036046266555786, 23.005027294158936, 23.98339557647705, 24.96233081817627, 25.929991483688354, 26.913496017456055, 27.88585662841797, 28.864402294158936, 29.84990882873535, 30.83250904083252, 31.795520305633545, 32.771180629730225, 33.73571801185608, 34.716572523117065, 35.70071077346802, 36.68192410469055, 37.65264940261841, 38.61583375930786, 39.57371211051941, 40.5399067401886, 41.515705823898315, 42.499040842056274, 43.46006989479065, 44.44259476661682, 45.424267530441284, 46.406728744506836, 47.38139224052429, 48.34109044075012, 49.320199489593506, 50.29081988334656, 51.26077675819397, 52.23310041427612, 53.192858934402466, 54.165064573287964, 55.12585735321045, 56.09886288642883, 57.080485343933105, 57.33481478691101]}