{"sample_time": [0.6600844860076904, 1.546849250793457, 1.7787196636199951, 2.171837091445923, 2.6015467643737793, 3.0217883586883545, 3.4409914016723633, 3.874340772628784, 4.287032842636108, 4.710071802139282, 5.127195119857788, 5.546581268310547, 5.966860771179199, 6.389694929122925, 6.812887668609619, 7.231031656265259, 7.647855520248413, 8.061192750930786, 8.479703903198242, 8.901372194290161, 9.314716815948486, 9.735748291015625, 10.15784215927124, 10.578640937805176, 10.999908924102783, 11.415266990661621, 11.832088470458984, 12.253616571426392, 12.675183534622192, 13.094943523406982], "forward_time": [0.7407803535461426, 1.5786066055297852, 1.8107893466949463, 2.2036118507385254, 2.6334309577941895, 3.053582191467285, 3.472460985183716, 3.905287265777588, 4.318553686141968, 4.741154909133911, 5.15836501121521, 5.577896595001221, 5.99834132194519, 6.420726776123047, 6.843225717544556, 7.262060642242432, 7.678433895111084, 8.091743469238281, 8.511019945144653, 8.93259859085083, 9.346163988113403, 9.767470598220825, 10.189067363739014, 10.609431028366089, 11.030701637268066, 11.446215629577637, 11.86360788345337, 12.284566164016724, 12.706013679504395, 13.125420331954956], "inference_loss": [3269.318359375, 1750.00537109375, 1397.1875, 926.86328125, 685.01318359375, 669.5166015625, 383.9736328125, 502.00927734375, 418.568359375, 280.3525390625, 348.03515625, 334.1142578125, 307.22802734375, 334.1142578125, 333.71533203125, 348.03515625, 348.03515625, 334.1142578125, 348.03515625, 348.03515625, 343.9501953125, 307.22802734375, 307.22802734375, 307.22802734375, 307.22802734375, 307.22802734375, 343.9501953125, 307.22802734375, 307.22802734375, 307.22802734375], "loss": [6395.4990234375, 5188.5068359375, 2430.141357421875, 1935.361083984375, 1557.5401611328125, 1215.60986328125, 1028.5924072265625, 924.4446411132812, 844.2972412109375, 821.2044677734375, 737.1416015625, 718.7064208984375, 682.142822265625, 602.852294921875, 598.1357421875, 549.3759765625, 545.0513305664062, 516.1566162109375, 501.4385070800781, 518.6264038085938, 475.97802734375, 479.2537841796875, 459.18121337890625, 467.18719482421875, 484.6310119628906, 451.93853759765625, 447.1859130859375, 427.8057861328125, 426.92303466796875, 409.448974609375, 307.22802734375], "time": [1.4745068550109863, 1.7051723003387451, 2.1011428833007812, 2.5307228565216064, 2.952956199645996, 3.374121904373169, 3.8036463260650635, 4.218485355377197, 4.639718294143677, 5.058762311935425, 5.477867603302002, 5.897952556610107, 6.321228981018066, 6.744494438171387, 7.160427570343018, 7.5794596672058105, 7.992260456085205, 8.411218881607056, 8.830308675765991, 9.244147539138794, 9.667423725128174, 10.089569807052612, 10.509771823883057, 10.929819345474243, 11.346791744232178, 11.763734579086304, 12.184917211532593, 12.608144044876099, 13.02619457244873, 13.446292877197266, 13.641414642333984]}