{"sample_time": [0.2836954593658447, 1.3257644176483154, 2.1341350078582764, 2.3708527088165283, 2.942936897277832, 3.5319771766662598, 4.129376173019409, 4.713161945343018, 5.294833421707153, 5.886204957962036, 6.470915079116821, 7.0527637004852295, 7.632205486297607, 8.225607872009277, 8.807169914245605, 9.39752721786499, 9.980324029922485, 10.56286907196045, 11.146811723709106, 11.73911190032959, 12.320875406265259, 12.899385213851929, 13.486364841461182, 14.069095611572266, 14.650743007659912, 15.23997974395752, 15.818462610244751, 16.40665292739868, 16.987233638763428, 17.57636046409607, 18.156606674194336, 18.742903470993042, 19.323713302612305, 19.910528659820557, 20.49033498764038, 21.081430912017822, 21.658966541290283, 22.244799375534058, 22.829795598983765, 23.413799285888672, 23.99434494972229, 24.58241844177246, 25.16303253173828, 25.75000262260437, 26.332770109176636, 26.915579557418823, 27.50038743019104, 28.08560538291931, 28.6684250831604, 29.257155895233154, 29.841125965118408, 30.425002098083496, 31.00776720046997, 31.59055805206299, 32.174323320388794, 32.75504279136658, 33.34196472167969], "forward_time": [0.33530616760253906, 1.3483386039733887, 2.1564865112304688, 2.392820119857788, 2.9649817943573, 3.5535478591918945, 4.151299238204956, 4.734521865844727, 5.316481590270996, 5.907847166061401, 6.49220871925354, 7.074098587036133, 7.653692245483398, 8.247048377990723, 8.828356504440308, 9.419196605682373, 10.002131462097168, 10.58467698097229, 11.168438911437988, 11.760740041732788, 12.342116355895996, 12.9209463596344, 13.50774359703064, 14.090379238128662, 14.67237138748169, 15.261595249176025, 15.83981466293335, 16.42804980278015, 17.008525848388672, 17.597772121429443, 18.17786455154419, 18.76451325416565, 19.344966411590576, 19.932319402694702, 20.51155424118042, 21.102992296218872, 21.680447340011597, 22.266214609146118, 22.851064205169678, 23.43512988090515, 24.01559042930603, 24.60406517982483, 25.18440055847168, 25.771326780319214, 26.354326009750366, 26.93716073036194, 27.522027254104614, 28.10690975189209, 28.689739227294922, 29.27895951271057, 29.862804174423218, 30.446534156799316, 31.02908229827881, 31.612311124801636, 32.195756673812866, 32.77634286880493, 33.36330604553223], "inference_loss": [2271.61572265625, 523.884765625, 43.625, -906.126953125, -988.4765625, -1080.107421875, -1125.1220703125, -1366.40625, -1404.1572265625, -1459.21484375, -1459.21484375, -1426.06640625, -1484.10546875, -1505.5546875, -1505.5546875, -1544.857421875, -1544.857421875, -1571.697265625, -1571.697265625, -1573.0517578125, -1573.0517578125, -1573.0517578125, -1573.0517578125, -1573.0517578125, -1559.8837890625, -1561.783203125, -1573.0517578125, -1559.8837890625, -1610.748046875, -1610.748046875, -1610.748046875, -1610.748046875, -1610.748046875, -1604.3525390625, -1604.3525390625, -1610.748046875, -1715.841796875, -1715.841796875, -1715.841796875, -1715.841796875, -1715.841796875, -1715.841796875, -1715.841796875, -1715.841796875, -1715.841796875, -1715.841796875, -1715.841796875, -1715.841796875, -1715.841796875, -1715.841796875, -1715.841796875, -1715.841796875, -1715.841796875, -1715.841796875, -1715.841796875, -1715.841796875, -1715.841796875], "loss": [5206.57275390625, 3382.7236328125, 1301.284912109375, 620.6090087890625, 58.108116149902344, -309.54052734375, -639.4893798828125, -786.1898193359375, -952.4764404296875, -1057.134033203125, -1089.7196044921875, -1151.9111328125, -1201.225830078125, -1233.81298828125, -1251.25830078125, -1295.0203857421875, -1265.754638671875, -1301.3544921875, -1335.2880859375, -1329.42724609375, -1356.0672607421875, -1349.9532470703125, -1363.6123046875, -1361.58984375, -1379.669921875, -1380.020263671875, -1402.14013671875, -1391.56591796875, -1410.892333984375, -1423.249267578125, -1408.246826171875, -1403.8271484375, -1421.8785400390625, -1422.450439453125, -1366.131591796875, -1437.532470703125, -1432.1314697265625, -1447.834228515625, -1419.706298828125, -1453.2271728515625, -1431.651611328125, -1426.656982421875, -1445.696533203125, -1413.427978515625, -1460.786376953125, -1488.7694091796875, -1478.2520751953125, -1478.7694091796875, -1477.568359375, -1484.5867919921875, -1489.729736328125, -1483.681396484375, -1460.6524658203125, -1439.962646484375, -1484.95703125, -1486.9029541015625, -1489.935546875, -1715.841796875], "time": [1.2886497974395752, 2.095750331878662, 2.3281381130218506, 2.904711961746216, 3.4938337802886963, 4.091256856918335, 4.675055027008057, 5.258917570114136, 5.8480024337768555, 6.432790994644165, 7.014593601226807, 7.596310377120972, 8.187466144561768, 8.77124810218811, 9.359359741210938, 9.942116498947144, 10.526960372924805, 11.108642101287842, 11.700976848602295, 12.282695293426514, 12.86338186264038, 13.450360774993896, 14.033123254776001, 14.614794731140137, 15.204035997390747, 15.78247332572937, 16.370542764663696, 16.951242208480835, 17.538235664367676, 18.11995816230774, 18.706976413726807, 19.28552746772766, 19.87458324432373, 20.45429039001465, 21.04545569419861, 21.622915744781494, 22.208853483200073, 22.793800830841064, 23.377684593200684, 23.95829725265503, 24.546441793441772, 25.127030611038208, 25.714045524597168, 26.296795129776, 26.87960958480835, 27.464439868927002, 28.04741907119751, 28.63001298904419, 29.221229553222656, 29.80291175842285, 30.38683271408081, 30.969582319259644, 31.55232858657837, 32.13734436035156, 32.71906805038452, 33.305887937545776, 33.886637687683105, 33.922658920288086]}