{"sample_time": [0.8265125751495361, 1.724806308746338, 2.5411195755004883, 3.349703550338745, 4.151175260543823, 4.948602199554443, 5.747797250747681, 6.546915769577026, 7.346497058868408, 8.141554594039917, 8.938652038574219, 9.738112926483154, 10.532168865203857, 11.328617334365845, 12.128202438354492, 12.923641920089722, 13.72075080871582, 14.514104127883911, 15.309664487838745, 16.10746669769287, 16.90035915374756, 17.700215101242065, 18.49875259399414, 19.30064582824707, 20.100341081619263, 20.896545886993408, 21.69221043586731, 22.48750901222229, 23.282254934310913, 24.081074476242065, 24.875075101852417, 25.66955041885376, 26.46269965171814, 27.25551438331604, 28.05072832107544, 28.84276247024536, 29.63568663597107, 30.42845129966736, 31.221943140029907, 32.016820192337036, 32.81144618988037, 33.60436964035034, 34.39780402183533, 35.19289422035217, 35.98603653907776, 36.77815222740173, 37.574284076690674, 38.370049715042114, 39.161988735198975, 39.95594644546509], "forward_time": [0.9304778575897217, 1.7629523277282715, 2.5786941051483154, 3.3858509063720703, 4.187090635299683, 4.98431921005249, 5.7835681438446045, 6.582485198974609, 7.382646322250366, 8.177157402038574, 8.974109888076782, 9.773757934570312, 10.567765712738037, 11.364369630813599, 12.163536310195923, 12.959327220916748, 13.75636887550354, 14.549837589263916, 15.345250606536865, 16.142902851104736, 16.93589997291565, 17.73572540283203, 18.535481214523315, 19.336632013320923, 20.13610577583313, 20.9320228099823, 21.727870225906372, 22.523760318756104, 23.317772150039673, 24.116211652755737, 24.910569429397583, 25.705181121826172, 26.498427391052246, 27.292110681533813, 28.085776567459106, 28.8780837059021, 29.671133995056152, 30.46393084526062, 31.2577223777771, 32.0521764755249, 32.846463680267334, 33.63967967033386, 34.43318200111389, 35.22832107543945, 36.02128982543945, 36.813687324523926, 37.60972857475281, 38.405147075653076, 39.19725561141968, 39.991835832595825], "inference_loss": [2271.61572265625, 523.884765625, -6.126953125, -486.0458984375, -894.6923828125, -993.04296875, -1203.818359375, -1422.72265625, -1507.1611328125, -1411.181640625, -1404.12109375, -1546.7578125, -1563.2607421875, -1544.857421875, -1739.2841796875, -1559.8837890625, -1739.2841796875, -1545.2919921875, -1739.2841796875, -1739.2841796875, -1739.2841796875, -1739.2841796875, -1739.2841796875, -1739.2841796875, -1739.2841796875, -1739.2841796875, -1739.2841796875, -1739.2841796875, -1739.2841796875, -1784.1552734375, -1784.1552734375, -1784.1552734375, -1784.1552734375, -1784.1552734375, -1784.1552734375, -1784.1552734375, -1784.1552734375, -1784.1552734375, -1784.1552734375, -1784.1552734375, -1784.1552734375, -1784.1552734375, -1784.1552734375, -1784.1552734375, -1784.1552734375, -1784.1552734375, -1784.1552734375, -1784.1552734375, -1784.1552734375, -1784.1552734375], "loss": [5206.572265625, 3396.746337890625, 1330.2919921875, 653.558349609375, 99.11029815673828, -282.2537841796875, -613.0267333984375, -764.9944458007812, -896.5418090820312, -1047.164306640625, -1055.7484130859375, -1141.2783203125, -1185.495849609375, -1186.759521484375, -1263.44921875, -1296.6650390625, -1303.7431640625, -1341.5595703125, -1331.7137451171875, -1353.93798828125, -1377.632568359375, -1388.9354248046875, -1375.99365234375, -1387.9881591796875, -1422.474609375, -1405.5194091796875, -1399.7315673828125, -1411.0458984375, -1405.4139404296875, -1418.489501953125, -1427.23583984375, -1462.4395751953125, -1427.733154296875, -1434.6845703125, -1413.1455078125, -1447.3662109375, -1447.151123046875, -1459.9642333984375, -1440.0166015625, -1458.05322265625, -1455.347900390625, -1446.541259765625, -1451.35302734375, -1442.217041015625, -1457.15771484375, -1473.9595947265625, -1476.5765380859375, -1478.9287109375, -1488.112548828125, -1484.631103515625, -1784.1552734375], "time": [1.669187307357788, 2.484617233276367, 3.2933990955352783, 4.0974578857421875, 4.895199775695801, 5.6943981647491455, 6.494577407836914, 7.292706727981567, 8.087701559066772, 8.88486123085022, 9.68325161933899, 10.478137969970703, 11.274724960327148, 12.07414984703064, 12.87058401107788, 13.668766260147095, 14.461769819259644, 15.25730562210083, 16.054254055023193, 16.848029136657715, 17.643181085586548, 18.44187617301941, 19.24374485015869, 20.04772925376892, 20.84402060508728, 21.639861822128296, 22.435606718063354, 23.229899168014526, 24.02901291847229, 24.822705030441284, 25.617437601089478, 26.41042423248291, 27.203404664993286, 27.99862575531006, 28.79094648361206, 29.583831548690796, 30.37651038169861, 31.16987109184265, 31.964534997940063, 32.757328748703, 33.552143573760986, 34.34548377990723, 35.138580322265625, 35.933794260025024, 36.72593355178833, 37.52208995819092, 38.317809104919434, 39.109806060791016, 39.903666496276855, 40.70048189163208, 40.982632637023926]}