{"sample_time": [1.1443171501159668, 1.9302139282226562, 2.1223511695861816, 2.5032050609588623, 2.9053471088409424, 3.30240535736084, 3.6985549926757812, 4.098463296890259, 4.498711824417114, 4.896866798400879, 5.2958714962005615, 5.695178508758545, 6.0941994190216064, 6.494462728500366, 6.895989418029785, 7.29603385925293, 7.694775819778442, 8.096170902252197, 8.488977909088135, 8.88958215713501, 9.285102605819702, 9.681934356689453, 10.07802438735962, 10.479237794876099, 10.873042345046997, 11.27088975906372, 11.669168710708618, 12.06912875175476, 12.466369390487671, 12.864434719085693, 13.259114742279053, 13.657402992248535, 14.056200742721558, 14.454260349273682, 14.85218596458435], "forward_time": [1.2361690998077393, 1.9591732025146484, 2.151010751724243, 2.531644105911255, 2.9336302280426025, 3.330759286880493, 3.727443218231201, 4.126995325088501, 4.526832103729248, 4.925014019012451, 5.323981285095215, 5.723573446273804, 6.12228798866272, 6.522799253463745, 6.923954963684082, 7.3235697746276855, 7.722678899765015, 8.124449729919434, 8.51663851737976, 8.917641639709473, 9.313051223754883, 9.71023678779602, 10.106026887893677, 10.507392168045044, 10.901408433914185, 11.299171924591064, 11.697450637817383, 12.097540616989136, 12.494361639022827, 12.892732620239258, 13.287190437316895, 13.685527801513672, 14.084180355072021, 14.482171773910522, 14.880270004272461], "inference_loss": [2795.708984375, 8084.6142578125, -170.5625, -1747.2744140625, -2064.8251953125, -2089.58984375, -2401.2607421875, -2816.716796875, -2732.3447265625, -3052.4130859375, -2913.0224609375, -3052.4130859375, -3052.4130859375, -3052.4130859375, -3339.26953125, -3339.26953125, -3339.26953125, -3339.26953125, -3339.26953125, -3339.26953125, -3339.26953125, -3339.26953125, -3339.26953125, -3339.26953125, -3339.26953125, -3339.26953125, -3339.26953125, -3339.26953125, -3339.26953125, -3339.26953125, -3339.26953125, -3339.26953125, -3339.26953125, -3339.26953125, -3339.26953125], "loss": [5652.26708984375, 6751.36376953125, 2613.01708984375, 989.46826171875, 296.14483642578125, -257.64794921875, -718.7528686523438, -1194.017333984375, -1522.453369140625, -1860.77392578125, -2074.9921875, -2203.111328125, -2376.93017578125, -2471.281494140625, -2564.95458984375, -2622.87890625, -2669.49560546875, -2688.709716796875, -2710.04931640625, -2728.5986328125, -2731.62353515625, -2732.44921875, -2743.04541015625, -2733.548828125, -2736.08349609375, -2747.62890625, -2746.65771484375, -2759.42919921875, -2747.07177734375, -2754.8154296875, -2754.39453125, -2762.411865234375, -2755.80078125, -2753.174560546875, -2760.740478515625, -3339.26953125], "time": [1.885110855102539, 2.082056760787964, 2.4611775875091553, 2.863403797149658, 3.2624685764312744, 3.658437490463257, 4.05857515335083, 4.456634044647217, 4.8567047119140625, 5.25578236579895, 5.654913902282715, 6.05186915397644, 6.45203423500061, 6.853236436843872, 7.253396511077881, 7.6502838134765625, 8.051585912704468, 8.446415424346924, 8.844466209411621, 9.240409851074219, 9.639438390731812, 10.033229351043701, 10.43446969985962, 10.828290939331055, 11.226288318634033, 11.624355792999268, 12.02446699142456, 12.421475410461426, 12.819565773010254, 13.214405059814453, 13.612433195114136, 14.011539936065674, 14.40955638885498, 14.807507514953613, 15.205558061599731, 15.37750244140625]}