{"sample_time": [0.2384812831878662, 1.1364190578460693, 1.3334946632385254, 1.526893138885498, 2.1047580242156982, 2.2990734577178955, 2.6066346168518066, 3.400390625, 3.8991057872772217, 4.326605558395386, 4.51474142074585, 4.7465808391571045, 5.528484106063843, 6.031264305114746, 6.219142198562622, 6.455519199371338, 6.881641387939453, 7.303090333938599, 8.07964277267456, 8.272327184677124, 8.57900595664978, 9.357460260391235, 9.549250841140747, 9.854894161224365, 10.282150745391846, 10.704631805419922, 11.122472763061523, 11.552018165588379, 11.977348327636719, 12.403640985488892, 12.82262659072876, 13.246952772140503, 13.67114543914795, 14.098665952682495, 14.529190063476562, 14.942928314208984, 15.368312358856201, 15.79510760307312, 16.218940019607544, 16.641236782073975, 17.067423582077026, 17.487497568130493, 17.90656352043152, 18.336036205291748, 18.757105350494385, 19.53541898727417, 19.72952961921692, 20.03437113761902, 20.816795825958252, 21.006816864013672, 21.311830520629883, 21.730400323867798, 22.15847897529602, 22.57867980003357, 23.003068208694458, 23.42006802558899, 23.84414577484131, 24.622321128845215, 25.12128710746765, 25.310171365737915, 25.54875946044922, 25.975666999816895, 26.397051334381104, 26.81940770149231], "forward_time": [0.28136634826660156, 1.1567933559417725, 1.3539056777954102, 1.5471937656402588, 2.1260852813720703, 2.319366693496704, 2.626821279525757, 3.420764207839966, 3.9195797443389893, 4.346554756164551, 4.534756183624268, 4.766685247421265, 5.5492260456085205, 6.050774812698364, 6.238888502120972, 6.47617506980896, 6.901835203170776, 7.322786331176758, 8.100656509399414, 8.292101383209229, 8.599506855010986, 9.37777853012085, 9.568803787231445, 9.874850749969482, 10.302082538604736, 10.725198745727539, 11.142786979675293, 11.571933269500732, 11.997100591659546, 12.42437481880188, 12.842522859573364, 13.266786098480225, 13.691098690032959, 14.119317054748535, 14.549146175384521, 14.96256709098816, 15.388287782669067, 15.81501054763794, 16.23850727081299, 16.66072654724121, 17.087231397628784, 17.507274627685547, 17.927039861679077, 18.355944633483887, 18.777283191680908, 19.55625629425049, 19.74944043159485, 20.054288387298584, 20.8371000289917, 21.026410341262817, 21.331576108932495, 21.75036096572876, 22.179161071777344, 22.59873652458191, 23.022671699523926, 23.439887762069702, 23.86466646194458, 24.643073558807373, 25.14134693145752, 25.329601049423218, 25.568493604660034, 25.99561309814453, 26.417039155960083, 26.839437246322632], "inference_loss": [3269.318359375, 1750.00537109375, 1397.1875, 926.86328125, 719.6064453125, 669.5166015625, 383.9736328125, 502.00927734375, 418.568359375, 350.0341796875, 348.03515625, 328.57958984375, 334.1142578125, 334.1142578125, 334.1142578125, 348.03515625, 341.82177734375, 348.03515625, 348.03515625, 348.03515625, 348.03515625, 348.03515625, 348.03515625, 307.22802734375, 336.8681640625, 336.8681640625, 348.03515625, 336.8681640625, 348.03515625, 307.22802734375, 336.8681640625, 336.8681640625, 307.22802734375, 336.8681640625, 307.22802734375, 336.8681640625, 307.22802734375, 307.22802734375, 307.22802734375, 307.22802734375, 307.22802734375, 307.22802734375, 307.22802734375, 280.3525390625, 280.3525390625, 336.8681640625, 336.8681640625, 336.8681640625, 328.57958984375, 336.8681640625, 328.57958984375, 328.57958984375, 328.57958984375, 328.57958984375, 328.57958984375, 328.57958984375, 328.57958984375, 307.22802734375, 334.1142578125, 307.22802734375, 307.22802734375, 280.3525390625, 307.22802734375, 336.8681640625], "loss": [6395.4990234375, 5189.34912109375, 2426.073974609375, 1932.7034912109375, 1556.96044921875, 1217.1781005859375, 1034.95556640625, 922.7262573242188, 849.2982177734375, 816.16650390625, 731.5447998046875, 728.1539916992188, 662.45947265625, 611.913330078125, 599.0613403320312, 567.8187255859375, 530.2086791992188, 538.7392578125, 496.20574951171875, 510.6504821777344, 483.20989990234375, 481.970703125, 454.98980712890625, 446.27215576171875, 476.24774169921875, 457.9166259765625, 458.4953918457031, 430.61627197265625, 422.24871826171875, 417.4733581542969, 422.82025146484375, 419.66009521484375, 425.1392822265625, 413.8780822753906, 419.85589599609375, 403.2104797363281, 424.2601623535156, 394.7969970703125, 397.6747131347656, 405.4850158691406, 386.2989501953125, 376.7411804199219, 377.7427062988281, 389.5101013183594, 378.03485107421875, 385.3031005859375, 361.0929870605469, 382.9937744140625, 375.833251953125, 391.76397705078125, 356.9840087890625, 367.4951171875, 362.19268798828125, 355.43719482421875, 368.27032470703125, 346.03497314453125, 370.94219970703125, 348.47418212890625, 353.89892578125, 349.03729248046875, 347.21075439453125, 357.13134765625, 353.47259521484375, 328.44354248046875, 280.3525390625], "time": [1.0949089527130127, 1.2891128063201904, 1.4845874309539795, 2.0622949600219727, 2.2586121559143066, 2.5663537979125977, 3.3581881523132324, 3.8588507175445557, 4.286293268203735, 4.474411249160767, 4.7055504322052, 5.490090370178223, 5.99284291267395, 6.1787919998168945, 6.415245294570923, 6.839519023895264, 7.262721538543701, 8.038928270339966, 8.232027769088745, 8.538689613342285, 9.318944454193115, 9.508949279785156, 9.814613580703735, 10.241980075836182, 10.664239645004272, 11.082138299942017, 11.511687278747559, 11.937073945999146, 12.363404035568237, 12.782343864440918, 13.20665192604065, 13.630866050720215, 14.058292150497437, 14.488964796066284, 14.902623176574707, 15.327977657318115, 15.75644326210022, 16.178561449050903, 16.60283660888672, 17.027127981185913, 17.447176694869995, 17.866260528564453, 18.295748472213745, 18.71691060066223, 19.49505376815796, 19.689281463623047, 19.99598264694214, 20.778327226638794, 20.9683039188385, 21.270822286605835, 21.69196629524231, 22.117377042770386, 22.538393259048462, 22.962713956832886, 23.37968134880066, 23.80386996269226, 24.582048654556274, 25.082810878753662, 25.26988697052002, 25.50839376449585, 25.93467926979065, 26.356811046600342, 26.779051303863525, 27.205345630645752, 27.245618104934692]}