{"sample_time": [0.48996829986572266, 0.6977429389953613, 1.2989282608032227, 1.7009801864624023, 2.105288028717041, 2.5128209590911865, 2.9182517528533936, 3.3235909938812256, 3.733159065246582, 4.132250070571899, 4.544947624206543, 4.94818377494812, 5.357884168624878, 5.7599937915802, 6.168646574020386, 6.576064348220825, 6.984654188156128, 7.392202377319336, 7.793436288833618, 8.206101179122925, 8.60735297203064, 9.012582063674927, 9.420148372650146, 9.8286714553833, 10.236261367797852, 10.636214256286621, 11.045804262161255, 11.450145721435547, 11.860857963562012, 12.260927200317383, 12.667268991470337, 13.07785677909851, 13.480277299880981, 13.889827966690063, 14.292036771774292, 14.700509548187256], "forward_time": [0.5379331111907959, 0.7154965400695801, 1.3168416023254395, 1.718656301498413, 2.1230273246765137, 2.5305237770080566, 2.9360299110412598, 3.3412225246429443, 3.75073504447937, 4.149987459182739, 4.562777280807495, 4.965996742248535, 5.375760793685913, 5.777930736541748, 6.186422824859619, 6.593871831893921, 7.002492666244507, 7.409938812255859, 7.811233997344971, 8.223940372467041, 8.625257968902588, 9.03028154373169, 9.437899351119995, 9.84637713432312, 10.254120111465454, 10.654015064239502, 11.06343388557434, 11.46784520149231, 11.878655910491943, 12.278784990310669, 12.685163736343384, 13.095394134521484, 13.498046636581421, 13.907569408416748, 14.309582710266113, 14.71829867362976], "inference_loss": [2795.708984375, 8084.6142578125, -170.5625, -1756.203125, -1981.552734375, -2099.857421875, -2401.2607421875, -2816.716796875, -2824.23046875, -3052.4130859375, -3052.4130859375, -3052.4130859375, -3112.7529296875, -3112.7529296875, -3112.7529296875, -3339.26953125, -3339.26953125, -3339.26953125, -3339.26953125, -3339.26953125, -3339.26953125, -3339.26953125, -3339.26953125, -3339.26953125, -3339.26953125, -3339.26953125, -3339.26953125, -3339.26953125, -3339.26953125, -3339.26953125, -3339.26953125, -3339.26953125, -3339.26953125, -3339.26953125, -3339.26953125, -3339.26953125], "loss": [5652.267578125, 6749.5048828125, 2618.3564453125, 988.1395263671875, 295.7850341796875, -253.53977966308594, -706.0064697265625, -1174.260986328125, -1487.923095703125, -1843.879638671875, -2054.775390625, -2207.896240234375, -2385.18701171875, -2514.836669921875, -2583.63330078125, -2659.198486328125, -2678.46337890625, -2686.21240234375, -2697.525390625, -2717.25732421875, -2711.631103515625, -2727.2724609375, -2727.0673828125, -2727.923828125, -2737.18359375, -2743.8486328125, -2742.70947265625, -2743.46435546875, -2749.1943359375, -2750.5712890625, -2748.66650390625, -2748.528076171875, -2732.3798828125, -2737.048583984375, -2747.68603515625, -2745.23291015625, -3339.26953125], "time": [0.6635096073150635, 1.2672815322875977, 1.667297124862671, 2.0716848373413086, 2.4812464714050293, 2.8866732120513916, 3.2921359539031982, 3.697446823120117, 4.1006903648376465, 4.511376142501831, 4.916679620742798, 5.320054531097412, 5.724272012710571, 6.132877826690674, 6.540348291397095, 6.948931694030762, 7.356353759765625, 7.757655382156372, 8.170239686965942, 8.571518898010254, 8.976821899414062, 9.384357929229736, 9.792842864990234, 10.200413703918457, 10.600428342819214, 11.010038375854492, 11.414396286010742, 11.825101375579834, 12.225139617919922, 12.631593704223633, 13.04215931892395, 13.444537162780762, 13.853977918624878, 14.256303071975708, 14.664737939834595, 15.073410749435425, 15.109245777130127]}