{"sample_time": [0.515448808670044, 0.8214383125305176, 1.8440771102905273, 2.863949775695801, 3.8768744468688965, 4.8858819007873535, 5.90136194229126, 6.909888982772827, 7.9177069664001465, 8.928333759307861, 9.94049859046936, 10.953200101852417, 11.968583345413208, 12.980637550354004, 13.99285078048706, 15.004674196243286, 16.01608657836914, 17.028433322906494, 18.040587902069092, 19.052409172058105, 20.06473183631897, 21.076481103897095, 22.08904767036438, 23.100724458694458, 24.11271381378174, 25.12515640258789, 26.13680076599121, 27.14825701713562, 28.16085410118103, 29.172680377960205, 30.184502601623535, 31.196659564971924, 32.208982706069946, 33.22066044807434, 34.23276948928833, 35.24453401565552, 36.25664472579956, 37.268301486968994, 38.280787229537964, 39.292850494384766, 40.30522894859314, 41.31677007675171, 42.328657150268555], "forward_time": [0.5584354400634766, 0.8489978313446045, 1.8711142539978027, 2.890997886657715, 3.9035446643829346, 4.912338018417358, 5.928197860717773, 6.936389207839966, 7.944442272186279, 8.955050706863403, 9.96717643737793, 10.979775190353394, 11.994933843612671, 13.00718641281128, 14.01921033859253, 15.031007766723633, 16.04282307624817, 17.055224418640137, 18.067039728164673, 19.078773021697998, 20.091627836227417, 21.103315830230713, 22.115467071533203, 23.127355098724365, 24.13947868347168, 25.151516675949097, 26.163249969482422, 27.174592971801758, 28.18743085861206, 29.199060678482056, 30.210898637771606, 31.22359561920166, 32.235923767089844, 33.247512340545654, 34.259063720703125, 35.27127504348755, 36.28304743766785, 37.29512572288513, 38.30716061592102, 39.31932210922241, 40.33152770996094, 41.343494176864624, 42.355037689208984], "inference_loss": [963.98046875, -1230.841796875, -2310.759765625, -2633.21875, -3593.015625, -3637.7705078125, -3782.48828125, -4691.400390625, -4555.26171875, -4684.6328125, -4976.255859375, -4999.107421875, -4999.107421875, -5051.1171875, -5051.1171875, -5121.24609375, -5121.24609375, -5121.24609375, -5121.24609375, -5121.24609375, -5121.24609375, -5121.24609375, -5143.583984375, -5143.583984375, -5143.583984375, -5143.583984375, -5143.583984375, -5143.583984375, -5143.583984375, -5143.583984375, -5143.583984375, -5143.583984375, -5143.583984375, -5143.583984375, -5143.583984375, -5143.583984375, -5143.583984375, -5143.583984375, -5143.583984375, -5143.583984375, -5143.583984375, -5143.583984375, -5143.583984375], "loss": [4765.9365234375, 2710.32177734375, 53.78692626953125, -556.6336669921875, -1276.7711181640625, -1967.21875, -2456.88916015625, -2808.1787109375, -3095.638671875, -3346.8583984375, -3507.931884765625, -3682.541015625, -3718.1484375, -3809.15087890625, -3833.70458984375, -3869.0625, -3878.90625, -3887.481689453125, -3885.5517578125, -3902.759765625, -3908.5185546875, -3913.96484375, -3915.18017578125, -3936.848876953125, -3938.441650390625, -3938.498779296875, -3947.45751953125, -3952.42626953125, -3954.9423828125, -3954.94873046875, -3959.803955078125, -3958.489990234375, -3958.465576171875, -3961.620361328125, -3964.2158203125, -3966.221923828125, -3966.05517578125, -3966.16748046875, -3966.88134765625, -3966.0625, -3967.19189453125, -3966.42431640625, -3971.67041015625, -5143.583984375], "time": [0.772395133972168, 1.7951977252960205, 2.8151848316192627, 3.8311376571655273, 4.8429484367370605, 5.855428218841553, 6.86387038230896, 7.871447801589966, 8.87924838066101, 9.891281604766846, 10.904066562652588, 11.919430494308472, 12.93144702911377, 13.943581819534302, 14.955458164215088, 15.966854572296143, 16.979180097579956, 17.991264820098877, 19.003134727478027, 20.01545262336731, 21.027236700057983, 22.0399010181427, 23.051482677459717, 24.063461780548096, 25.07586145401001, 26.087555646896362, 27.09903335571289, 28.11151909828186, 29.123454570770264, 30.135278463363647, 31.147314071655273, 32.15948987007141, 33.17138409614563, 34.18348670005798, 35.1951687335968, 36.20726799964905, 37.21904420852661, 38.2315239906311, 39.24360799789429, 40.2559278011322, 41.26750588417053, 42.279419898986816, 43.29594445228577, 43.345205783843994]}