{"sample_time": [1.2719519138336182, 1.6383941173553467, 2.680025100708008, 3.7276179790496826, 4.767277002334595, 5.807119607925415, 6.8485517501831055, 7.892982244491577, 8.9360830783844, 9.983642816543579, 11.024129152297974, 12.068843603134155, 13.113662958145142, 14.15406584739685, 15.190814018249512, 16.230093002319336, 17.27073574066162, 18.308109760284424, 19.346466302871704, 20.38424563407898, 21.42153763771057, 22.455609560012817, 23.487132787704468, 24.51672887802124, 25.546507835388184, 26.580528259277344, 27.612833976745605, 28.64600944519043, 29.67757248878479, 30.709497690200806, 31.741544008255005, 32.772573947906494, 33.80496525764465, 34.83725047111511, 35.87060785293579, 36.90115523338318, 37.93486022949219, 38.96682572364807, 39.99712634086609, 41.02915978431702, 42.05933332443237, 43.09167528152466, 44.127633810043335, 45.1621778011322, 46.19617795944214, 47.22688913345337, 48.259702920913696, 49.29192495346069, 50.3248975276947, 51.35781478881836, 52.39123225212097, 53.42256999015808, 54.45497012138367, 55.487637996673584, 56.51956582069397, 57.55135631561279, 58.58551359176636, 59.61759161949158], "forward_time": [1.354860782623291, 1.684004306793213, 2.725682497024536, 3.7728915214538574, 4.8124470710754395, 5.852048873901367, 6.893524408340454, 7.9377121925354, 8.981079816818237, 10.028359651565552, 11.068719863891602, 12.114079713821411, 13.157962560653687, 14.198240518569946, 15.235876560211182, 16.27485990524292, 17.31553816795349, 18.352373838424683, 19.39141845703125, 20.428868293762207, 21.46559190750122, 22.499460458755493, 23.530564785003662, 24.560657501220703, 25.590317487716675, 26.62432312965393, 27.657662868499756, 28.68962550163269, 29.72141742706299, 30.753161907196045, 31.785280227661133, 32.8162362575531, 33.84893345832825, 34.8811616897583, 35.9147207736969, 36.94509220123291, 37.9791374206543, 39.0110969543457, 40.040921688079834, 41.073261976242065, 42.103177309036255, 43.13571238517761, 44.17157483100891, 45.20609450340271, 46.240042209625244, 47.27097010612488, 48.30371022224426, 49.33565950393677, 50.36862754821777, 51.402000427246094, 52.43524765968323, 53.46645188331604, 54.49840807914734, 55.5315465927124, 56.56322526931763, 57.59518051147461, 58.62992787361145, 59.66175603866577], "inference_loss": [963.98046875, -1151.630859375, -2123.2939453125, -2991.365234375, -3583.677734375, -3318.3359375, -3782.48828125, -4423.3115234375, -4348.533203125, -4648.14453125, -5011.107421875, -5089.458984375, -5121.24609375, -5121.24609375, -5121.24609375, -5174.9453125, -5174.9453125, -5174.9453125, -5174.9453125, -5174.9453125, -5174.9453125, -5174.9453125, -5174.9453125, -5174.9453125, -5174.9453125, -5174.9453125, -5174.9453125, -5174.9453125, -5174.9453125, -5174.9453125, -5174.9453125, -5174.9453125, -5190.58984375, -5190.58984375, -5190.58984375, -5190.58984375, -5190.58984375, -5190.58984375, -5190.58984375, -5190.58984375, -5190.58984375, -5190.58984375, -5190.58984375, -5190.58984375, -5190.58984375, -5190.58984375, -5190.58984375, -5190.58984375, -5193.921875, -5193.921875, -5193.921875, -5193.921875, -5193.921875, -5193.921875, -5193.921875, -5193.921875, -5193.921875, -5193.921875], "loss": [4765.93603515625, 2713.0537109375, 54.268341064453125, -529.05078125, -1211.816162109375, -1914.7880859375, -2409.52685546875, -2810.77783203125, -3055.13525390625, -3221.1005859375, -3497.242431640625, -3592.60400390625, -3674.378173828125, -3729.5712890625, -3771.265625, -3790.04541015625, -3803.443359375, -3818.768310546875, -3840.06591796875, -3840.21044921875, -3847.431884765625, -3855.6640625, -3855.82275390625, -3866.09521484375, -3870.717041015625, -3872.384765625, -3870.25341796875, -3876.1142578125, -3878.646484375, -3881.000732421875, -3882.56982421875, -3881.7197265625, -3882.08056640625, -3885.66015625, -3884.0361328125, -3877.43505859375, -3879.90625, -3890.72314453125, -3880.798828125, -3889.919921875, -3888.0625, -3886.561767578125, -3883.189208984375, -3890.536376953125, -3892.02783203125, -3883.09765625, -3889.988037109375, -3899.2353515625, -3902.16015625, -3903.77392578125, -3899.372802734375, -3905.31494140625, -3904.746826171875, -3907.280517578125, -3905.6298828125, -3903.9677734375, -3911.558349609375, -3908.39404296875, -5193.921875], "time": [1.5695643424987793, 2.614954948425293, 3.659909963607788, 4.702477216720581, 5.7420735359191895, 6.783208847045898, 7.826763391494751, 8.86993408203125, 9.913895606994629, 10.954146385192871, 11.99894380569458, 13.04676365852356, 14.086963653564453, 15.123365879058838, 16.162989616394043, 17.203078031539917, 18.240983963012695, 19.27925944328308, 20.316927671432495, 21.35430669784546, 22.388213396072388, 23.419907331466675, 24.449592113494873, 25.47907257080078, 26.513093948364258, 27.54559016227722, 28.57869267463684, 29.610331296920776, 30.642021417617798, 31.673954486846924, 32.70490026473999, 33.737720251083374, 34.7698392868042, 35.80322074890137, 36.83392930030823, 37.867165327072144, 38.89956974983215, 39.92972922325134, 40.96142625808716, 41.99176359176636, 43.023940563201904, 44.06011366844177, 45.094594955444336, 46.12872338294983, 47.15954947471619, 48.191871643066406, 49.224321365356445, 50.2571234703064, 51.29022288322449, 52.32339119911194, 53.35512828826904, 54.38750433921814, 55.420191526412964, 56.45178842544556, 57.48379325866699, 58.51782512664795, 59.55008101463318, 60.582863092422485, 60.98292016983032]}