{"sample_time": [0.07698202133178711, 0.29288291931152344, 0.3343958854675293, 0.3760044574737549, 0.4192514419555664, 0.46157264709472656, 0.5045619010925293, 0.547208309173584, 0.5912661552429199, 0.6348385810852051, 0.6785452365875244, 0.7220895290374756, 0.7660109996795654, 0.8094770908355713, 0.8534388542175293, 0.8969755172729492, 0.9407951831817627, 0.9838998317718506, 1.0274791717529297, 1.071225643157959, 1.114471197128296, 1.157522201538086, 1.2006077766418457, 1.2433664798736572, 1.2871732711791992, 1.3298835754394531, 1.3735926151275635, 1.4169666767120361], "forward_time": [0.2521636486053467, 0.2968635559082031, 0.3387768268585205, 0.38031840324401855, 0.42356204986572266, 0.4659140110015869, 0.5088598728179932, 0.5515134334564209, 0.595604419708252, 0.6391565799713135, 0.6828668117523193, 0.7264547348022461, 0.7703008651733398, 0.8137733936309814, 0.8577432632446289, 0.9013094902038574, 0.9451026916503906, 0.9882018566131592, 1.0323553085327148, 1.0755596160888672, 1.118781566619873, 1.1618216037750244, 1.20491361618042, 1.2476675510406494, 1.2914783954620361, 1.3341865539550781, 1.3779408931732178, 1.4212939739227295], "inference_loss": [-2758.0, -2759.0, -2775.0, -2774.0, -2773.0, -2776.0, -2763.0, -2779.0, -2762.0, -2750.0, -2770.0, -2764.0, -2765.0, -2767.0, -2776.0, -2755.0, -2776.0, -2753.0, -2752.0, -2769.0, -2768.0, -2752.0, -2768.0, -2768.0, -2779.0, -2764.0, -2778.0, -2761.0], "loss": [-2737.222900390625, -2737.09912109375, -2426.06982421875, -2725.97265625, -2736.87060546875, -2729.01416015625, -2727.78076171875, -2737.58154296875, -2735.6015625, -2737.27978515625, -2732.48876953125, -2737.33056640625, -2737.27490234375, -2738.424560546875, -2735.822998046875, -2735.85107421875, -2736.558349609375, -2734.238037109375, -2736.15673828125, -2736.342041015625, -2738.118408203125, -2735.830322265625, -2736.78857421875, -2737.19384765625, -2737.785400390625, -2738.57275390625, -2734.65185546875, -2736.87109375, -2757.0], "time": [0.2587254047393799, 0.3031303882598877, 0.34494757652282715, 0.38649511337280273, 0.42974400520324707, 0.47208428382873535, 0.5150160789489746, 0.5577244758605957, 0.6017947196960449, 0.6453816890716553, 0.6890759468078613, 0.7326676845550537, 0.7764747142791748, 0.8199877738952637, 0.8639028072357178, 0.9075355529785156, 0.95137619972229, 0.9944322109222412, 1.0385518074035645, 1.0817909240722656, 1.125032901763916, 1.167999505996704, 1.2110660076141357, 1.254075527191162, 1.2976689338684082, 1.3403866291046143, 1.3841314315795898, 1.427473783493042, 1.4600732326507568]}