{"sample_time": [0.3938767910003662, 0.9746263027191162, 1.152141809463501, 1.3324532508850098, 1.519874095916748, 1.7034270763397217, 1.8910856246948242, 2.0764434337615967, 2.265049695968628, 2.453903913497925, 2.643723487854004, 2.8333590030670166, 3.025456428527832, 3.2159180641174316, 3.407947063446045, 3.5960114002227783, 3.7843010425567627, 3.9705302715301514, 4.1600422859191895, 4.348902702331543, 4.537089109420776, 4.723237752914429, 4.911154270172119, 5.095938682556152, 5.28363823890686, 5.4693357944488525, 5.661196947097778, 5.849846124649048], "forward_time": [0.7880938053131104, 0.9806082248687744, 1.1582286357879639, 1.338606834411621, 1.5259714126586914, 1.709528923034668, 1.897078037261963, 2.0822858810424805, 2.2711217403411865, 2.4600062370300293, 2.6497907638549805, 2.839456558227539, 3.0315768718719482, 3.221952199935913, 3.414853096008301, 3.6018142700195312, 3.790316343307495, 3.976588249206543, 4.166116237640381, 4.354968547821045, 4.543095588684082, 4.729064464569092, 4.9170262813568115, 5.101984739303589, 5.289733409881592, 5.475461959838867, 5.667302370071411, 5.855923891067505], "inference_loss": [-2758.0, -2759.0, -2775.0, -2774.0, -2773.0, -2776.0, -2763.0, -2779.0, -2762.0, -2750.0, -2770.0, -2764.0, -2765.0, -2767.0, -2776.0, -2755.0, -2776.0, -2753.0, -2752.0, -2769.0, -2768.0, -2752.0, -2768.0, -2768.0, -2779.0, -2764.0, -2778.0, -2761.0], "loss": [-2737.222900390625, -2737.09912109375, -2426.06982421875, -2725.97265625, -2736.87060546875, -2729.01416015625, -2727.78076171875, -2737.58154296875, -2735.6015625, -2737.27978515625, -2732.48876953125, -2737.33056640625, -2737.27490234375, -2738.424560546875, -2735.822998046875, -2735.85107421875, -2736.558349609375, -2734.238037109375, -2736.15673828125, -2736.342041015625, -2738.118408203125, -2735.830322265625, -2736.78857421875, -2737.19384765625, -2737.785400390625, -2738.57275390625, -2734.65185546875, -2736.87109375, -2757.0], "time": [0.793449878692627, 0.9857325553894043, 1.1635162830352783, 1.343970537185669, 1.5312585830688477, 1.7148654460906982, 1.9022977352142334, 2.087522029876709, 2.2763490676879883, 2.4652462005615234, 2.6550893783569336, 2.8446738719940186, 3.0368611812591553, 3.227168560028076, 3.4200851917266846, 3.606987237930298, 3.7955081462860107, 3.981778860092163, 4.1714112758636475, 4.360254764556885, 4.548322677612305, 4.734269142150879, 4.922264099121094, 5.107259035110474, 5.294997215270996, 5.480679273605347, 5.672528266906738, 5.86118221282959, 6.058674335479736]}