{"sample_time": [0.40312862396240234, 0.9903721809387207, 1.1713111400604248, 1.3543715476989746, 1.549177885055542, 1.7458691596984863, 1.941159725189209, 2.1371772289276123, 2.3326358795166016, 2.528486490249634, 2.724777936935425, 2.9210922718048096, 3.111327648162842, 3.307760715484619, 3.505411148071289, 3.699068069458008, 3.891603469848633, 4.086686611175537, 4.284045219421387, 4.479676961898804, 4.674822092056274, 4.871279001235962, 5.067968845367432, 5.263490915298462, 5.460810422897339, 5.6602466106414795, 5.859373092651367, 6.058452606201172, 6.258420467376709, 6.4579854011535645, 6.658389329910278, 6.8588409423828125, 7.0586020946502686, 7.255906581878662, 7.456890821456909, 7.658849000930786, 7.858905792236328, 8.062484979629517, 8.265521764755249, 8.467182636260986, 8.667508125305176, 8.869004964828491, 9.071659803390503, 9.273506164550781, 9.473840475082397, 9.67679214477539, 9.877851247787476, 10.078450918197632, 10.27923583984375, 10.481974601745605, 10.684996604919434, 10.888161659240723, 11.090448141098022, 11.293484210968018, 11.494969844818115, 11.697985649108887, 11.899758577346802, 12.10093903541565], "forward_time": [0.8096497058868408, 0.9964077472686768, 1.1772687435150146, 1.360487937927246, 1.555330514907837, 1.7519917488098145, 1.9472377300262451, 2.143035888671875, 2.3387017250061035, 2.5346570014953613, 2.73148512840271, 2.9272046089172363, 3.1174583435058594, 3.3138561248779297, 3.5116543769836426, 3.7049713134765625, 3.8977415561676025, 4.092784643173218, 4.290221691131592, 4.48580527305603, 4.681006193161011, 4.877258539199829, 5.073910236358643, 5.269530296325684, 5.466920614242554, 5.666292905807495, 5.865421772003174, 6.064596891403198, 6.264455556869507, 6.46391487121582, 6.664271116256714, 6.864773988723755, 7.064735651016235, 7.262037038803101, 7.46287202835083, 7.664880275726318, 7.864877939224243, 8.068431615829468, 8.271491050720215, 8.473104000091553, 8.673662900924683, 8.875203847885132, 9.077638626098633, 9.27951192855835, 9.482022762298584, 9.682734251022339, 9.883771181106567, 10.084377527236938, 10.285288095474243, 10.488030195236206, 10.69089651107788, 10.89411735534668, 11.096458196640015, 11.299454689025879, 11.500843524932861, 11.7038893699646, 11.90598750114441, 12.107111930847168], "inference_loss": [-2821.0, -2842.0, -2868.0, -2860.0, -2870.0, -2846.0, -2868.0, -2863.0, -2874.0, -2864.0, -2877.0, -2844.0, -2845.0, -2864.0, -2865.0, -2876.0, -2874.0, -2865.0, -2869.0, -2868.0, -2869.0, -2872.0, -2875.0, -2872.0, -2884.0, -2879.0, -2879.0, -2884.0, -2888.0, -2885.0, -2888.0, -2895.0, -2895.0, -2902.0, -2917.0, -2922.0, -2922.0, -2931.0, -2931.0, -2931.0, -2931.0, -2931.0, -2931.0, -2931.0, -2931.0, -2931.0, -2931.0, -2931.0, -2931.0, -2931.0, -2931.0, -2931.0, -2931.0, -2931.0, -2931.0, -2931.0, -2931.0, -2931.0], "loss": [-2782.40771484375, -2764.51513671875, -2613.69677734375, -2764.8544921875, -2784.06201171875, -2782.00390625, -2782.56494140625, -2783.66162109375, -2783.5830078125, -2782.630859375, -2782.267578125, -2784.11376953125, -2780.14111328125, -2780.50927734375, -2782.598876953125, -2782.165771484375, -2779.9404296875, -2783.75830078125, -2780.718505859375, -2785.8046875, -2782.84765625, -2784.10791015625, -2784.58447265625, -2787.16357421875, -2786.8291015625, -2785.55029296875, -2789.39501953125, -2794.441650390625, -2802.947021484375, -2811.967529296875, -2818.4951171875, -2829.4873046875, -2852.435546875, -2867.60009765625, -2875.951171875, -2883.1708984375, -2885.884033203125, -2889.489990234375, -2889.47265625, -2891.4482421875, -2891.983154296875, -2892.711181640625, -2893.825439453125, -2894.135009765625, -2894.38330078125, -2894.908203125, -2895.310546875, -2895.7275390625, -2895.886474609375, -2895.8154296875, -2896.1435546875, -2896.026123046875, -2896.16552734375, -2896.11572265625, -2896.494140625, -2896.533203125, -2896.5009765625, -2896.54443359375, -2931.0], "time": [0.8151309490203857, 1.0019409656524658, 1.1826467514038086, 1.3656730651855469, 1.5607044696807861, 1.757235050201416, 1.952683448791504, 2.1482956409454346, 2.3440518379211426, 2.5399422645568848, 2.7368485927581787, 2.9324209690093994, 3.1228108406066895, 3.3191630840301514, 3.5169484615325928, 3.7102298736572266, 3.903137445449829, 4.098101854324341, 4.295459270477295, 4.491116523742676, 4.686284065246582, 4.882519960403442, 5.079285383224487, 5.27486515045166, 5.472166061401367, 5.6714935302734375, 5.870824575424194, 6.0701000690460205, 6.2699973583221436, 6.469199895858765, 6.6695215702056885, 6.870111703872681, 7.070042133331299, 7.267454624176025, 7.4683263301849365, 7.670357704162598, 7.870335817337036, 8.073828220367432, 8.27687954902649, 8.4783616065979, 8.678856372833252, 8.880674600601196, 9.083163022994995, 9.285037994384766, 9.487464189529419, 9.688050031661987, 9.889148712158203, 10.08959674835205, 10.290500164031982, 10.493408918380737, 10.696309089660645, 10.89954161643982, 11.10184907913208, 11.304707050323486, 11.506186962127686, 11.709216356277466, 11.911382675170898, 12.112610578536987, 12.342788457870483]}