{"sample_time": [0.07533431053161621, 0.29439616203308105, 0.3362445831298828, 0.3791208267211914, 0.4236316680908203, 0.468731164932251, 0.5130214691162109, 0.5577142238616943, 0.6024661064147949, 0.6474997997283936, 0.693960428237915, 0.7393696308135986, 0.7837598323822021, 0.8289220333099365, 0.874525785446167, 0.9189538955688477, 0.9634640216827393, 1.0081732273101807, 1.0529932975769043, 1.0982353687286377, 1.1428537368774414, 1.1877508163452148, 1.2325820922851562, 1.2775557041168213, 1.3226819038391113, 1.3679771423339844, 1.4133460521697998, 1.4590070247650146, 1.5043385028839111, 1.5499792098999023, 1.5951035022735596, 1.6405558586120605, 1.686159610748291, 1.7318084239959717, 1.777439832687378, 1.8238129615783691, 1.8698480129241943, 1.9158847332000732, 1.9617891311645508, 2.0074424743652344, 2.053419589996338, 2.099287748336792, 2.1451852321624756, 2.191542863845825, 2.2375328540802, 2.283612012863159, 2.3304402828216553, 2.3763010501861572, 2.4226481914520264, 2.4684228897094727, 2.5141992568969727, 2.5604546070098877, 2.606598138809204, 2.6529300212860107, 2.6989238262176514, 2.744798421859741, 2.790658712387085, 2.836266279220581], "forward_time": [0.2546267509460449, 0.2984170913696289, 0.3405942916870117, 0.38342714309692383, 0.42797040939331055, 0.47305989265441895, 0.517369270324707, 0.5620670318603516, 0.6068453788757324, 0.6518380641937256, 0.6985306739807129, 0.7436950206756592, 0.7880859375, 0.833794355392456, 0.8788530826568604, 0.9233288764953613, 0.9678010940551758, 1.012509822845459, 1.0573210716247559, 1.1025683879852295, 1.1472609043121338, 1.1920740604400635, 1.2369143962860107, 1.2819321155548096, 1.3270025253295898, 1.3723382949829102, 1.4176795482635498, 1.4633305072784424, 1.5086779594421387, 1.5543110370635986, 1.599456787109375, 1.6449322700500488, 1.69051194190979, 1.7361500263214111, 1.7817654609680176, 1.8281340599060059, 1.874213457107544, 1.9202649593353271, 1.9661154747009277, 2.011824131011963, 2.057755470275879, 2.103623151779175, 2.149571418762207, 2.195965051651001, 2.2418460845947266, 2.287947416305542, 2.3347525596618652, 2.3806893825531006, 2.4270060062408447, 2.472764730453491, 2.518527030944824, 2.564831018447876, 2.6109962463378906, 2.6572818756103516, 2.703284502029419, 2.7491109371185303, 2.7950050830841064, 2.840581178665161], "inference_loss": [-2821.0, -2842.0, -2868.0, -2860.0, -2870.0, -2846.0, -2868.0, -2863.0, -2874.0, -2864.0, -2877.0, -2844.0, -2845.0, -2864.0, -2865.0, -2876.0, -2874.0, -2865.0, -2869.0, -2868.0, -2869.0, -2872.0, -2875.0, -2872.0, -2884.0, -2879.0, -2879.0, -2884.0, -2888.0, -2885.0, -2888.0, -2895.0, -2895.0, -2902.0, -2917.0, -2922.0, -2922.0, -2931.0, -2931.0, -2931.0, -2931.0, -2931.0, -2931.0, -2931.0, -2931.0, -2931.0, -2931.0, -2931.0, -2931.0, -2931.0, -2931.0, -2931.0, -2931.0, -2931.0, -2931.0, -2931.0, -2931.0, -2931.0], "loss": [-2782.40771484375, -2764.51513671875, -2613.69677734375, -2764.8544921875, -2784.06201171875, -2782.00390625, -2782.56494140625, -2783.66162109375, -2783.5830078125, -2782.630859375, -2782.267578125, -2784.11376953125, -2780.14111328125, -2780.50927734375, -2782.598876953125, -2782.165771484375, -2779.9404296875, -2783.75830078125, -2780.718505859375, -2785.8046875, -2782.84765625, -2784.10791015625, -2784.58447265625, -2787.16357421875, -2786.8291015625, -2785.55029296875, -2789.39501953125, -2794.441650390625, -2802.947021484375, -2811.967529296875, -2818.4951171875, -2829.4873046875, -2852.435546875, -2867.60009765625, -2875.951171875, -2883.1708984375, -2885.884033203125, -2889.489990234375, -2889.47265625, -2891.4482421875, -2891.983154296875, -2892.711181640625, -2893.825439453125, -2894.135009765625, -2894.38330078125, -2894.908203125, -2895.310546875, -2895.7275390625, -2895.886474609375, -2895.8154296875, -2896.1435546875, -2896.026123046875, -2896.16552734375, -2896.11572265625, -2896.494140625, -2896.533203125, -2896.5009765625, -2896.54443359375, -2931.0], "time": [0.2612483501434326, 0.30466628074645996, 0.346820592880249, 0.38968586921691895, 0.4343147277832031, 0.4792647361755371, 0.5236303806304932, 0.5683586597442627, 0.613112211227417, 0.6580724716186523, 0.7049520015716553, 0.7499854564666748, 0.7943711280822754, 0.8400812149047852, 0.8850839138031006, 0.9296033382415771, 0.9740574359893799, 1.018765926361084, 1.0636134147644043, 1.1088659763336182, 1.15348219871521, 1.1983683109283447, 1.2431621551513672, 1.2881991863250732, 1.3332414627075195, 1.3785898685455322, 1.4239544868469238, 1.4695897102355957, 1.5149688720703125, 1.560518741607666, 1.6057567596435547, 1.6511945724487305, 1.696793794631958, 1.7423999309539795, 1.7880473136901855, 1.8344898223876953, 1.8805015087127686, 1.9265339374542236, 1.97236967086792, 2.018221378326416, 2.0639913082122803, 2.1099019050598145, 2.155794620513916, 2.2023048400878906, 2.248093843460083, 2.2942492961883545, 2.341021776199341, 2.386971950531006, 2.433243989944458, 2.479036331176758, 2.5247888565063477, 2.571117877960205, 2.617316246032715, 2.6635987758636475, 2.7095658779144287, 2.7554266452789307, 2.8012571334838867, 2.846842050552368, 2.88212251663208]}