{"sample_time": [0.049718618392944336, 0.14729547500610352, 0.18224740028381348, 0.21778011322021484, 0.25426793098449707, 0.2911858558654785, 0.32911229133605957, 0.3673582077026367, 0.40590786933898926, 0.4441685676574707, 0.48250889778137207, 0.5206894874572754, 0.5590419769287109, 0.5974483489990234, 0.6357131004333496, 0.6739051342010498, 0.7122585773468018, 0.7505593299865723, 0.7888400554656982, 0.827115535736084, 0.8652467727661133, 0.903562068939209, 0.9416310787200928, 0.9799213409423828, 1.0182607173919678, 1.0567405223846436, 1.0952720642089844, 1.1335699558258057, 1.1721405982971191, 1.210552453994751, 1.2490146160125732, 1.2873516082763672, 1.3257920742034912, 1.3641223907470703, 1.4026331901550293, 1.4410994052886963, 1.4796757698059082, 1.5183660984039307, 1.5575053691864014, 1.5959141254425049, 1.6342856884002686, 1.672562599182129, 1.7109522819519043, 1.7494006156921387, 1.7878637313842773, 1.8262135982513428, 1.8644819259643555, 1.9053797721862793, 1.943953037261963, 1.9822967052459717, 2.0208163261413574, 2.0593512058258057], "forward_time": [0.11567234992980957, 0.15085792541503906, 0.18628692626953125, 0.22168612480163574, 0.2582113742828369, 0.2950785160064697, 0.3329944610595703, 0.37128615379333496, 0.40981340408325195, 0.44806957244873047, 0.4864084720611572, 0.5245866775512695, 0.5629403591156006, 0.6013362407684326, 0.6396157741546631, 0.6777989864349365, 0.7161586284637451, 0.7544553279876709, 0.7927522659301758, 0.8309950828552246, 0.8691527843475342, 0.9074444770812988, 0.9455225467681885, 0.9838173389434814, 1.022158145904541, 1.0606553554534912, 1.0991532802581787, 1.1374773979187012, 1.176079273223877, 1.214458703994751, 1.252918004989624, 1.2912492752075195, 1.329681396484375, 1.3680377006530762, 1.4065401554107666, 1.4450500011444092, 1.483586072921753, 1.522935390472412, 1.5614051818847656, 1.5997965335845947, 1.6381771564483643, 1.6764588356018066, 1.714867115020752, 1.7533011436462402, 1.79176926612854, 1.8300905227661133, 1.868384838104248, 1.909421682357788, 1.947866439819336, 1.9862117767333984, 2.0247130393981934, 2.06325101852417], "inference_loss": [-974.0, -967.0, -978.0, -1007.0, -1033.0, -1058.0, -1066.0, -1066.0, -1068.0, -1070.0, -1070.0, -1070.0, -1070.0, -1071.0, -1071.0, -1071.0, -1071.0, -1071.0, -1071.0, -1071.0, -1071.0, -1071.0, -1071.0, -1071.0, -1071.0, -1071.0, -1071.0, -1071.0, -1071.0, -1071.0, -1071.0, -1073.0, -1073.0, -1073.0, -1073.0, -1073.0, -1073.0, -1073.0, -1073.0, -1073.0, -1073.0, -1073.0, -1073.0, -1073.0, -1073.0, -1073.0, -1073.0, -1073.0, -1073.0, -1073.0, -1073.0, -1073.0], "loss": [-943.992431640625, -943.9340209960938, -927.8370361328125, -946.4971923828125, -977.7705688476562, -1027.3907470703125, -1044.1103515625, -1048.966796875, -1050.978271484375, -1052.047607421875, -1052.5072021484375, -1052.96630859375, -1053.2374267578125, -1053.832275390625, -1053.988037109375, -1054.143310546875, -1054.51708984375, -1054.849853515625, -1055.009521484375, -1055.03955078125, -1055.0548095703125, -1055.17333984375, -1055.191162109375, -1055.2666015625, -1055.34228515625, -1055.409423828125, -1055.455810546875, -1055.4853515625, -1055.599609375, -1055.700439453125, -1055.787841796875, -1055.8701171875, -1055.895751953125, -1055.921142578125, -1055.89794921875, -1055.8697509765625, -1055.969482421875, -1055.9703369140625, -1056.005615234375, -1056.1221923828125, -1056.16943359375, -1056.15966796875, -1056.17626953125, -1056.218017578125, -1056.2391357421875, -1056.239501953125, -1056.4600830078125, -1056.4593505859375, -1056.46142578125, -1056.4752197265625, -1056.5263671875, -1056.551513671875, -1073.0], "time": [0.11958146095275879, 0.1546766757965088, 0.18999028205871582, 0.22625017166137695, 0.2627692222595215, 0.3005537986755371, 0.3386518955230713, 0.3770122528076172, 0.4155106544494629, 0.4537382125854492, 0.49207401275634766, 0.5302548408508301, 0.568652868270874, 0.6070160865783691, 0.6453127861022949, 0.6834554672241211, 0.7218260765075684, 0.7601306438446045, 0.7984671592712402, 0.8366515636444092, 0.8748176097869873, 0.9131126403808594, 0.9511961936950684, 0.9894859790802002, 1.027843713760376, 1.0664432048797607, 1.1047909259796143, 1.143181562423706, 1.1817185878753662, 1.2201933860778809, 1.2585740089416504, 1.2969179153442383, 1.3353455066680908, 1.373720407485962, 1.4121990203857422, 1.450735092163086, 1.489262580871582, 1.5286650657653809, 1.5671215057373047, 1.6054506301879883, 1.643873691558838, 1.6820862293243408, 1.7205281257629395, 1.758951187133789, 1.7974536418914795, 1.8357911109924316, 1.87406325340271, 1.915160894393921, 1.9535200595855713, 1.9919087886810303, 2.0303914546966553, 2.069037675857544, 2.09773325920105]}