{"sample_time": [0.2335045337677002, 0.5323011875152588, 0.6842141151428223, 0.8367760181427002, 0.9950928688049316, 1.1540467739105225, 1.3159492015838623, 1.47841477394104, 1.6400156021118164, 1.8012192249298096, 1.962951898574829, 2.1243903636932373, 2.2860610485076904, 2.4472460746765137, 2.609860420227051, 2.7714390754699707, 2.934713840484619, 3.0965816974639893, 3.258511781692505, 3.419969081878662, 3.5809991359710693, 3.7427663803100586, 3.9057161808013916, 4.067718267440796, 4.226558446884155, 4.387622833251953, 4.549453496932983, 4.711701393127441, 4.8729493618011475, 5.033828020095825, 5.195963144302368, 5.358818054199219, 5.5210816860198975, 5.683753490447998, 5.846958637237549, 6.009352207183838, 6.171732664108276, 6.332680940628052, 6.494094133377075, 6.656450271606445, 6.818385362625122, 6.981679201126099, 7.142064809799194, 7.304325819015503, 7.4666900634765625, 7.628093719482422, 7.787384510040283, 7.950377941131592, 8.112215757369995, 8.27483320236206, 8.434524536132812, 8.597151041030884], "forward_time": [0.3842904567718506, 0.537311315536499, 0.6895105838775635, 0.8421261310577393, 1.000410556793213, 1.159576416015625, 1.321488857269287, 1.4839823246002197, 1.6455042362213135, 1.8065414428710938, 1.9682633876800537, 2.1296958923339844, 2.2913482189178467, 2.4527759552001953, 2.615180730819702, 2.7769901752471924, 2.9403083324432373, 3.102198362350464, 3.264069080352783, 3.425520181655884, 3.586479425430298, 3.7481446266174316, 3.911062002182007, 4.073063850402832, 4.232147693634033, 4.393858909606934, 4.555021524429321, 4.717306852340698, 4.878500461578369, 5.0393617153167725, 5.20139741897583, 5.36432671546936, 5.52644157409668, 5.6893837451934814, 5.852515697479248, 6.014925003051758, 6.1773529052734375, 6.338254451751709, 6.499729156494141, 6.662033796310425, 6.823803186416626, 6.987001657485962, 7.1473658084869385, 7.30984902381897, 7.472238063812256, 7.633606672286987, 7.792771816253662, 7.955856800079346, 8.117648124694824, 8.280354976654053, 8.439938068389893, 8.602741956710815], "inference_loss": [-974.0, -967.0, -978.0, -1007.0, -1033.0, -1058.0, -1066.0, -1066.0, -1068.0, -1070.0, -1070.0, -1070.0, -1070.0, -1071.0, -1071.0, -1071.0, -1071.0, -1071.0, -1071.0, -1071.0, -1071.0, -1071.0, -1071.0, -1071.0, -1071.0, -1071.0, -1071.0, -1071.0, -1071.0, -1071.0, -1071.0, -1073.0, -1073.0, -1073.0, -1073.0, -1073.0, -1073.0, -1073.0, -1073.0, -1073.0, -1073.0, -1073.0, -1073.0, -1073.0, -1073.0, -1073.0, -1073.0, -1073.0, -1073.0, -1073.0, -1073.0, -1073.0], "loss": [-943.992431640625, -943.9340209960938, -927.8370361328125, -946.4971923828125, -977.7705688476562, -1027.3907470703125, -1044.1103515625, -1048.966796875, -1050.978271484375, -1052.047607421875, -1052.5072021484375, -1052.96630859375, -1053.2374267578125, -1053.832275390625, -1053.988037109375, -1054.143310546875, -1054.51708984375, -1054.849853515625, -1055.009521484375, -1055.03955078125, -1055.0548095703125, -1055.17333984375, -1055.191162109375, -1055.2666015625, -1055.34228515625, -1055.409423828125, -1055.455810546875, -1055.4853515625, -1055.599609375, -1055.700439453125, -1055.787841796875, -1055.8701171875, -1055.895751953125, -1055.921142578125, -1055.89794921875, -1055.8697509765625, -1055.969482421875, -1055.9703369140625, -1056.005615234375, -1056.1221923828125, -1056.16943359375, -1056.15966796875, -1056.17626953125, -1056.218017578125, -1056.2391357421875, -1056.239501953125, -1056.4600830078125, -1056.4593505859375, -1056.46142578125, -1056.4752197265625, -1056.5263671875, -1056.551513671875, -1073.0], "time": [0.3889338970184326, 0.5419056415557861, 0.694049596786499, 0.8466951847076416, 1.004908800125122, 1.1641392707824707, 1.3260791301727295, 1.4887032508850098, 1.6500799655914307, 1.811103343963623, 1.9728248119354248, 2.1342029571533203, 2.295867919921875, 2.457270860671997, 2.619843006134033, 2.7815933227539062, 2.944772958755493, 3.1068272590637207, 3.268784999847412, 3.430094003677368, 3.5911014080047607, 3.7527883052825928, 3.9158377647399902, 4.0777506828308105, 4.236850738525391, 4.398413181304932, 4.55967903137207, 4.721924304962158, 4.883206844329834, 5.043983221054077, 5.2060158252716064, 5.368948698043823, 5.531114101409912, 5.693974018096924, 5.857209205627441, 6.019442558288574, 6.1819891929626465, 6.342900276184082, 6.504310607910156, 6.66656231880188, 6.8284010887146, 6.991428852081299, 7.1519269943237305, 7.314385175704956, 7.476834535598755, 7.638300180435181, 7.797302961349487, 7.960403680801392, 8.122249126434326, 8.284973621368408, 8.444453477859497, 8.607335090637207, 8.789706707000732]}