{"sample_time": [0.23404741287231445, 0.5325732231140137, 0.6857268810272217, 0.8397419452667236, 0.996504545211792, 1.1565625667572021, 1.3170266151428223, 1.4784519672393799, 1.641967535018921, 1.806213617324829, 1.9686059951782227, 2.130333662033081, 2.2922041416168213, 2.454826831817627, 2.616549015045166, 2.778352737426758, 2.941014051437378, 3.104048252105713, 3.2665581703186035, 3.429790735244751, 3.591214895248413, 3.754270553588867, 3.913010835647583, 4.072398900985718, 4.2314348220825195, 4.39350962638855, 4.556140184402466, 4.7181572914123535, 4.879199028015137, 5.041838884353638, 5.203542947769165, 5.366283893585205, 5.528544187545776, 5.690118312835693, 5.851495265960693, 6.013849496841431, 6.177368879318237, 6.3394269943237305], "forward_time": [0.3841533660888672, 0.5375652313232422, 0.6910035610198975, 0.8450427055358887, 1.00187087059021, 1.1621036529541016, 1.322622537612915, 1.4840114116668701, 1.6474201679229736, 1.811551809310913, 1.9739012718200684, 2.1357250213623047, 2.297553062438965, 2.460397958755493, 2.6218652725219727, 2.7838945388793945, 2.9465434551239014, 3.1095480918884277, 3.272040843963623, 3.4353134632110596, 3.5966739654541016, 3.759610891342163, 3.9183435440063477, 4.07776951789856, 4.237006425857544, 4.39975643157959, 4.5617358684539795, 4.72374415397644, 4.884779453277588, 5.047361373901367, 5.208955764770508, 5.371750831604004, 5.533900260925293, 5.695622444152832, 5.856972932815552, 6.019364833831787, 6.182898283004761, 6.3449366092681885], "inference_loss": [-972.0, -964.0, -988.0, -985.0, -1025.0, -1032.0, -1067.0, -1073.0, -1073.0, -1073.0, -1074.0, -1074.0, -1074.0, -1074.0, -1074.0, -1074.0, -1074.0, -1075.0, -1075.0, -1075.0, -1075.0, -1075.0, -1075.0, -1075.0, -1075.0, -1075.0, -1075.0, -1075.0, -1075.0, -1075.0, -1075.0, -1075.0, -1075.0, -1075.0, -1075.0, -1075.0, -1075.0, -1075.0], "loss": [-945.5026245117188, -946.1734619140625, -942.5979614257812, -934.352783203125, -949.7608032226562, -992.017578125, -1033.60302734375, -1047.994873046875, -1051.8585205078125, -1053.8753662109375, -1055.0609130859375, -1055.654296875, -1056.08642578125, -1056.3408203125, -1056.593994140625, -1056.88427734375, -1056.972412109375, -1057.185302734375, -1057.331787109375, -1057.320068359375, -1057.4376220703125, -1057.476806640625, -1057.61328125, -1057.77685546875, -1057.8060302734375, -1057.808837890625, -1057.80908203125, -1057.838134765625, -1057.840576171875, -1057.8353271484375, -1057.842041015625, -1057.8521728515625, -1057.962158203125, -1057.9661865234375, -1057.96484375, -1057.964111328125, -1058.02490234375, -1058.029052734375, -1075.0], "time": [0.3888278007507324, 0.5421736240386963, 0.6955878734588623, 0.849668025970459, 1.0065350532531738, 1.166774034500122, 1.3271691799163818, 1.4887375831604004, 1.6519782543182373, 1.8160991668701172, 1.9785716533660889, 2.1403298377990723, 2.302126407623291, 2.4649832248687744, 2.626528024673462, 2.7886030673980713, 2.951024055480957, 3.1140758991241455, 3.2766201496124268, 3.4398481845855713, 3.601167678833008, 3.764073610305786, 3.9229748249053955, 4.082298994064331, 4.241684913635254, 4.404396295547485, 4.566260814666748, 4.728309869766235, 4.889351844787598, 5.051927804946899, 5.21361780166626, 5.376323699951172, 5.538466930389404, 5.700124025344849, 5.861661195755005, 6.023880958557129, 6.187377452850342, 6.349457502365112, 6.526958227157593]}