{"sample_time": [0.04697084426879883, 0.14632201194763184, 0.18259263038635254, 0.2193467617034912, 0.25689172744750977, 0.2943460941314697, 0.3324916362762451, 0.3705751895904541, 0.40854835510253906, 0.4463925361633301, 0.48448967933654785, 0.5227878093719482, 0.5613336563110352, 0.5999531745910645, 0.6382670402526855, 0.6762118339538574, 0.714174747467041, 0.752316951751709, 0.7902717590332031, 0.8282980918884277, 0.8668386936187744, 0.9049403667449951, 0.9434747695922852, 0.9814841747283936, 1.0195200443267822, 1.0573856830596924, 1.0953419208526611, 1.1332156658172607, 1.171750545501709, 1.2099497318267822, 1.2484276294708252, 1.2862379550933838, 1.3242747783660889, 1.362398624420166, 1.4004931449890137, 1.4384198188781738, 1.476898193359375, 1.514901876449585], "forward_time": [0.11326766014099121, 0.14990758895874023, 0.18654084205627441, 0.22326278686523438, 0.26079702377319336, 0.29823732376098633, 0.33637189865112305, 0.37448596954345703, 0.41242527961730957, 0.4502696990966797, 0.4883687496185303, 0.5266971588134766, 0.5652139186859131, 0.6038353443145752, 0.6421909332275391, 0.68007493019104, 0.7180647850036621, 0.7562031745910645, 0.7941572666168213, 0.8321943283081055, 0.8707399368286133, 0.9088382720947266, 0.9473896026611328, 0.9853875637054443, 1.0234096050262451, 1.0612688064575195, 1.0992302894592285, 1.1371159553527832, 1.1756377220153809, 1.2138738632202148, 1.252319097518921, 1.290146827697754, 1.328160047531128, 1.3662879467010498, 1.4043824672698975, 1.4422919750213623, 1.4807929992675781, 1.519446849822998], "inference_loss": [-972.0, -964.0, -988.0, -985.0, -1025.0, -1032.0, -1067.0, -1073.0, -1073.0, -1073.0, -1074.0, -1074.0, -1074.0, -1074.0, -1074.0, -1074.0, -1074.0, -1075.0, -1075.0, -1075.0, -1075.0, -1075.0, -1075.0, -1075.0, -1075.0, -1075.0, -1075.0, -1075.0, -1075.0, -1075.0, -1075.0, -1075.0, -1075.0, -1075.0, -1075.0, -1075.0, -1075.0, -1075.0], "loss": [-945.5026245117188, -946.1734619140625, -942.5979614257812, -934.352783203125, -949.7608032226562, -992.017578125, -1033.60302734375, -1047.994873046875, -1051.8585205078125, -1053.8753662109375, -1055.0609130859375, -1055.654296875, -1056.08642578125, -1056.3408203125, -1056.593994140625, -1056.88427734375, -1056.972412109375, -1057.185302734375, -1057.331787109375, -1057.320068359375, -1057.4376220703125, -1057.476806640625, -1057.61328125, -1057.77685546875, -1057.8060302734375, -1057.808837890625, -1057.80908203125, -1057.838134765625, -1057.840576171875, -1057.8353271484375, -1057.842041015625, -1057.8521728515625, -1057.962158203125, -1057.9661865234375, -1057.96484375, -1057.964111328125, -1058.02490234375, -1058.029052734375, -1075.0], "time": [0.11911177635192871, 0.1557021141052246, 0.19224905967712402, 0.22890090942382812, 0.26644182205200195, 0.30392003059387207, 0.3420429229736328, 0.3801438808441162, 0.418046236038208, 0.4559640884399414, 0.49401378631591797, 0.5323429107666016, 0.5710287094116211, 0.6094903945922852, 0.6478724479675293, 0.6857280731201172, 0.7237656116485596, 0.761899471282959, 0.7998359203338623, 0.8378210067749023, 0.8765108585357666, 0.9144725799560547, 0.9530580043792725, 0.9910740852355957, 1.029085397720337, 1.0669713020324707, 1.104870080947876, 1.1428077220916748, 1.1812617778778076, 1.2195754051208496, 1.2579591274261475, 1.295846700668335, 1.333801031112671, 1.3720881938934326, 1.4100341796875, 1.4479339122772217, 1.4864826202392578, 1.5251364707946777, 1.5538313388824463]}