{"sample_time": [1.7922837734222412, 2.283540725708008, 3.450309991836548, 4.590924978256226, 5.722334861755371, 6.8841552734375, 8.0692880153656, 9.200093746185303, 10.343204259872437, 11.509050607681274, 12.672471046447754, 13.839327096939087, 14.992222785949707, 16.150886058807373, 17.325823307037354, 18.504257440567017, 19.74282193183899, 20.944365978240967, 22.152960777282715, 23.325915098190308, 24.581292390823364, 25.762053728103638, 26.987009286880493, 28.29766035079956, 29.478236436843872, 30.651832580566406, 31.844680786132812, 33.13620066642761, 34.32705760002136, 35.56186079978943, 36.735931158065796, 37.908703327178955, 39.097941637039185, 40.319904088974, 41.500574827194214, 42.698302030563354, 43.992005348205566, 45.165613651275635, 46.33792042732239, 47.503087759017944], "forward_time": [2.0057497024536133, 2.438216209411621, 3.599234104156494, 4.744755029678345, 5.881706237792969, 7.0375816822052, 8.216401100158691, 9.352524518966675, 10.494415283203125, 11.658982038497925, 12.821470022201538, 13.988616943359375, 15.144011735916138, 16.302096605300903, 17.488905429840088, 18.66416645050049, 19.900545835494995, 21.097394227981567, 22.31844711303711, 23.48349380493164, 24.738792419433594, 25.93402624130249, 27.149713277816772, 28.449952840805054, 29.62967586517334, 30.821740865707397, 32.00617790222168, 33.29867339134216, 34.48372769355774, 35.71257925033569, 36.88780236244202, 38.068339347839355, 39.25328207015991, 40.47173357009888, 41.66960597038269, 42.858956813812256, 44.1431999206543, 45.31568670272827, 46.48856711387634, 47.65984654426575], "inference_loss": [39303.875, 18870.68359375, 28915.392578125, 15480.7412109375, 12807.578125, 12744.330078125, 15382.1484375, 11690.373046875, -8225.51171875, -11652.625, -11155.58203125, -11891.75390625, -9481.443359375, -12996.3203125, -14330.5078125, -14330.5078125, -14882.95703125, -14911.2578125, -15022.42578125, -15115.34765625, -15115.34765625, -15115.34765625, -15115.34765625, -15115.34765625, -15115.34765625, -15115.34765625, -15115.34765625, -15115.34765625, -15115.34765625, -15115.34765625, -15115.34765625, -15115.34765625, -15115.34765625, -15115.34765625, -15115.34765625, -15115.34765625, -15115.34765625, -15115.34765625, -15115.34765625, -15115.34765625], "loss": [16940.197265625, 5527.08984375, -897.4992065429688, -1606.8773193359375, -1711.2421875, -2432.049560546875, -4154.708984375, -5143.8310546875, -7753.49365234375, -8716.6708984375, -7912.794921875, -10248.1552734375, -11795.2197265625, -12915.2255859375, -13749.0166015625, -14255.35546875, -14584.13671875, -14820.0068359375, -14969.51171875, -15142.080078125, -15218.072265625, -15307.1708984375, -15282.97265625, -15301.55859375, -15299.6865234375, -15374.98046875, -15405.369140625, -15374.5859375, -15425.8349609375, -15287.7275390625, -15417.32421875, -15414.7392578125, -15448.318359375, -15426.7685546875, -15506.61328125, -15493.0595703125, -15497.2568359375, -15536.123046875, -15468.8232421875, -15546.1640625, -15115.34765625], "time": [2.247988700866699, 3.4170098304748535, 4.542553901672363, 5.676611423492432, 6.835910081863403, 8.025491952896118, 9.148156642913818, 10.289336919784546, 11.448838233947754, 12.611363649368286, 13.763033151626587, 14.930378437042236, 16.08776307106018, 17.25770854949951, 18.440528392791748, 19.678659677505493, 20.879886150360107, 22.084200620651245, 23.256855487823486, 24.512142419815063, 25.692433834075928, 26.91809058189392, 28.228394031524658, 29.408910989761353, 30.582443714141846, 31.775343418121338, 33.06719613075256, 34.257949352264404, 35.49267554283142, 36.666831731796265, 37.83981800079346, 39.0289671421051, 40.250797748565674, 41.431336641311646, 42.62939500808716, 43.92265963554382, 45.09636902809143, 46.269124269485474, 47.434139013290405, 48.61349701881409, 48.76997423171997]}