{"sample_time": [0.9461603164672852, 1.3850531578063965, 2.539222240447998, 3.6551225185394287, 4.771717071533203, 5.907229900360107, 7.074993371963501, 8.124542713165283, 9.22685170173645, 10.325532674789429, 11.442806243896484, 12.550175189971924, 13.655999422073364, 14.76838731765747, 15.869659423828125, 16.975687503814697, 18.086643934249878, 19.198795318603516, 20.310224056243896, 21.42292070388794, 22.530442714691162, 23.638537645339966, 24.750208616256714, 25.858790159225464, 26.96659755706787, 28.078686952590942, 29.186483144760132, 30.29450821876526, 31.40691637992859, 32.51887059211731, 33.63026475906372, 34.738659620285034, 35.846168756484985, 36.95450043678284, 38.06424331665039, 39.17238759994507, 40.28246712684631, 41.390398025512695, 42.49857950210571, 43.61039328575134, 44.71870136260986, 45.82577347755432, 46.935397148132324, 48.04628324508667, 49.154195070266724], "forward_time": [1.106696367263794, 1.5072765350341797, 2.658008575439453, 3.7775609493255615, 4.897475481033325, 6.028629302978516, 7.192259788513184, 8.244715690612793, 9.345204591751099, 10.444183826446533, 11.561010122299194, 12.670251369476318, 13.775271892547607, 14.888211250305176, 15.987923860549927, 17.093226671218872, 18.205081939697266, 19.318809032440186, 20.428093671798706, 21.539995670318604, 22.647404193878174, 23.75633978843689, 24.867305278778076, 25.97576117515564, 27.084280490875244, 28.195798635482788, 29.303903341293335, 30.41193699836731, 31.524651050567627, 32.63609051704407, 33.74756646156311, 34.855647563934326, 35.96336317062378, 37.072115898132324, 38.18172836303711, 39.289137840270996, 40.39951157569885, 41.507363080978394, 42.61631751060486, 43.7273268699646, 44.83590626716614, 45.942991733551025, 47.052387952804565, 48.163613080978394, 49.271217346191406], "inference_loss": [29303.876953125, 18870.68359375, 28873.0859375, 16174.5712890625, 12102.84375, 13172.193359375, 4983.77734375, 1629.40234375, 104.9375, 966.48828125, -9976.013671875, -11127.330078125, -12103.515625, -14031.62890625, -12674.76953125, -13531.44140625, -13427.296875, -11453.51171875, -12789.193359375, -14016.037109375, -14228.02734375, -15060.62890625, -15060.62890625, -15348.525390625, -15448.638671875, -15060.62890625, -15060.62890625, -15060.62890625, -15060.62890625, -15060.62890625, -15237.5546875, -5483.0, -5483.0, -15257.0390625, -15257.0390625, -15237.5546875, -15225.92578125, -15225.92578125, -15257.0390625, -15204.671875, -15237.5546875, -15185.181640625, -15154.05859375, -15204.671875, -15204.671875], "loss": [16940.197265625, 5524.638671875, -896.3010864257812, -1608.536376953125, -1720.6943359375, -2488.98291015625, -4248.2939453125, -5215.42041015625, -6872.4482421875, -2444.3486328125, -1775.84619140625, -9987.642578125, -11072.7412109375, -12036.2666015625, -12230.033203125, -13119.517578125, -13120.9189453125, -13526.931640625, -13650.3583984375, -13976.9169921875, -14149.876953125, -14220.0283203125, -14475.794921875, -14673.123046875, -14625.294921875, -14712.091796875, -14813.923828125, -14971.705078125, -15118.68359375, -15049.22265625, -15227.0078125, -14957.9638671875, -14558.55078125, -14642.66796875, -14669.7939453125, -14683.6708984375, -14755.15234375, -14731.2099609375, -14825.0654296875, -14752.58203125, -14829.19140625, -14828.087890625, -14769.9765625, -14853.0087890625, -14879.828125, -15204.671875], "time": [1.3548941612243652, 2.5116934776306152, 3.6142592430114746, 4.730439901351929, 5.870838165283203, 7.039988279342651, 8.085136413574219, 9.17822813987732, 10.279079675674438, 11.38285756111145, 12.498663187026978, 13.606510639190674, 14.714733600616455, 15.822383403778076, 16.92652177810669, 18.031094551086426, 19.1429500579834, 20.25456738471985, 21.367115259170532, 22.47482180595398, 23.58289122581482, 24.69452953338623, 25.80307126045227, 26.91087317466736, 28.022984504699707, 29.130735874176025, 30.23870539665222, 31.35094380378723, 32.46313667297363, 33.574549198150635, 34.6829731464386, 35.79054307937622, 36.89875650405884, 38.01081371307373, 39.11893343925476, 40.22671175003052, 41.334641218185425, 42.44280481338501, 43.55464816093445, 44.66292953491211, 45.770004749298096, 46.87874698638916, 47.9905641078949, 49.09845280647278, 50.2078423500061, 50.263887882232666]}