{"sample_time": [0.7604515552520752, 2.1378109455108643, 2.480809211730957, 3.685983419418335, 4.457341432571411, 5.4478983879089355, 5.777821779251099, 6.397545099258423, 7.039200067520142, 7.6784162521362305, 8.305680990219116, 8.94860291481018, 9.60283613204956, 10.258756637573242, 10.901607513427734, 11.536850452423096, 12.192416429519653, 12.835123300552368, 13.476549625396729, 14.118781805038452, 14.75509262084961, 15.399315595626831, 16.02947163581848, 16.66983938217163, 17.318604469299316, 17.95796799659729, 18.594320058822632, 19.234551191329956, 19.879213571548462, 20.517146348953247, 21.158562183380127, 21.791231632232666, 22.4238760471344, 23.067047119140625, 23.709831714630127, 24.344422340393066, 24.9836528301239, 25.619824647903442, 26.263718366622925, 26.911495447158813, 27.535383224487305, 28.17795443534851, 28.820571660995483, 29.464473247528076, 30.098798274993896, 30.741106033325195, 31.374361276626587, 32.01598024368286, 32.65092897415161, 33.29591107368469, 33.930052757263184, 34.57394552230835, 35.20585012435913, 35.8516047000885, 36.4866247177124, 37.127196073532104, 37.76461744308472, 38.407251596450806], "forward_time": [0.9446771144866943, 2.2396981716156006, 2.581676483154297, 3.77961802482605, 4.552189826965332, 5.542624235153198, 5.875108242034912, 6.493988513946533, 7.139012575149536, 7.778926372528076, 8.404268026351929, 9.046417951583862, 9.700598001480103, 10.35645866394043, 10.999035835266113, 11.634275674819946, 12.29127550125122, 12.931856393814087, 13.57448959350586, 14.216040134429932, 14.851838111877441, 15.495801448822021, 16.125887155532837, 16.76650857925415, 17.41497778892517, 18.055389881134033, 18.690861701965332, 19.331525325775146, 19.975911617279053, 20.613672018051147, 21.255097150802612, 21.887407779693604, 22.520023107528687, 23.16375732421875, 23.80631160736084, 24.44054675102234, 25.08014702796936, 25.71674132347107, 26.360416889190674, 27.007538318634033, 27.631876707077026, 28.27446413040161, 28.917227506637573, 29.561898469924927, 30.194934129714966, 30.837838172912598, 31.476961851119995, 32.1133074760437, 32.74727416038513, 33.392107009887695, 34.02732181549072, 34.67092037200928, 35.302590131759644, 35.947609186172485, 36.58318829536438, 37.22326183319092, 37.86119818687439, 38.50514197349548], "inference_loss": [32718.1171875, 18827.95703125, 18653.966796875, 6335.271484375, 13971.0703125, -4591.3994140625, 2280.01171875, -8872.798828125, -9491.271484375, -10084.2578125, -8139.533203125, -10817.01171875, -10733.15234375, -12146.7421875, -13040.7421875, -13724.478515625, -13606.548828125, -14213.34765625, -14498.1953125, -14574.759765625, -14574.759765625, -14604.158203125, -14824.46484375, -14908.33984375, -14414.03515625, -14700.22265625, -14908.33984375, -14669.6640625, -14676.51171875, -14891.41796875, -14824.46484375, -14807.55078125, -14807.55078125, -14908.33984375, -14901.4921875, -14901.4921875, -14901.4921875, -14918.40625, -14918.40625, -14918.40625, -14918.40625, -14824.46484375, -14908.33984375, -14891.41796875, -14918.40625, -14901.4921875, -14891.41796875, -14891.41796875, -14891.41796875, -14901.4921875, -14824.46484375, -14824.46484375, -14824.46484375, -14824.46484375, -14918.40625, -14918.40625, -14918.40625, -14918.40625], "loss": [14800.6708984375, 21675.10546875, -498.6136779785156, -1076.5902099609375, -1176.282470703125, -2409.61767578125, -2727.61376953125, -4672.15771484375, -6122.13720703125, -7413.43408203125, -8031.2216796875, -8920.599609375, -9761.65234375, -10738.875, -11490.3427734375, -11842.9033203125, -12569.861328125, -12958.521484375, -13229.90234375, -13467.7880859375, -13582.9833984375, -13730.169921875, -13883.404296875, -13960.9287109375, -13978.7802734375, -13996.716796875, -14006.439453125, -13905.2568359375, -14040.353515625, -14031.5234375, -14041.59375, -14087.158203125, -14123.7177734375, -14093.2919921875, -14162.5908203125, -14148.2578125, -14149.3271484375, -14169.1357421875, -14165.9326171875, -14175.5419921875, -14220.6201171875, -14164.8271484375, -14187.0068359375, -14197.4794921875, -14202.9736328125, -14202.0068359375, -14206.7119140625, -14193.90625, -14225.478515625, -14227.68359375, -14220.8916015625, -14250.9638671875, -14232.1220703125, -14203.1533203125, -14192.7431640625, -14200.431640625, -14249.064453125, -14253.203125, -14605.98046875], "time": [2.1064815521240234, 2.455353260040283, 3.654345750808716, 4.425405502319336, 5.410740613937378, 5.737656831741333, 6.3644866943359375, 7.000779151916504, 7.6362011432647705, 8.265117883682251, 8.908745050430298, 9.557677268981934, 10.218279600143433, 10.860778093338013, 11.49607515335083, 12.149288892745972, 12.793910264968872, 13.4324049949646, 14.075034856796265, 14.709236145019531, 15.353836059570312, 15.988159418106079, 16.62428092956543, 17.27326798439026, 17.912609338760376, 18.54902744293213, 19.18857455253601, 19.83323311805725, 20.471588134765625, 21.11316466331482, 21.745273113250732, 22.37847113609314, 23.021142721176147, 23.663748025894165, 24.299019813537598, 24.937328815460205, 25.573647499084473, 26.218368768692017, 26.86511754989624, 27.490009546279907, 28.131443738937378, 28.775102376937866, 29.417895793914795, 30.053019285202026, 30.69463586807251, 31.32895255088806, 31.969515323638916, 32.60570979118347, 33.24951386451721, 33.884634494781494, 34.528356075286865, 35.16047191619873, 35.8051438331604, 36.44129252433777, 37.080832958221436, 37.719173192977905, 38.3608283996582, 38.997151136398315, 39.04350805282593]}