{"sample_time": [1.6690113544464111, 2.0797345638275146, 3.065093517303467, 4.0634565353393555, 4.964602708816528, 5.918114185333252, 6.870962142944336, 7.821932315826416, 8.7797532081604, 9.740836381912231, 10.699877738952637, 11.660384178161621, 12.621592998504639, 13.584819793701172, 14.545809745788574, 15.508428812026978, 16.472810745239258, 17.433951377868652, 18.396106958389282, 19.35775351524353, 20.329964876174927, 21.294586896896362, 22.25796103477478, 23.220664978027344, 24.18523335456848, 25.14589834213257, 26.10568928718567, 27.068836212158203, 28.02988362312317, 28.993390560150146, 29.95703911781311, 30.919949293136597, 31.889062643051147, 32.851207971572876, 33.8144006729126, 34.77762293815613, 35.737993478775024, 36.70688581466675, 37.671130657196045, 38.63661766052246, 39.599228382110596, 40.56020402908325, 41.520699977874756, 42.48125171661377], "forward_time": [1.8424019813537598, 2.206716299057007, 3.1861329078674316, 4.177481412887573, 5.080077409744263, 6.034345626831055, 6.987698316574097, 7.939834356307983, 8.897503137588501, 9.858764171600342, 10.818146467208862, 11.779161214828491, 12.739890813827515, 13.703120231628418, 14.663602590560913, 15.625065565109253, 16.59059500694275, 17.551254510879517, 18.514214038848877, 19.48397994041443, 20.449127197265625, 21.411383628845215, 22.374353885650635, 23.33733367919922, 24.301602602005005, 25.261850833892822, 26.22199511528015, 27.185129642486572, 28.146203756332397, 29.10914969444275, 30.07327127456665, 31.041210651397705, 32.00629115104675, 32.96726107597351, 33.93035411834717, 34.893980503082275, 35.857423305511475, 36.825942277908325, 37.78870224952698, 38.75232672691345, 39.71570658683777, 40.676358699798584, 41.637109994888306, 42.597452878952026], "inference_loss": [32718.1171875, 28998.171875, 18653.966796875, 6325.59765625, 13898.828125, -6863.734375, -8570.96484375, -10179.171875, -7291.9326171875, -12172.24609375, -11051.5390625, -9674.24609375, -12426.767578125, -12443.81640625, -11969.42578125, -12631.46875, -13449.01953125, -13378.73046875, -14243.8828125, -14179.505859375, -14232.75, -14915.48046875, -14963.19921875, -15026.5234375, -15026.5234375, -15026.5234375, -14788.5546875, -14788.5546875, -14788.5546875, -14915.48046875, -14788.5546875, -15026.5234375, -14915.48046875, -15026.5234375, -15026.5234375, -15026.5234375, -15026.5234375, -15026.5234375, -15026.5234375, -15026.5234375, -15026.5234375, -15026.5234375, -15026.5234375, -15026.5234375], "loss": [14800.6728515625, 22193.970703125, -470.00628662109375, -1081.312255859375, -1184.7261962890625, -2420.4951171875, -3728.229248046875, -5270.49169921875, -6480.46484375, -7665.4697265625, -8259.5830078125, -9319.3701171875, -9991.888671875, -10656.8173828125, -11327.9619140625, -12179.791015625, -12905.9892578125, -13317.111328125, -13589.9931640625, -13706.2734375, -13817.2236328125, -13911.6630859375, -13979.736328125, -14097.1279296875, -14145.82421875, -14159.7509765625, -14176.1044921875, -14140.7470703125, -14231.8408203125, -14231.830078125, -14250.4560546875, -14316.2119140625, -14369.8115234375, -14333.236328125, -14313.4853515625, -14357.8544921875, -14373.1689453125, -14375.2548828125, -14390.828125, -14391.8134765625, -14352.6123046875, -14437.0087890625, -14408.8818359375, -14442.8466796875, -15026.5234375], "time": [2.0429279804229736, 3.033294200897217, 4.021125078201294, 4.925211668014526, 5.873348236083984, 6.8251564502716064, 7.778985261917114, 8.73141598701477, 9.688665628433228, 10.650171756744385, 11.610321760177612, 12.57060718536377, 13.530570983886719, 14.493979692459106, 15.455106258392334, 16.41676926612854, 17.38248920440674, 18.342437505722046, 19.304166555404663, 20.273828268051147, 21.23826026916504, 22.201709747314453, 23.164507150650024, 24.129155158996582, 25.09221053123474, 26.052144289016724, 27.01265597343445, 27.97569251060486, 28.937273263931274, 29.900641679763794, 30.863665103912354, 31.83286166191101, 32.79527497291565, 33.75817155838013, 34.721248149871826, 35.684046030044556, 36.65043354034424, 37.61722946166992, 38.58000040054321, 39.54305028915405, 40.506266355514526, 41.46690392494202, 42.42721343040466, 43.38780641555786, 43.52828097343445]}