{"sample_time": [3.220243453979492, 3.6809518337249756, 3.7174031734466553, 3.7539398670196533, 3.7905056476593018, 3.8270084857940674, 3.8637731075286865, 3.9003071784973145, 3.9366679191589355, 3.973238945007324, 4.009644031524658, 4.04622745513916, 4.0826544761657715, 4.119063377380371, 4.155336856842041, 4.191772222518921, 4.228193521499634, 4.264692306518555, 4.301247835159302, 4.337581634521484, 4.374018430709839, 4.410682439804077, 4.447106122970581, 4.483717918395996, 4.520165920257568, 4.556690692901611, 4.593217134475708, 4.629582643508911, 4.665821552276611, 4.702137231826782, 4.738659143447876, 4.775130033493042, 4.811426162719727, 4.847799301147461], "forward_time": [3.650273323059082, 3.687349319458008, 3.7236735820770264, 3.760234832763672, 3.7968344688415527, 3.8333194255828857, 3.870126724243164, 3.9065966606140137, 3.9430031776428223, 3.9795541763305664, 4.0159361362457275, 4.052515268325806, 4.088938474655151, 4.125373363494873, 4.161607265472412, 4.198078870773315, 4.234469175338745, 4.271026849746704, 4.30754280090332, 4.343878984451294, 4.380342245101929, 4.416972398757935, 4.453381776809692, 4.49001145362854, 4.526454448699951, 4.56301212310791, 4.599522829055786, 4.63590407371521, 4.672120571136475, 4.708417177200317, 4.744963645935059, 4.781426668167114, 4.817676067352295, 4.854087591171265], "inference_loss": [119.0, 116.0, 101.0, 102.0, 95.0, 77.0, 65.0, 45.0, 41.0, 35.0, 30.0, 30.0, 30.0, 29.0, 29.0, 29.0, 29.0, 29.0, 29.0, 29.0, 29.0, 29.0, 29.0, 29.0, 29.0, 29.0, 29.0, 29.0, 29.0, 29.0, 29.0, 29.0, 29.0, 29.0], "loss": [116.52072143554688, 117.08002471923828, 115.17975616455078, 107.94117736816406, 106.52085876464844, 89.93177032470703, 72.60333251953125, 51.13432312011719, 42.086326599121094, 35.97567367553711, 32.355010986328125, 30.19797706604004, 30.10986328125, 29.544612884521484, 29.051759719848633, 29.02757453918457, 29.0247745513916, 29.022842407226562, 29.034116744995117, 29.019777297973633, 29.031152725219727, 29.01580047607422, 29.00952911376953, 29.00825309753418, 29.010210037231445, 29.011322021484375, 29.010534286499023, 29.060928344726562, 29.00250244140625, 29.004806518554688, 29.00821876525879, 29.003643035888672, 29.004959106445312, 29.00522804260254, 29.0], "time": [3.6755287647247314, 3.7121472358703613, 3.7486464977264404, 3.7851524353027344, 3.8217177391052246, 3.858483076095581, 3.8951215744018555, 3.931457996368408, 3.9679994583129883, 4.00442361831665, 4.0410685539245605, 4.077494382858276, 4.113868713378906, 4.150192022323608, 4.186630487442017, 4.223028898239136, 4.25953483581543, 4.296086549758911, 4.3323986530303955, 4.368796348571777, 4.405489206314087, 4.441884279251099, 4.478546619415283, 4.514948844909668, 4.5515313148498535, 4.588078022003174, 4.624399423599243, 4.660688161849976, 4.696969032287598, 4.733499526977539, 4.76992130279541, 4.806304931640625, 4.842632055282593, 4.879254579544067, 4.884474515914917]}