{"sample_time": [9.389203548431396, 10.368706464767456, 10.415489673614502, 10.462374210357666, 10.509372234344482, 10.556386709213257, 10.596811056137085, 10.635602712631226, 10.674503564834595, 10.713472604751587, 10.752407550811768, 10.791705131530762, 10.830400228500366, 10.869319677352905, 10.90819239616394, 10.947000980377197, 10.985873937606812, 11.02486538887024, 11.063657760620117, 11.102628469467163, 11.141437768936157, 11.180307865142822, 11.219252109527588, 11.258152723312378, 11.297043561935425, 11.336049318313599, 11.374835014343262, 11.413704633712769, 11.452540874481201, 11.491748571395874, 11.530555009841919, 11.569248676300049], "forward_time": [10.32956862449646, 10.37703275680542, 10.423806428909302, 10.470733880996704, 10.517834663391113, 10.56475830078125, 10.604109525680542, 10.642852067947388, 10.6818208694458, 10.720759153366089, 10.759716272354126, 10.79894495010376, 10.837742805480957, 10.876587390899658, 10.915522575378418, 10.954256057739258, 10.99320673942566, 11.032135486602783, 11.071020364761353, 11.109854936599731, 11.148752212524414, 11.187594413757324, 11.226627588272095, 11.265387773513794, 11.304420471191406, 11.343306303024292, 11.382143020629883, 11.42098617553711, 11.460114002227783, 11.498984575271606, 11.537880182266235, 11.576518535614014], "inference_loss": [46.0, 116.0, 101.0, 102.0, 95.0, 82.0, 64.0, 48.0, 36.0, 33.0, 31.0, 30.0, 30.0, 30.0, 30.0, 30.0, 30.0, 30.0, 30.0, 30.0, 30.0, 30.0, 30.0, 30.0, 30.0, 30.0, 30.0, 30.0, 30.0, 30.0, 30.0, 30.0], "loss": [116.52071380615234, 117.08006286621094, 115.17953491210938, 107.94698333740234, 106.59568786621094, 89.9401626586914, 72.70603942871094, 52.712860107421875, 40.853492736816406, 34.811859130859375, 31.428573608398438, 30.16573715209961, 30.113021850585938, 30.065942764282227, 30.031187057495117, 30.019454956054688, 30.021198272705078, 30.01700782775879, 30.013423919677734, 30.009475708007812, 30.01177978515625, 30.016460418701172, 30.038333892822266, 30.009212493896484, 30.012922286987305, 30.006912231445312, 30.008350372314453, 30.02881622314453, 30.00524139404297, 30.0069580078125, 30.01404571533203, 30.006301879882812, 30.0], "time": [10.361038446426392, 10.408008813858032, 10.454668998718262, 10.501715898513794, 10.548819303512573, 10.590229272842407, 10.629050254821777, 10.66795015335083, 10.70691442489624, 10.745898246765137, 10.785200357437134, 10.823928356170654, 10.862845182418823, 10.901695251464844, 10.940542459487915, 10.979393720626831, 11.018329858779907, 11.057145357131958, 11.096107721328735, 11.134948253631592, 11.173835277557373, 11.212777137756348, 11.251691341400146, 11.290595293045044, 11.329602003097534, 11.368364810943604, 11.407193660736084, 11.445991516113281, 11.485225915908813, 11.52406096458435, 11.562819242477417, 11.601560354232788, 11.724310398101807]}