{"sample_time": [2.910356283187866, 3.6611862182617188, 3.978254795074463, 4.530147314071655, 5.145944118499756, 5.765255689620972, 6.399800777435303, 7.028117418289185, 7.668964385986328, 8.311160802841187, 9.009697198867798, 9.662063837051392, 10.322006702423096, 10.9784836769104, 11.625666379928589, 12.229789733886719, 12.930474996566772, 13.54189395904541, 14.245610237121582, 14.894893646240234, 15.550522327423096, 16.19854164123535, 16.859357118606567, 17.460220098495483, 18.159887552261353, 18.810188055038452, 19.42156171798706, 20.073020935058594, 20.770658016204834, 21.380793571472168, 22.033213138580322, 23.226717472076416, 23.565354824066162, 24.162129878997803, 24.813536643981934, 25.508801221847534, 26.115893602371216, 26.81878924369812, 27.425971269607544, 28.11828327178955], "forward_time": [3.4542746543884277, 3.741713285446167, 4.064001560211182, 4.620262622833252, 5.230453729629517, 5.853456735610962, 6.4896159172058105, 7.118698596954346, 7.757457733154297, 8.40172028541565, 9.10021448135376, 9.746392965316772, 10.405442476272583, 11.063605785369873, 11.7107515335083, 12.315107107162476, 13.013656616210938, 13.623848676681519, 14.329728841781616, 14.976816892623901, 15.633370637893677, 16.282580137252808, 16.94023036956787, 17.544276475906372, 18.243018627166748, 18.89360785484314, 19.503591775894165, 20.154844522476196, 20.85137701034546, 21.463826894760132, 22.116190910339355, 23.307302236557007, 23.64720916748047, 24.24433732032776, 24.894668579101562, 25.588566303253174, 26.198952198028564, 26.897557735443115, 27.505862712860107, 28.19911551475525], "inference_loss": [50.625450134277344, 15.3468017578125, 12.535179138183594, 7.650289535522461, -2.287799835205078, -5.658407211303711, -7.230794906616211, -10.110084533691406, -10.992094039916992, -11.889863967895508, -11.988639831542969, -12.296808242797852, -12.688165664672852, -12.688165664672852, -12.688165664672852, -12.899297714233398, -12.899297714233398, -12.899297714233398, -12.899297714233398, -13.060111999511719, -13.060111999511719, -13.060111999511719, -13.090873718261719, -13.124288558959961, -13.124288558959961, -13.124288558959961, -13.124288558959961, -13.124288558959961, -13.124288558959961, -13.124288558959961, -13.124288558959961, -13.124288558959961, -13.124288558959961, -13.124288558959961, -13.124288558959961, -13.090873718261719, -13.090873718261719, -13.124288558959961, -13.124288558959961, -13.124288558959961], "loss": [54.03271484375, 40.35649108886719, 15.779424667358398, 9.56814193725586, 5.630080223083496, 0.5809431076049805, -4.28236722946167, -7.672608852386475, -9.389249801635742, -10.992740631103516, -11.563424110412598, -11.90578842163086, -12.013749122619629, -12.18930435180664, -12.316398620605469, -12.44255256652832, -12.558645248413086, -12.609827041625977, -12.651257514953613, -12.685956954956055, -12.710058212280273, -12.730838775634766, -12.728099822998047, -12.750225067138672, -12.778501510620117, -12.783592224121094, -12.792769432067871, -12.812707901000977, -12.81781005859375, -12.81820011138916, -12.809713363647461, -12.812225341796875, -12.840968132019043, -12.826435089111328, -12.844558715820312, -12.841779708862305, -12.855633735656738, -12.880144119262695, -12.893115997314453, -12.898595809936523, -13.124288558959961], "time": [3.608302354812622, 3.9252676963806152, 4.474806308746338, 5.086267709732056, 5.708027601242065, 6.341594934463501, 6.967749834060669, 7.606414318084717, 8.246284246444702, 8.94690990447998, 9.599300622940063, 10.259094715118408, 10.915647506713867, 11.562734603881836, 12.166820049285889, 12.867580652236938, 13.478963375091553, 14.182790756225586, 14.832051515579224, 15.487571954727173, 16.135704517364502, 16.79647922515869, 17.39737343788147, 18.097002744674683, 18.747353076934814, 19.35866641998291, 20.009995937347412, 20.70762276649475, 21.317875146865845, 21.970269441604614, 23.16374373435974, 23.502359628677368, 24.09908652305603, 24.750348567962646, 25.4458270072937, 26.052990913391113, 26.755903720855713, 27.36304259300232, 28.05540156364441, 28.665789365768433, 28.728829383850098]}