{"sample_time": [6.001636743545532, 7.404157400131226, 7.7715818881988525, 8.881800889968872, 9.797253370285034, 10.720404148101807, 11.647215604782104, 12.592498064041138, 13.540222883224487, 14.499699354171753, 15.459203004837036, 16.416311740875244, 17.371397972106934, 18.326469659805298, 19.277671575546265, 20.228482246398926, 21.176356554031372, 22.127107858657837, 23.074711322784424, 24.029989004135132, 24.976433038711548, 25.922098636627197, 26.87453842163086, 27.8247811794281, 28.772657871246338, 29.72228479385376, 30.676273584365845, 31.624097108840942, 32.57470631599426, 33.522671937942505, 34.475172996520996, 35.42488169670105, 36.37068700790405, 37.317383766174316, 38.26644563674927, 39.215784311294556, 40.16049265861511, 41.109293937683105, 42.05549597740173, 42.99925661087036, 43.945815086364746, 44.89164662361145, 45.83923602104187, 46.78234028816223], "forward_time": [7.178009986877441, 7.533772230148315, 7.906829595565796, 9.017434358596802, 9.93246579170227, 10.85416865348816, 11.787277221679688, 12.73422622680664, 13.683367252349854, 14.642772912979126, 15.599355697631836, 16.548848628997803, 17.510646104812622, 18.460204601287842, 19.412676095962524, 20.360111474990845, 21.30987858772278, 22.258645057678223, 23.207796096801758, 24.16032123565674, 25.10738205909729, 26.056540966033936, 27.00739288330078, 27.95555305480957, 28.904338121414185, 29.85867953300476, 30.807525396347046, 31.756067276000977, 32.70433688163757, 33.65707850456238, 34.60724639892578, 35.55419421195984, 36.5003228187561, 37.44826149940491, 38.39825916290283, 39.34279656410217, 40.29082131385803, 41.237943172454834, 42.18201470375061, 43.127636194229126, 44.073758602142334, 45.02106022834778, 45.964417934417725, 46.91532325744629], "inference_loss": [50.625450134277344, 15.3468017578125, 12.075441360473633, 6.708965301513672, -3.135692596435547, -5.402557373046875, -9.228181838989258, -10.281734466552734, -11.648754119873047, -11.797853469848633, -12.157854080200195, -12.505735397338867, -12.650062561035156, -12.650062561035156, -12.665016174316406, -12.967212677001953, -12.97117805480957, -12.93775749206543, -12.97117805480957, -12.97117805480957, -12.97117805480957, -12.93775749206543, -12.97117805480957, -13.131994247436523, -13.131994247436523, -13.196163177490234, -13.196163177490234, -13.196163177490234, -13.196163177490234, -13.196163177490234, -13.196163177490234, -13.196163177490234, -13.196163177490234, -13.196163177490234, -13.196163177490234, -13.162752151489258, -13.229625701904297, -13.229625701904297, -13.229625701904297, -13.229625701904297, -13.229625701904297, -13.229625701904297, -13.229625701904297, -13.229625701904297], "loss": [54.03271484375, 40.397010803222656, 15.68998908996582, 9.413908004760742, 5.3363752365112305, 0.025051116943359375, -4.870457172393799, -8.014862060546875, -9.796954154968262, -11.058670043945312, -11.598703384399414, -12.05783462524414, -12.135271072387695, -12.26136589050293, -12.348148345947266, -12.413803100585938, -12.53653335571289, -12.563711166381836, -12.637849807739258, -12.65842342376709, -12.675580978393555, -12.72716236114502, -12.735066413879395, -12.771646499633789, -12.800113677978516, -12.813955307006836, -12.862215042114258, -12.922712326049805, -12.95455551147461, -12.977263450622559, -13.003242492675781, -13.006011009216309, -13.04012680053711, -13.025627136230469, -13.049835205078125, -13.048707008361816, -13.07353401184082, -13.077579498291016, -13.082244873046875, -13.085098266601562, -13.082822799682617, -13.087306022644043, -13.088361740112305, -13.092544555664062, -13.316722869873047], "time": [7.333632230758667, 7.700826168060303, 8.808067560195923, 9.721830368041992, 10.646878004074097, 11.573576927185059, 12.515480756759644, 13.461935758590698, 14.42111587524414, 15.38053035736084, 16.33769965171814, 17.29245352745056, 18.247657775878906, 19.198689699172974, 20.149782180786133, 21.097405195236206, 22.04837679862976, 22.995681762695312, 23.950740814208984, 24.89741349220276, 25.84307861328125, 26.79546594619751, 27.74555730819702, 28.693700313568115, 29.642104148864746, 30.596707582473755, 31.544267177581787, 32.494924783706665, 33.442800521850586, 34.396055698394775, 35.34563326835632, 36.290759563446045, 37.237634897232056, 38.18651533126831, 39.13625359535217, 40.080806732177734, 41.02951979637146, 41.9761803150177, 42.91986155509949, 43.86605763435364, 44.812135457992554, 45.75974082946777, 46.7028603553772, 47.653775691986084, 47.775166511535645]}