{"sample_time": [5.316550016403198, 6.869139909744263, 7.991045951843262, 9.103459358215332, 10.217619895935059, 11.331519842147827, 12.444415807723999, 13.556613445281982, 14.666879177093506, 15.77794599533081, 16.887163400650024, 18.00311303138733, 19.124361991882324, 20.237678289413452, 21.34616255760193, 22.45823097229004, 23.56970739364624, 24.679250478744507, 25.787241220474243, 26.89693808555603, 28.005906343460083, 29.114847660064697, 30.21934962272644, 31.32656764984131, 32.43445539474487, 33.54783487319946, 34.66580414772034, 35.776695013046265, 36.886244773864746, 37.93982815742493, 38.98213744163513, 40.01681399345398, 41.053534746170044, 42.15524077415466, 43.25622081756592, 44.35678148269653, 45.4568932056427, 46.498180627822876, 47.6055805683136, 48.70326328277588, 49.74924325942993, 50.7945876121521, 51.84577703475952, 52.94849729537964, 54.05154895782471, 55.094122648239136, 56.136786222457886, 57.182828426361084, 58.28603410720825, 59.328641176223755], "forward_time": [6.640111923217773, 7.763031005859375, 8.884493350982666, 9.997548818588257, 11.111378192901611, 12.224629878997803, 13.337156295776367, 14.449617624282837, 15.559215545654297, 16.6706326007843, 17.78035855293274, 18.896456956863403, 20.018542528152466, 21.130330324172974, 22.239089250564575, 23.35095763206482, 24.461503267288208, 25.57090187072754, 26.679093599319458, 27.78953528404236, 28.89739751815796, 30.006267786026, 31.111841440200806, 32.21928024291992, 33.32710385322571, 34.44279408454895, 35.559680223464966, 36.66970086097717, 37.77934193611145, 38.83408236503601, 39.87025427818298, 40.90526247024536, 41.94655990600586, 43.04821586608887, 44.14875769615173, 45.24977159500122, 46.34926247596741, 47.39380240440369, 48.49723744392395, 49.59687304496765, 50.64338040351868, 51.68986463546753, 52.73848843574524, 53.84121489524841, 54.9440803527832, 55.9878990650177, 57.03150033950806, 58.07774376869202, 59.17722845077515, 60.222615480422974], "inference_loss": [70001.421875, 60001.0390625, 50001.01171875, 50000.9375, 30000.859375, 20000.87109375, 20000.837890625, 30000.822265625, 20000.81640625, 20000.806640625, 10000.80078125, 10000.7939453125, 10000.7978515625, 10000.794921875, 10000.794921875, 10000.7958984375, 10000.7939453125, 10000.79296875, 10000.794921875, 10000.7939453125, 10000.7939453125, 10000.7939453125, 10000.7919921875, 10000.7919921875, 10000.7978515625, 10001.048828125, 10000.8564453125, 10000.8896484375, 10000.8896484375, 10000.8759765625, 10000.853515625, 10000.8525390625, 10000.8525390625, 10000.8505859375, 10000.8505859375, 10000.8515625, 10000.853515625, 10000.853515625, 0.8913679718971252, 0.8913679718971252, 0.8913679718971252, 0.8913679718971252, 0.8913679718971252, 10000.8544921875, 10000.853515625, 10000.8515625, 10000.8515625, 10000.8515625, 0.8913679718971252, 0.8913679718971252], "loss": [1.3576127290725708, 1.2149101495742798, 1.038177490234375, 0.9873080849647522, 0.9388630390167236, 0.8714478611946106, 0.8545286655426025, 0.8389155864715576, 0.8280582427978516, 0.818309485912323, 0.8150589466094971, 0.8069183230400085, 0.8046486973762512, 0.8060063123703003, 0.8070614337921143, 0.8161142468452454, 0.8722008466720581, 0.8398790955543518, 0.8065017461776733, 0.8193907737731934, 0.8366713523864746, 0.8739149570465088, 0.9404969811439514, 1.063889503479004, 1.3351631164550781, 1.3269225358963013, 1.3098413944244385, 0.9205147624015808, 0.8861269950866699, 0.8826060891151428, 0.8717170357704163, 0.8713716268539429, 1.261135458946228, 0.9461631774902344, 1.012518048286438, 1.9107908010482788, 0.8697205781936646, 1.425285816192627, 1.1890532970428467, 0.8695944547653198, 0.8688262701034546, 0.8704718947410583, 0.8732189536094666, 0.8775807023048401, 0.8687191009521484, 0.869137704372406, 0.8688027858734131, 1.6992883682250977, 0.870505690574646, 0.8697980046272278, 0.8913679718971252], "time": [6.849957227706909, 7.967200040817261, 9.08424162864685, 10.196505308151245, 11.31156587600708, 12.424063205718994, 13.536443710327148, 14.646407127380371, 15.757274150848389, 16.866806268692017, 17.977429151535034, 19.098912954330444, 20.217608213424683, 21.326035737991333, 22.43669319152832, 23.54709529876709, 24.65693688392639, 25.76714277267456, 26.876415491104126, 27.98564338684082, 29.094722509384155, 30.199249982833862, 31.306246995925903, 32.41428804397583, 33.522292613983154, 34.64555263519287, 35.75644135475159, 36.865766525268555, 37.91956329345703, 38.961918354034424, 39.9965341091156, 41.033175468444824, 42.13469862937927, 43.23582196235657, 44.33594274520874, 45.4366340637207, 46.477951526641846, 47.58502745628357, 48.682788610458374, 49.72875618934631, 50.77411341667175, 51.82263159751892, 52.925843715667725, 54.02914643287659, 55.073835372924805, 56.11646509170532, 57.162527561187744, 58.2656512260437, 59.308064460754395, 60.35218667984009, 60.37272787094116]}