{"sample_time": [10.129157304763794, 12.029346227645874, 13.62835431098938, 14.787577390670776, 15.955269813537598, 17.12088441848755, 18.2862708568573, 19.45060682296753, 20.61553382873535, 21.780242443084717, 22.945603370666504, 24.11309576034546, 25.285584449768066, 26.453904390335083, 27.621168851852417, 28.788150787353516, 29.95225763320923, 31.115317583084106, 32.28040933609009, 33.44538927078247, 34.611573219299316, 35.77845859527588, 36.942402601242065, 38.10648775100708, 39.27116870880127, 40.435489892959595, 41.59883952140808, 42.763840198516846, 43.92739462852478, 45.09196090698242, 46.25617814064026, 47.43095588684082, 48.620278120040894, 49.73981690406799, 50.858558177948, 52.03818345069885, 53.216713666915894, 54.33461594581604, 55.45214247703552, 56.57060408592224, 57.74619174003601, 58.923360109329224], "forward_time": [11.814228773117065, 12.982912302017212, 14.573764324188232, 15.739316701889038, 16.907276153564453, 18.072235822677612, 19.23769760131836, 20.401766300201416, 21.56670308113098, 22.731677293777466, 23.89676284790039, 25.065733432769775, 26.237645149230957, 27.40519881248474, 28.572694540023804, 29.73940348625183, 30.902482748031616, 32.065813064575195, 33.231143951416016, 34.3962721824646, 35.56284046173096, 36.7287392616272, 37.893622636795044, 39.05784201622009, 40.22213912010193, 41.38648986816406, 42.5493586063385, 43.71428990364075, 44.878862380981445, 46.04239869117737, 47.20838642120361, 48.387410163879395, 49.57396221160889, 50.69309329986572, 51.81169009208679, 52.99133253097534, 54.16994762420654, 55.28735947608948, 56.405603885650635, 57.52311587333679, 58.69911861419678, 59.87583923339844], "inference_loss": [70001.421875, 60001.0390625, 50001.01171875, 50000.9375, 30000.859375, 20000.87109375, 20000.837890625, 30000.822265625, 20000.81640625, 10000.8173828125, 10000.80078125, 10000.802734375, 10000.7958984375, 10000.80078125, 10000.80078125, 10000.794921875, 10000.7998046875, 10000.7958984375, 10000.7939453125, 10000.7939453125, 10000.7939453125, 10000.7939453125, 10000.7939453125, 10000.7939453125, 10000.7939453125, 10000.7939453125, 10000.7939453125, 10000.7939453125, 10000.7939453125, 10000.7939453125, 10000.8271484375, 10001.384765625, 10001.3232421875, 10001.197265625, 10001.1513671875, 10001.1162109375, 10001.0888671875, 10001.0888671875, 10001.0869140625, 10001.0869140625, 10001.0595703125, 10001.056640625], "loss": [1.3576127290725708, 1.2149124145507812, 1.0381805896759033, 0.9873068332672119, 0.9388412237167358, 0.8714264631271362, 0.8545247912406921, 0.8388740420341492, 0.8282623291015625, 0.8184851408004761, 0.8138009309768677, 0.8082553744316101, 0.8051398992538452, 0.8063320517539978, 0.8046338558197021, 0.8162363767623901, 0.8574438691139221, 0.8077479600906372, 0.8083221912384033, 0.819021999835968, 0.835239589214325, 0.8699991703033447, 0.9390106201171875, 1.073851466178894, 1.3617990016937256, 1.8775522708892822, 3.033709764480591, 5.328896522521973, 9.648824691772461, 17.968812942504883, 12.04464054107666, 46032.296875, 1.344482660293579, 1.18992018699646, 1.6698803901672363, 2.091937303543091, 1.115011215209961, 1.119042158126831, 1.1086337566375732, 2.1431996822357178, 2.023977279663086, 1.0835137367248535, 10001.052734375], "time": [12.006449937820435, 13.600626230239868, 14.765111684799194, 15.930692672729492, 17.09741497039795, 18.26264476776123, 19.42697834968567, 20.591979026794434, 21.756388425827026, 22.922027111053467, 24.087311506271362, 25.258198976516724, 26.428021907806396, 27.5953311920166, 28.76323938369751, 29.928659677505493, 31.090490341186523, 32.254122495651245, 33.419143199920654, 34.586631774902344, 35.752347469329834, 36.91751766204834, 38.08165907859802, 39.24613308906555, 40.41051149368286, 41.57391357421875, 42.73901844024658, 43.90262222290039, 45.06726789474487, 46.230690002441406, 47.39864444732666, 48.58535146713257, 49.706440687179565, 50.82484674453735, 52.005345582962036, 53.183624267578125, 54.30181908607483, 55.41925501823425, 56.537765979766846, 57.7134153842926, 58.890392780303955, 60.00861310958862, 60.073508977890015]}