{"sample_time": [0.271259069442749, 0.5686650276184082, 0.812248945236206, 1.055645227432251, 1.313661813735962, 1.5849907398223877, 1.8546254634857178, 2.1401233673095703, 2.4353275299072266, 2.7237675189971924, 3.0212225914001465, 3.5194499492645264, 3.9432270526885986, 4.47662353515625, 4.838599681854248, 5.335373401641846, 5.698451280593872, 6.079415559768677, 6.442248106002808, 6.880702972412109, 7.2190775871276855, 7.555403232574463, 7.951092958450317, 8.41410207748413, 8.753810405731201, 9.10548996925354, 9.491891145706177, 9.839196681976318, 10.216651439666748, 10.606516599655151, 10.939881563186646, 11.30912470817566], "forward_time": [0.39933180809020996, 0.6581215858459473, 0.901374101638794, 1.149653673171997, 1.4105777740478516, 1.6847379207611084, 1.9608001708984375, 2.248415231704712, 2.543562889099121, 2.8357224464416504, 3.1334280967712402, 3.6315696239471436, 4.059177875518799, 4.591126441955566, 4.949780702590942, 5.44576621055603, 5.806965589523315, 6.1857030391693115, 6.548524379730225, 6.9866697788238525, 7.326113224029541, 7.661674499511719, 8.059316158294678, 8.522789001464844, 8.860471725463867, 9.21058702468872, 9.596516370773315, 9.944505214691162, 10.322193384170532, 10.711154460906982, 11.045626878738403, 11.415785551071167], "inference_loss": [70004.6953125, 80004.78125, 60004.6484375, 40004.515625, 30004.533203125, 40004.44921875, 10004.404296875, 10004.4619140625, 10004.4716796875, 10004.4189453125, 4.387073993682861, 4.408822536468506, 4.3940510749816895, 10004.3974609375, 4.3955206871032715, 4.396853923797607, 4.398852825164795, 4.3946852684021, 4.39341402053833, 4.400269508361816, 4.39840841293335, 4.3849287033081055, 4.390520095825195, 4.407876968383789, 4.4001240730285645, 4.383050918579102, 4.390976428985596, 4.388815402984619, 4.393519401550293, 4.390888214111328, 4.390888214111328, 4.38451623916626], "loss": [4.499424934387207, 4.603403091430664, 4.657614707946777, 4.307244300842285, 4.137570858001709, 3.9910645484924316, 3.9140713214874268, 3.883521556854248, 3.9186418056488037, 3.9170947074890137, 3.7678959369659424, 3.6868417263031006, 3.6685571670532227, 3.7271134853363037, 3.6820755004882812, 3.613374948501587, 3.6000754833221436, 3.551941394805908, 3.525688648223877, 3.51918888092041, 3.5039451122283936, 3.4931087493896484, 3.4861373901367188, 3.4864654541015625, 3.4465906620025635, 3.447558641433716, 3.417593002319336, 3.3983042240142822, 3.3742833137512207, 3.3863093852996826, 3.3641841411590576, 3.3235738277435303, 4.392049312591553], "time": [0.4845619201660156, 0.7304949760437012, 0.9765350818634033, 1.2340631484985352, 1.5051734447479248, 1.7792675495147705, 2.0644757747650146, 2.3571717739105225, 2.6483614444732666, 2.948564291000366, 3.4458820819854736, 3.8675923347473145, 4.399575471878052, 4.760226726531982, 5.25856351852417, 5.621621370315552, 6.004296779632568, 6.367027044296265, 6.803365707397461, 7.1431005001068115, 7.479687690734863, 7.8761773109436035, 8.336636304855347, 8.679800510406494, 9.03187346458435, 9.416820287704468, 9.766038656234741, 10.142319679260254, 10.531429052352905, 10.863784074783325, 11.231880187988281, 11.67773699760437, 11.806679725646973]}