{"sample_time": [0.16646742820739746, 0.3600146770477295, 0.534308671951294, 0.7059130668640137, 0.8895313739776611, 1.081087350845337, 1.271636724472046, 1.4739272594451904, 1.6841728687286377, 1.8879101276397705, 2.10212779045105, 2.320871353149414, 2.533848285675049, 2.752758741378784, 2.9608848094940186, 3.1763486862182617, 3.3849518299102783, 3.59354567527771, 3.7947680950164795, 4.002537965774536, 4.20233941078186, 4.405394554138184, 4.607398986816406, 4.814681768417358, 5.015260696411133, 5.215396404266357, 5.4118123054504395, 5.612088203430176, 5.811002731323242, 6.00981593132019, 6.21068549156189, 6.412836313247681, 6.615491628646851], "forward_time": [0.24947166442871094, 0.4199659824371338, 0.5912961959838867, 0.7681453227996826, 0.9509694576263428, 1.1418399810791016, 1.3350322246551514, 1.5384187698364258, 1.7474420070648193, 1.9540159702301025, 2.168846607208252, 2.386878728866577, 2.5997772216796875, 2.8173470497131348, 3.026519775390625, 3.240868091583252, 3.4490604400634766, 3.6566147804260254, 3.859022617340088, 4.065308332443237, 4.265801191329956, 4.468081951141357, 4.670588254928589, 4.877156734466553, 5.077669143676758, 5.277158975601196, 5.4740893840789795, 5.6743223667144775, 5.872637033462524, 6.072225093841553, 6.273196220397949, 6.475305795669556, 6.677638053894043], "inference_loss": [70004.6953125, 80004.78125, 60004.6484375, 40004.515625, 30004.533203125, 40004.44921875, 10004.404296875, 10004.4619140625, 10004.43359375, 10004.4189453125, 4.387073993682861, 10004.40234375, 4.3940510749816895, 4.4076032638549805, 4.429224967956543, 10004.39453125, 4.400570392608643, 4.404452323913574, 4.393832683563232, 4.416216850280762, 4.43009614944458, 4.384767532348633, 4.3832621574401855, 4.383940696716309, 4.385089874267578, 4.3854804039001465, 4.392241477966309, 4.384433746337891, 4.386170864105225, 4.386170864105225, 4.386170864105225, 4.386473655700684, 4.386473655700684], "loss": [4.499424934387207, 4.603403091430664, 4.657612323760986, 4.307254791259766, 4.137554168701172, 3.991201877593994, 3.9141905307769775, 3.883319616317749, 3.9194540977478027, 3.9132089614868164, 3.7690377235412598, 3.7856884002685547, 3.7123007774353027, 3.7077856063842773, 3.6596484184265137, 3.702106237411499, 3.692660093307495, 3.6540772914886475, 3.6022114753723145, 3.558758020401001, 3.54327654838562, 3.526848077774048, 3.516113042831421, 3.4956741333007812, 3.4468343257904053, 3.4797582626342773, 3.454131603240967, 3.456470251083374, 3.403571844100952, 3.4012339115142822, 3.411099672317505, 3.392803192138672, 3.3724846839904785, 4.388365268707275], "time": [0.31235814094543457, 0.4833221435546875, 0.6556079387664795, 0.8393642902374268, 1.0293176174163818, 1.2218563556671143, 1.4235389232635498, 1.6311042308807373, 1.8363943099975586, 2.0531630516052246, 2.2701873779296875, 2.4838337898254395, 2.698244571685791, 2.909236431121826, 3.1231179237365723, 3.3327548503875732, 3.5400919914245605, 3.743528366088867, 3.951319932937622, 4.150025844573975, 4.353461742401123, 4.555621385574341, 4.761571168899536, 4.9630186557769775, 5.16240119934082, 5.3608927726745605, 5.559313535690308, 5.7600998878479, 5.956441402435303, 6.157478332519531, 6.359408140182495, 6.562474250793457, 6.762225389480591, 6.815919876098633]}