{"sample_time": [51.92615056037903], "forward_time": [72.79597783088684], "inference_loss": [11016.0], "loss": [13702.419921875, 13129.0], "time": [72.93055129051208, 73.11643958091736]}