{"sample_time": [0.055734872817993164, 0.21640777587890625, 0.2515544891357422, 0.2868533134460449, 0.32283902168273926, 0.3589503765106201, 0.3954043388366699, 0.43184900283813477, 0.46828174591064453, 0.5047152042388916, 0.5412247180938721, 0.577913761138916, 0.6144289970397949, 0.6510910987854004, 0.6876120567321777, 0.7240846157073975, 0.7606709003448486, 0.7972860336303711, 0.8336277008056641, 0.8703024387359619, 0.9067776203155518, 0.9434196949005127, 0.9799442291259766, 1.0166587829589844, 1.0534088611602783, 1.0901460647583008, 1.1267719268798828, 1.163240671157837, 1.2000677585601807, 1.2364695072174072, 1.2729549407958984, 1.309403657913208, 1.3461811542510986, 1.3828620910644531, 1.4194319248199463, 1.4564080238342285, 1.492992877960205, 1.529794454574585, 1.566354513168335, 1.6030335426330566, 1.639535665512085, 1.676105260848999, 1.7139308452606201, 1.7507109642028809, 1.7873117923736572, 1.8240160942077637, 1.8606781959533691, 1.897049903869629, 1.9335949420928955, 1.9701142311096191, 2.006554365158081, 2.0434303283691406, 2.0817248821258545, 2.1184489727020264, 2.1549534797668457, 2.191697835922241], "forward_time": [0.18434882164001465, 0.22017312049865723, 0.25565290451049805, 0.29085373878479004, 0.3268618583679199, 0.36297011375427246, 0.3994414806365967, 0.43589186668395996, 0.47228240966796875, 0.5087399482727051, 0.5452284812927246, 0.5819456577301025, 0.6184341907501221, 0.6551177501678467, 0.6916537284851074, 0.7281017303466797, 0.7647042274475098, 0.801306962966919, 0.8376469612121582, 0.8743388652801514, 0.910808801651001, 0.9474432468414307, 0.9839775562286377, 1.0206825733184814, 1.0574283599853516, 1.0941593647003174, 1.1307921409606934, 1.1672611236572266, 1.2040810585021973, 1.240478277206421, 1.2769668102264404, 1.313429832458496, 1.3501951694488525, 1.386859655380249, 1.4234755039215088, 1.4604310989379883, 1.4970192909240723, 1.5338189601898193, 1.5703721046447754, 1.6070425510406494, 1.6435461044311523, 1.6812853813171387, 1.7180283069610596, 1.754756212234497, 1.7913477420806885, 1.8280467987060547, 1.8646955490112305, 1.9010679721832275, 1.9376230239868164, 1.9741287231445312, 2.010568141937256, 2.0489518642425537, 2.085768461227417, 2.1224796772003174, 2.1589555740356445, 2.195725917816162], "inference_loss": [-1989.0, -1994.0, -1981.0, -1977.0, -2043.0, -2061.0, -2090.0, -2110.0, -2125.0, -2127.0, -2127.0, -2128.0, -2128.0, -2129.0, -2129.0, -2129.0, -2130.0, -2130.0, -2130.0, -2130.0, -2130.0, -2130.0, -2130.0, -2130.0, -2130.0, -2132.0, -2132.0, -2132.0, -2132.0, -2132.0, -2132.0, -2132.0, -2132.0, -2132.0, -2132.0, -2133.0, -2133.0, -2133.0, -2133.0, -2133.0, -2133.0, -2133.0, -2133.0, -2133.0, -2133.0, -2133.0, -2133.0, -2133.0, -2133.0, -2133.0, -2133.0, -2133.0, -2133.0, -2133.0, -2133.0, -2133.0], "loss": [-1949.801025390625, -1943.957275390625, -1920.737548828125, -1945.35205078125, -1954.739013671875, -1990.071044921875, -2050.373291015625, -2083.087646484375, -2095.21337890625, -2099.635009765625, -2102.023193359375, -2103.29541015625, -2104.24609375, -2104.933349609375, -2105.63818359375, -2106.032958984375, -2106.622802734375, -2107.023193359375, -2107.316650390625, -2107.428955078125, -2107.514404296875, -2107.85107421875, -2108.2998046875, -2108.406005859375, -2108.7822265625, -2109.0185546875, -2109.296875, -2109.256103515625, -2109.22265625, -2109.34423828125, -2109.3115234375, -2109.360107421875, -2109.4052734375, -2109.45947265625, -2109.552734375, -2109.70947265625, -2109.66162109375, -2109.69140625, -2109.5986328125, -2109.794677734375, -2109.7861328125, -2109.845458984375, -2110.065673828125, -2110.1533203125, -2110.16015625, -2110.2255859375, -2110.318359375, -2110.3564453125, -2110.38037109375, -2110.40380859375, -2110.41748046875, -2110.43408203125, -2110.656982421875, -2110.729248046875, -2110.77783203125, -2110.802734375, -2133.0], "time": [0.19036626815795898, 0.2260737419128418, 0.26145339012145996, 0.2966170310974121, 0.3326752185821533, 0.3687098026275635, 0.4052700996398926, 0.44168782234191895, 0.4781026840209961, 0.5145723819732666, 0.5510170459747314, 0.5878026485443115, 0.6241869926452637, 0.6609337329864502, 0.6974351406097412, 0.7339701652526855, 0.770526647567749, 0.8070895671844482, 0.8434925079345703, 0.8801357746124268, 0.9166383743286133, 0.9532248973846436, 0.9897947311401367, 1.026484727859497, 1.0632448196411133, 1.1000010967254639, 1.1365551948547363, 1.173067569732666, 1.209869384765625, 1.246300220489502, 1.2827699184417725, 1.3195033073425293, 1.3560051918029785, 1.392613410949707, 1.4293217658996582, 1.4662177562713623, 1.5028471946716309, 1.5396134853363037, 1.5761899948120117, 1.6129190921783447, 1.6493282318115234, 1.6872174739837646, 1.7238306999206543, 1.76057767868042, 1.7971184253692627, 1.8338665962219238, 1.8704860210418701, 1.9068708419799805, 1.9434444904327393, 1.9799141883850098, 2.016608476638794, 2.0548131465911865, 2.0916433334350586, 2.128239870071411, 2.1647372245788574, 2.2015225887298584, 2.228337287902832]}