{"sample_time": [0.299785852432251, 0.732478141784668, 0.8778274059295654, 1.0218505859375, 1.1703526973724365, 1.3185327053070068, 1.4699811935424805, 1.6200242042541504, 1.7707114219665527, 1.9221491813659668, 2.074364185333252, 2.226534128189087, 2.3777594566345215, 2.5292158126831055, 2.681575059890747, 2.8335726261138916, 2.9856531620025635, 3.13908314704895, 3.29245924949646, 3.4456210136413574, 3.5991811752319336, 3.751215696334839, 3.905236005783081, 4.0598304271698, 4.210778474807739, 4.363539218902588, 4.516842365264893, 4.669857501983643, 4.823391914367676, 4.9771888256073, 5.129186391830444, 5.282266616821289, 5.433577537536621, 5.586298227310181, 5.739877700805664, 5.893785715103149, 6.047489166259766, 6.199710130691528, 6.352106094360352, 6.506335020065308, 6.6590728759765625, 6.812946319580078, 6.965150833129883, 7.118531942367554, 7.27107310295105, 7.423620700836182, 7.576520919799805, 7.7301225662231445, 7.882625341415405, 8.036363124847412, 8.188715934753418, 8.343543291091919, 8.495349645614624, 8.648386716842651, 8.801254034042358, 8.95433259010315, 9.10617208480835, 9.260014057159424, 9.412881135940552, 9.566793203353882, 9.720492124557495, 9.873255968093872, 10.026412725448608, 10.180515766143799, 10.333136558532715, 10.486757040023804, 10.639325618743896, 10.794142007827759, 10.94797682762146, 11.101113080978394, 11.255490064620972, 11.408094644546509, 11.560272932052612, 11.712934017181396, 11.865864753723145, 12.019742012023926], "forward_time": [0.5902092456817627, 0.7376933097839355, 0.8833796977996826, 1.0273892879486084, 1.176053762435913, 1.3242833614349365, 1.4757609367370605, 1.6258199214935303, 1.7764368057250977, 1.9279351234436035, 2.08003306388855, 2.232167959213257, 2.383216381072998, 2.5347063541412354, 2.6870765686035156, 2.839280128479004, 2.991321325302124, 3.1447997093200684, 3.298198938369751, 3.45135498046875, 3.6049439907073975, 3.756965160369873, 3.910919666290283, 4.065361738204956, 4.21629524230957, 4.369318008422852, 4.522606611251831, 4.675613164901733, 4.830412864685059, 4.9829301834106445, 5.134924411773682, 5.28799295425415, 5.439131259918213, 5.591844797134399, 5.745386123657227, 5.899505853652954, 6.053242921829224, 6.205466032028198, 6.3578290939331055, 6.512040615081787, 6.664831161499023, 6.8187127113342285, 6.97069239616394, 7.124049425125122, 7.2765514850616455, 7.429309844970703, 7.582237720489502, 7.735884189605713, 7.888319492340088, 8.04201626777649, 8.194472312927246, 8.349350690841675, 8.50084924697876, 8.653890371322632, 8.806775569915771, 8.960044860839844, 9.111938953399658, 9.265819787979126, 9.41866421699524, 9.572563171386719, 9.726244688034058, 9.878977298736572, 10.033598899841309, 10.186050415039062, 10.33869743347168, 10.492487907409668, 10.645059823989868, 10.799898386001587, 10.953782558441162, 11.10684084892273, 11.26124095916748, 11.413862705230713, 11.565783262252808, 11.718437910079956, 11.871396780014038, 12.025474309921265], "inference_loss": [-1987.0, -1983.0, -1959.0, -2019.0, -2021.0, -2015.0, -2038.0, -2044.0, -2056.0, -2077.0, -2100.0, -2107.0, -2117.0, -2117.0, -2117.0, -2118.0, -2118.0, -2120.0, -2120.0, -2120.0, -2120.0, -2121.0, -2126.0, -2126.0, -2126.0, -2126.0, -2126.0, -2127.0, -2127.0, -2127.0, -2127.0, -2127.0, -2127.0, -2127.0, -2127.0, -2127.0, -2127.0, -2127.0, -2127.0, -2127.0, -2127.0, -2127.0, -2127.0, -2127.0, -2131.0, -2131.0, -2131.0, -2131.0, -2131.0, -2131.0, -2131.0, -2131.0, -2131.0, -2131.0, -2131.0, -2132.0, -2132.0, -2132.0, -2132.0, -2132.0, -2132.0, -2132.0, -2132.0, -2132.0, -2132.0, -2132.0, -2132.0, -2132.0, -2132.0, -2132.0, -2132.0, -2132.0, -2132.0, -2132.0, -2132.0, -2132.0], "loss": [-1947.895751953125, -1947.3939208984375, -1901.7413330078125, -1937.3616943359375, -1948.2000732421875, -1951.094970703125, -1952.1285400390625, -1959.79443359375, -1985.8363037109375, -2031.407470703125, -2070.49462890625, -2086.940673828125, -2093.5615234375, -2096.91748046875, -2098.369873046875, -2099.40283203125, -2099.865478515625, -2100.76171875, -2101.096435546875, -2101.349609375, -2101.6318359375, -2101.82421875, -2102.446533203125, -2102.6171875, -2102.76123046875, -2102.912353515625, -2103.0576171875, -2102.966064453125, -2103.26416015625, -2103.5419921875, -2103.52294921875, -2104.0654296875, -2104.08349609375, -2104.160888671875, -2104.2177734375, -2104.625, -2104.9287109375, -2105.48583984375, -2105.43701171875, -2105.95654296875, -2106.05859375, -2106.2138671875, -2106.644287109375, -2106.845703125, -2106.875244140625, -2107.245849609375, -2107.12939453125, -2107.29443359375, -2107.290283203125, -2107.2841796875, -2107.28662109375, -2107.296875, -2107.31005859375, -2107.474853515625, -2107.71484375, -2107.85205078125, -2107.8662109375, -2108.04150390625, -2108.0439453125, -2108.015625, -2108.055419921875, -2108.140380859375, -2108.177734375, -2108.13623046875, -2108.18017578125, -2108.19677734375, -2108.203125, -2108.1806640625, -2108.21435546875, -2108.21044921875, -2108.190185546875, -2108.26416015625, -2108.299072265625, -2108.39697265625, -2108.42041015625, -2108.4296875, -2132.0], "time": [0.5951085090637207, 0.7423868179321289, 0.8881683349609375, 1.0321776866912842, 1.1809155941009521, 1.3290691375732422, 1.480506420135498, 1.6307461261749268, 1.7812650203704834, 1.9327988624572754, 2.084892511367798, 2.2369728088378906, 2.3879635334014893, 2.539395809173584, 2.691866397857666, 2.844014883041382, 2.99609375, 3.149536609649658, 3.3028945922851562, 3.45615291595459, 3.609823226928711, 3.7618281841278076, 3.915774345397949, 4.070243835449219, 4.2211103439331055, 4.374134540557861, 4.527399063110352, 4.6804070472717285, 4.835221529006958, 4.987694501876831, 5.13965106010437, 5.292967319488525, 5.443942070007324, 5.596631288528442, 5.750184774398804, 5.90430760383606, 6.058093309402466, 6.210290431976318, 6.3625476360321045, 6.516891956329346, 6.66961145401001, 6.823629140853882, 6.975428342819214, 7.128739595413208, 7.281316518783569, 7.43407416343689, 7.5869972705841064, 7.740569829940796, 7.89307713508606, 8.04670000076294, 8.199317693710327, 8.354352951049805, 8.505627393722534, 8.658652544021606, 8.811544179916382, 8.964776277542114, 9.116703987121582, 9.270621299743652, 9.423447608947754, 9.577401399612427, 9.73095417022705, 9.883867502212524, 10.038434982299805, 10.190794706344604, 10.343456268310547, 10.497345924377441, 10.649805068969727, 10.804662942886353, 10.958549976348877, 11.111637353897095, 11.266101598739624, 11.418766975402832, 11.570553302764893, 11.723310708999634, 11.87625002861023, 12.030388593673706, 12.214489698410034]}