{"sample_time": [0.05773472785949707, 0.2179889678955078, 0.2530949115753174, 0.2880246639251709, 0.32410120964050293, 0.35970044136047363, 0.3958096504211426, 0.43146300315856934, 0.46750521659851074, 0.5036745071411133, 0.540306806564331, 0.5766732692718506, 0.6135947704315186, 0.6500990390777588, 0.6866905689239502, 0.7232718467712402, 0.7597782611846924, 0.7963247299194336, 0.8329882621765137, 0.869448184967041, 0.9063677787780762, 0.9428417682647705, 0.9796218872070312, 1.016068458557129, 1.0524101257324219, 1.088836908340454, 1.1253244876861572, 1.1617209911346436, 1.1985313892364502, 1.2350006103515625, 1.271646499633789, 1.3081552982330322, 1.3444812297821045, 1.381028413772583, 1.4176199436187744, 1.4540386199951172, 1.4911410808563232, 1.527536153793335, 1.564455509185791, 1.6007940769195557, 1.637615442276001, 1.6742088794708252, 1.7119827270507812, 1.748537540435791, 1.7851965427398682, 1.8216948509216309, 1.8582680225372314, 1.8946826457977295, 1.9310314655303955, 1.9673888683319092, 2.0037662982940674, 2.0400025844573975, 2.076948881149292, 2.1134631633758545, 2.1502718925476074, 2.186675786972046, 2.22316837310791, 2.2597806453704834, 2.296245574951172, 2.3326022624969482, 2.3694257736206055, 2.4060444831848145, 2.4426839351654053, 2.4791359901428223, 2.5156078338623047, 2.5520479679107666, 2.588595151901245, 2.6250803470611572, 2.661879062652588, 2.6982955932617188, 2.735020875930786, 2.7715089321136475, 2.808195114135742, 2.8446619510650635, 2.8811094760894775, 2.9178836345672607], "forward_time": [0.1861419677734375, 0.22175168991088867, 0.2571909427642822, 0.2920396327972412, 0.3280959129333496, 0.36371827125549316, 0.39981532096862793, 0.4354827404022217, 0.471515417098999, 0.5076618194580078, 0.544344425201416, 0.5806944370269775, 0.6176121234893799, 0.6541047096252441, 0.6907105445861816, 0.7272810935974121, 0.7637999057769775, 0.8003373146057129, 0.8370041847229004, 0.8734769821166992, 0.9103717803955078, 0.9468779563903809, 0.9836337566375732, 1.0200755596160889, 1.0564539432525635, 1.0928494930267334, 1.1293466091156006, 1.1657159328460693, 1.2025554180145264, 1.2389986515045166, 1.2756636142730713, 1.3121531009674072, 1.3484976291656494, 1.385054349899292, 1.4216279983520508, 1.4580633640289307, 1.4951505661010742, 1.5315635204315186, 1.5684776306152344, 1.6049978733062744, 1.6416196823120117, 1.6794023513793945, 1.7160601615905762, 1.752535343170166, 1.78922700881958, 1.8257136344909668, 1.8623065948486328, 1.8986942768096924, 1.9350433349609375, 1.9714019298553467, 2.007772207260132, 2.0440151691436768, 2.080965280532837, 2.1174752712249756, 2.154330253601074, 2.1907079219818115, 2.2272002696990967, 2.2637851238250732, 2.300257921218872, 2.33660888671875, 2.373471975326538, 2.4100587368011475, 2.446723461151123, 2.4831461906433105, 2.5196311473846436, 2.5560801029205322, 2.5925965309143066, 2.6290946006774902, 2.6659092903137207, 2.702299118041992, 2.739035129547119, 2.7755322456359863, 2.8122036457061768, 2.848665237426758, 2.8851349353790283, 2.921881914138794], "inference_loss": [-1987.0, -1983.0, -1959.0, -2019.0, -2021.0, -2015.0, -2038.0, -2044.0, -2056.0, -2077.0, -2100.0, -2107.0, -2117.0, -2117.0, -2117.0, -2118.0, -2118.0, -2120.0, -2120.0, -2120.0, -2120.0, -2121.0, -2126.0, -2126.0, -2126.0, -2126.0, -2126.0, -2127.0, -2127.0, -2127.0, -2127.0, -2127.0, -2127.0, -2127.0, -2127.0, -2127.0, -2127.0, -2127.0, -2127.0, -2127.0, -2127.0, -2127.0, -2127.0, -2127.0, -2131.0, -2131.0, -2131.0, -2131.0, -2131.0, -2131.0, -2131.0, -2131.0, -2131.0, -2131.0, -2131.0, -2132.0, -2132.0, -2132.0, -2132.0, -2132.0, -2132.0, -2132.0, -2132.0, -2132.0, -2132.0, -2132.0, -2132.0, -2132.0, -2132.0, -2132.0, -2132.0, -2132.0, -2132.0, -2132.0, -2132.0, -2132.0], "loss": [-1947.895751953125, -1947.3939208984375, -1901.7413330078125, -1937.3616943359375, -1948.2000732421875, -1951.094970703125, -1952.1285400390625, -1959.79443359375, -1985.8363037109375, -2031.407470703125, -2070.49462890625, -2086.940673828125, -2093.5615234375, -2096.91748046875, -2098.369873046875, -2099.40283203125, -2099.865478515625, -2100.76171875, -2101.096435546875, -2101.349609375, -2101.6318359375, -2101.82421875, -2102.446533203125, -2102.6171875, -2102.76123046875, -2102.912353515625, -2103.0576171875, -2102.966064453125, -2103.26416015625, -2103.5419921875, -2103.52294921875, -2104.0654296875, -2104.08349609375, -2104.160888671875, -2104.2177734375, -2104.625, -2104.9287109375, -2105.48583984375, -2105.43701171875, -2105.95654296875, -2106.05859375, -2106.2138671875, -2106.644287109375, -2106.845703125, -2106.875244140625, -2107.245849609375, -2107.12939453125, -2107.29443359375, -2107.290283203125, -2107.2841796875, -2107.28662109375, -2107.296875, -2107.31005859375, -2107.474853515625, -2107.71484375, -2107.85205078125, -2107.8662109375, -2108.04150390625, -2108.0439453125, -2108.015625, -2108.055419921875, -2108.140380859375, -2108.177734375, -2108.13623046875, -2108.18017578125, -2108.19677734375, -2108.203125, -2108.1806640625, -2108.21435546875, -2108.21044921875, -2108.190185546875, -2108.26416015625, -2108.299072265625, -2108.39697265625, -2108.42041015625, -2108.4296875, -2132.0], "time": [0.19211792945861816, 0.22766709327697754, 0.2629885673522949, 0.29781460762023926, 0.3338663578033447, 0.3694772720336914, 0.40555548667907715, 0.44126439094543457, 0.4773249626159668, 0.5134451389312744, 0.5501620769500732, 0.5866489410400391, 0.623445987701416, 0.6598689556121826, 0.6965296268463135, 0.7330851554870605, 0.7696056365966797, 0.8061110973358154, 0.8427753448486328, 0.8793003559112549, 0.9161677360534668, 0.9526987075805664, 0.9894571304321289, 1.0258548259735107, 1.0622437000274658, 1.0986063480377197, 1.1351587772369385, 1.171501874923706, 1.208404302597046, 1.2447867393493652, 1.2814562320709229, 1.317894697189331, 1.3543004989624023, 1.390932559967041, 1.4274187088012695, 1.463892936706543, 1.5009207725524902, 1.5373859405517578, 1.574263572692871, 1.6108224391937256, 1.6474332809448242, 1.6852543354034424, 1.7218918800354004, 1.7583012580871582, 1.7950434684753418, 1.831495761871338, 1.868105173110962, 1.9044864177703857, 1.9408445358276367, 1.9771816730499268, 2.013526439666748, 2.0498273372650146, 2.086747884750366, 2.1232850551605225, 2.1601312160491943, 2.196532726287842, 2.2329888343811035, 2.2695629596710205, 2.3060882091522217, 2.342369556427002, 2.3793134689331055, 2.415839195251465, 2.452543258666992, 2.4889328479766846, 2.5254204273223877, 2.5619053840637207, 2.5983688831329346, 2.6348915100097656, 2.6716933250427246, 2.708089590072632, 2.7448456287384033, 2.781324625015259, 2.817988634109497, 2.8544089794158936, 2.8909647464752197, 2.9276537895202637, 2.9546501636505127]}