{"sample_time": [0.4499545097351074, 0.8866746425628662, 1.0314908027648926, 1.1755385398864746, 1.3227503299713135, 1.4728622436523438, 1.6239500045776367, 1.775921106338501, 1.9277782440185547, 2.0804221630096436, 2.2327351570129395, 2.3856167793273926, 2.536926746368408, 2.6889238357543945, 2.841611623764038, 2.995253324508667, 3.147092580795288, 3.2995762825012207, 3.4532811641693115, 3.606536865234375, 3.7596960067749023, 3.913344144821167, 4.066689491271973, 4.21968936920166, 4.3726232051849365, 4.527076959609985, 4.681086301803589, 4.834888219833374, 4.987878322601318, 5.141680002212524, 5.294820308685303, 5.447956800460815, 5.601449728012085, 5.754963159561157, 5.908629655838013, 6.061257362365723, 6.215054035186768, 6.367765665054321, 6.521378993988037, 6.674963474273682, 6.828623056411743, 6.981911897659302, 7.135908365249634, 7.287235975265503, 7.440048694610596, 7.593663930892944, 7.747670412063599, 7.8993120193481445, 8.053910970687866, 8.2073335647583, 8.361175060272217, 8.513843059539795, 8.667555570602417, 8.819530963897705, 8.972994327545166, 9.1264328956604], "forward_time": [0.7447094917297363, 0.8915090560913086, 1.036529302597046, 1.1805682182312012, 1.3280034065246582, 1.4780948162078857, 1.6291882991790771, 1.7811353206634521, 1.9329888820648193, 2.0857458114624023, 2.238055944442749, 2.390848159790039, 2.542006492614746, 2.694512367248535, 2.847149133682251, 3.000981569290161, 3.152801036834717, 3.305290699005127, 3.459031820297241, 3.6122682094573975, 3.7654709815979004, 3.91911244392395, 4.072317361831665, 4.225219249725342, 4.378143548965454, 4.53277063369751, 4.686785697937012, 4.840622663497925, 4.9949469566345215, 5.147446393966675, 5.300587892532349, 5.45373010635376, 5.606969356536865, 5.760509252548218, 5.914135932922363, 6.066958665847778, 6.220750331878662, 6.373469591140747, 6.527075529098511, 6.68063759803772, 6.834283351898193, 6.987597703933716, 7.141422986984253, 7.292739152908325, 7.44561243057251, 7.599431037902832, 7.753416061401367, 7.905058145523071, 8.059691667556763, 8.21308159828186, 8.366922855377197, 8.519601821899414, 8.673106908798218, 8.825039863586426, 8.978525638580322, 9.132177114486694], "inference_loss": [-1989.0, -1994.0, -1981.0, -1977.0, -2043.0, -2061.0, -2090.0, -2110.0, -2125.0, -2127.0, -2127.0, -2128.0, -2128.0, -2129.0, -2129.0, -2129.0, -2130.0, -2130.0, -2130.0, -2130.0, -2130.0, -2130.0, -2130.0, -2130.0, -2130.0, -2132.0, -2132.0, -2132.0, -2132.0, -2132.0, -2132.0, -2132.0, -2132.0, -2132.0, -2132.0, -2133.0, -2133.0, -2133.0, -2133.0, -2133.0, -2133.0, -2133.0, -2133.0, -2133.0, -2133.0, -2133.0, -2133.0, -2133.0, -2133.0, -2133.0, -2133.0, -2133.0, -2133.0, -2133.0, -2133.0, -2133.0], "loss": [-1949.801025390625, -1943.957275390625, -1920.737548828125, -1945.35205078125, -1954.739013671875, -1990.071044921875, -2050.373291015625, -2083.087646484375, -2095.21337890625, -2099.635009765625, -2102.023193359375, -2103.29541015625, -2104.24609375, -2104.933349609375, -2105.63818359375, -2106.032958984375, -2106.622802734375, -2107.023193359375, -2107.316650390625, -2107.428955078125, -2107.514404296875, -2107.85107421875, -2108.2998046875, -2108.406005859375, -2108.7822265625, -2109.0185546875, -2109.296875, -2109.256103515625, -2109.22265625, -2109.34423828125, -2109.3115234375, -2109.360107421875, -2109.4052734375, -2109.45947265625, -2109.552734375, -2109.70947265625, -2109.66162109375, -2109.69140625, -2109.5986328125, -2109.794677734375, -2109.7861328125, -2109.845458984375, -2110.065673828125, -2110.1533203125, -2110.16015625, -2110.2255859375, -2110.318359375, -2110.3564453125, -2110.38037109375, -2110.40380859375, -2110.41748046875, -2110.43408203125, -2110.656982421875, -2110.729248046875, -2110.77783203125, -2110.802734375, -2133.0], "time": [0.749326229095459, 0.8959476947784424, 1.0409514904022217, 1.1849687099456787, 1.3324775695800781, 1.4825654029846191, 1.63362455368042, 1.785630464553833, 1.9374990463256836, 2.0902259349823, 2.2426905632019043, 2.395488739013672, 2.546572685241699, 2.6992807388305664, 2.851951837539673, 3.005821704864502, 3.15771746635437, 3.310133457183838, 3.463857650756836, 3.6171035766601562, 3.7702274322509766, 3.923948049545288, 4.077149391174316, 4.230096817016602, 4.382996559143066, 4.537538051605225, 4.691518306732178, 4.845401287078857, 4.999812841415405, 5.152176141738892, 5.305398941040039, 5.458623647689819, 5.6118292808532715, 5.765293121337891, 5.918994903564453, 6.071749448776245, 6.225486993789673, 6.378202199935913, 6.531867980957031, 6.685376882553101, 6.839057207107544, 6.992467403411865, 7.146239995956421, 7.297511577606201, 7.4503984451293945, 7.604234218597412, 7.75824499130249, 7.90993070602417, 8.06447720527649, 8.218019485473633, 8.371670007705688, 8.524568796157837, 8.678029537200928, 8.829934358596802, 8.983381509780884, 9.13707423210144, 9.31719422340393]}