{"sample_time": [0.15064573287963867, 0.19951868057250977, 0.23267865180969238, 0.2652425765991211, 0.29882121086120605, 0.33190488815307617, 0.36521029472351074, 0.3988344669342041, 0.4326627254486084, 0.4656991958618164, 0.4991476535797119, 0.532850980758667, 0.5665030479431152, 0.5994017124176025, 0.6328632831573486, 0.6664721965789795, 0.7001581192016602, 0.7329926490783691, 0.7663705348968506, 0.799990177154541, 0.8335928916931152, 0.8665504455566406, 0.9000740051269531], "forward_time": [0.16971254348754883, 0.20290756225585938, 0.2360382080078125, 0.26859068870544434, 0.30214762687683105, 0.33495664596557617, 0.36827778816223145, 0.4019489288330078, 0.4357283115386963, 0.4687623977661133, 0.5022485256195068, 0.5359213352203369, 0.569603443145752, 0.6024737358093262, 0.6359224319458008, 0.6695687770843506, 0.7032148838043213, 0.7360749244689941, 0.7694411277770996, 0.8030354976654053, 0.8366773128509521, 0.8696088790893555, 0.9031510353088379], "inference_loss": [0.7482925653457642, 0.7482925653457642, 0.7482925653457642, 0.7482925653457642, 0.7482925653457642, 0.7482925653457642, 0.7482925653457642, 0.7482925653457642, 0.7482925653457642, 0.7482925653457642, 0.7482925653457642, 0.7482925653457642, 0.7482925653457642, 0.7482925653457642, 0.7482925653457642, 0.7482925653457642, 0.7482925653457642, 0.7482925653457642, 0.7482925653457642, 0.7482925653457642, 0.7482925653457642, 0.7482925653457642, 0.7482925653457642], "loss": [1.6243770122528076, 1.21298348903656, 0.7966529726982117, 0.7710492610931396, 0.764640212059021, 0.7599340081214905, 0.7585800886154175, 0.7584547996520996, 0.7570154666900635, 0.7560757398605347, 0.7556518316268921, 0.7553126811981201, 0.7542834877967834, 0.7536076307296753, 0.7531718015670776, 0.7526071071624756, 0.7521688938140869, 0.7528736591339111, 0.7513729333877563, 0.7511517405509949, 0.7509596943855286, 0.7508361339569092, 0.7507867813110352, 0.7482925653457642], "time": [0.17434310913085938, 0.20683813095092773, 0.23958110809326172, 0.27306652069091797, 0.30666041374206543, 0.33980870246887207, 0.3733241558074951, 0.4070436954498291, 0.4408144950866699, 0.473834753036499, 0.5073432922363281, 0.5410003662109375, 0.5747044086456299, 0.6075432300567627, 0.6409847736358643, 0.6746766567230225, 0.7082912921905518, 0.7411539554595947, 0.7745394706726074, 0.8081188201904297, 0.841778039932251, 0.8746886253356934, 0.9082341194152832, 0.9336390495300293]}