{"sample_time": [0.08101630210876465, 0.16016054153442383, 0.23601269721984863, 0.3113112449645996, 0.3856797218322754, 0.46032142639160156, 0.5349891185760498, 0.6088337898254395, 0.683201789855957, 0.7572634220123291, 0.8315320014953613, 0.9051916599273682, 0.9798634052276611, 1.055004358291626, 1.1295397281646729, 1.203920841217041, 1.278794765472412, 1.3535676002502441, 1.4288220405578613, 1.5036771297454834, 1.5811147689819336, 1.6565263271331787, 1.73307466506958], "forward_time": [0.08950948715209961, 0.16483378410339355, 0.24082446098327637, 0.31587743759155273, 0.3902781009674072, 0.46465206146240234, 0.539344072341919, 0.613170862197876, 0.6875202655792236, 0.7616381645202637, 0.8358614444732666, 0.9095394611358643, 0.9842288494110107, 1.05942702293396, 1.13395357131958, 1.2083430290222168, 1.283193826675415, 1.3580069541931152, 1.433232307434082, 1.5080881118774414, 1.5856943130493164, 1.661250352859497, 1.7377655506134033], "inference_loss": [0.7482925653457642, 0.7482925653457642, 0.7482925653457642, 0.7482925653457642, 0.7482925653457642, 0.7482925653457642, 0.7482925653457642, 0.7482925653457642, 0.7482925653457642, 0.7482925653457642, 0.7482925653457642, 0.7482925653457642, 0.7482925653457642, 0.7482925653457642, 0.7482925653457642, 0.7482925653457642, 0.7482925653457642, 0.7482925653457642, 0.7482925653457642, 0.7482925653457642, 0.7482925653457642, 0.7482925653457642, 0.7482925653457642], "loss": [1.6243770122528076, 1.2129836082458496, 0.796653151512146, 0.7710493206977844, 0.7646402716636658, 0.7599340677261353, 0.7585800886154175, 0.7584547996520996, 0.7570154666900635, 0.7560757398605347, 0.7556518316268921, 0.7553126811981201, 0.7542834281921387, 0.7536076307296753, 0.7531718015670776, 0.7526071071624756, 0.7521688938140869, 0.7528735995292664, 0.7513729333877563, 0.7511517405509949, 0.7509596943855286, 0.7508361339569092, 0.7507867813110352, 0.7482925653457642], "time": [0.0951089859008789, 0.17065739631652832, 0.24616575241088867, 0.3214879035949707, 0.3959057331085205, 0.4697558879852295, 0.5445528030395508, 0.6183896064758301, 0.6926956176757812, 0.7667639255523682, 0.8409872055053711, 0.9144482612609863, 0.989492654800415, 1.06443190574646, 1.1390471458435059, 1.2136399745941162, 1.288522481918335, 1.3633065223693848, 1.4385442733764648, 1.5134661197662354, 1.5908470153808594, 1.66672945022583, 1.7430367469787598, 1.8291635513305664]}