{"sample_time": [0.20524907112121582, 0.35430407524108887, 0.47232723236083984, 0.5876400470733643, 0.6978147029876709, 0.8049716949462891, 0.909867525100708, 1.0138616561889648, 1.1178410053253174, 1.2202966213226318, 1.324228286743164, 1.4264159202575684, 1.527592658996582, 1.6287314891815186, 1.729198932647705, 1.8293886184692383, 1.930992603302002, 2.0300955772399902, 2.1300477981567383, 2.2301857471466064, 2.3293163776397705, 2.428518056869507, 2.5279488563537598], "forward_time": [0.24200725555419922, 0.36974239349365234, 0.4876415729522705, 0.6017701625823975, 0.7117059230804443, 0.8184783458709717, 0.9232316017150879, 1.0272996425628662, 1.1313257217407227, 1.2338616847991943, 1.3374676704406738, 1.4396910667419434, 1.5407335758209229, 1.6418144702911377, 1.7420663833618164, 1.8424293994903564, 1.9439811706542969, 2.0430305004119873, 2.142941951751709, 2.243091106414795, 2.3422350883483887, 2.4415433406829834, 2.540860891342163], "inference_loss": [1.4706976413726807, 4.878170967102051, 0.45085930824279785, 0.45085930824279785, 0.45085930824279785, 0.45085930824279785, 0.45085930824279785, 0.45085930824279785, 0.45085930824279785, 0.45085930824279785, 0.45085930824279785, 0.45085930824279785, 0.45085930824279785, 0.45085930824279785, 0.45085930824279785, 0.45085930824279785, 0.45085930824279785, 0.45085930824279785, 0.45085930824279785, 0.45085930824279785, 0.45085930824279785, 0.45085930824279785, 0.45085930824279785], "loss": [5.028249263763428, 5.10709810256958, 3.9169821739196777, 2.6990456581115723, 2.2529122829437256, 1.9046446084976196, 1.594111442565918, 1.2913475036621094, 1.0765795707702637, 0.7920782566070557, 0.5911164283752441, 0.49154284596443176, 0.46847882866859436, 0.46628275513648987, 0.46618974208831787, 0.4658772647380829, 0.4642671048641205, 0.4636554718017578, 0.4608519673347473, 0.46127694845199585, 0.4602571725845337, 0.46056318283081055, 0.4613398313522339, 0.45085930824279785], "time": [0.27597689628601074, 0.40692138671875, 0.5249922275543213, 0.6362693309783936, 0.7454664707183838, 0.8511157035827637, 0.9558935165405273, 1.0599806308746338, 1.1638805866241455, 1.2674367427825928, 1.37093186378479, 1.4719984531402588, 1.573261022567749, 1.6733605861663818, 1.7737531661987305, 1.874997854232788, 1.9746112823486328, 2.0746779441833496, 2.1746270656585693, 2.273702383041382, 2.3728535175323486, 2.4721503257751465, 2.572571039199829, 2.7509894371032715]}