{"sample_time": [0.08878231048583984, 0.1864924430847168, 0.26479530334472656, 0.33931493759155273, 0.411240816116333, 0.48288488388061523, 0.5514202117919922, 0.6206150054931641, 0.6908419132232666, 0.7609460353851318, 0.8298435211181641, 0.8964204788208008, 0.9610519409179688, 1.0256054401397705, 1.0899841785430908, 1.1546831130981445, 1.2202003002166748, 1.2848179340362549, 1.3512887954711914, 1.4179883003234863, 1.482490062713623, 1.547020435333252, 1.6133029460906982], "forward_time": [0.11311793327331543, 0.19853782653808594, 0.27657175064086914, 0.35043811798095703, 0.4221189022064209, 0.49367189407348633, 0.562065839767456, 0.6313610076904297, 0.7016124725341797, 0.7716705799102783, 0.84029221534729, 0.9067366123199463, 0.9713551998138428, 1.0357863903045654, 1.1001877784729004, 1.1649365425109863, 1.2305383682250977, 1.2950291633605957, 1.3617165088653564, 1.4283676147460938, 1.4926612377166748, 1.5571837425231934, 1.6236608028411865], "inference_loss": [1.4706976413726807, 4.878170967102051, 0.45085930824279785, 0.45085930824279785, 0.45085930824279785, 0.45085930824279785, 0.45085930824279785, 0.45085930824279785, 0.45085930824279785, 0.45085930824279785, 0.45085930824279785, 0.45085930824279785, 0.45085930824279785, 0.45085930824279785, 0.45085930824279785, 0.45085930824279785, 0.45085930824279785, 0.45085930824279785, 0.45085930824279785, 0.45085930824279785, 0.45085930824279785, 0.45085930824279785, 0.45085930824279785], "loss": [5.028249263763428, 5.107097625732422, 3.9156758785247803, 2.698251247406006, 2.253147840499878, 1.9056240320205688, 1.5960214138031006, 1.2922616004943848, 1.0758014917373657, 0.7942915558815002, 0.5886210203170776, 0.4927450716495514, 0.46555832028388977, 0.4634069502353668, 0.463398277759552, 0.4628891348838806, 0.4614807963371277, 0.46091437339782715, 0.46065205335617065, 0.4612177610397339, 0.46027231216430664, 0.4606032073497772, 0.4613332152366638, 0.45085930824279785], "time": [0.15111565589904785, 0.23520970344543457, 0.310244083404541, 0.38317370414733887, 0.4561605453491211, 0.5244250297546387, 0.593895435333252, 0.664142370223999, 0.7344293594360352, 0.8034327030181885, 0.8709287643432617, 0.935521125793457, 1.0000989437103271, 1.0646326541900635, 1.1290228366851807, 1.1948540210723877, 1.2592861652374268, 1.3260061740875244, 1.3924944400787354, 1.4569752216339111, 1.5214805603027344, 1.588146686553955, 1.6522853374481201, 1.6777880191802979]}