{"sample_time": [2.6406877040863037, 3.4321134090423584, 4.765650272369385, 6.1106977462768555, 7.445173740386963, 8.778137922286987, 10.120388269424438, 11.439560174942017, 12.765855550765991, 14.103679895401001, 15.436355113983154, 16.771215200424194, 18.10455083847046, 19.43653392791748, 20.76819944381714, 22.10055112838745, 23.43299150466919, 24.76742649078369, 26.10370373725891, 27.43669080734253, 28.76452088356018, 30.079983234405518, 31.39217233657837, 32.714311599731445, 34.048086643218994, 35.38054704666138, 36.71562886238098, 38.04136657714844, 39.3686683177948, 40.700690507888794, 42.02805280685425, 43.36312556266785, 44.699087381362915, 46.03123474121094, 47.36063098907471, 48.69122123718262, 50.02085471153259, 51.348278760910034, 52.67708468437195, 53.996214151382446, 55.328136682510376, 56.66087222099304, 57.983561277389526, 59.32468008995056], "forward_time": [3.1277103424072266, 3.4595839977264404, 4.792248249053955, 6.137305498123169, 7.4715659618377686, 8.804581880569458, 10.14647650718689, 11.465875148773193, 12.791871309280396, 14.129691123962402, 15.462623119354248, 16.797455072402954, 18.13064455986023, 19.462676525115967, 20.794267177581787, 22.12648916244507, 23.45919942855835, 24.793741703033447, 26.12983250617981, 27.462719440460205, 28.790228366851807, 30.1056387424469, 31.417827129364014, 32.740501403808594, 34.074243783950806, 35.40653324127197, 36.74157500267029, 38.067739963531494, 39.39485573768616, 40.72680950164795, 42.05409336090088, 43.38919281959534, 44.72523617744446, 46.05679941177368, 47.386653423309326, 48.71728253364563, 50.04698991775513, 51.37444281578064, 52.70311117172241, 54.02178645133972, 55.35446214675903, 56.687413692474365, 58.009761095047, 59.3510103225708], "inference_loss": [79.36503601074219, 57.981422424316406, 48.32760238647461, 40.22446823120117, 36.589027404785156, 31.187789916992188, 31.22607421875, 27.759376525878906, 26.90259552001953, 26.753658294677734, 25.048080444335938, 26.17742156982422, 25.295791625976562, 26.588138580322266, 25.10092544555664, 25.024730682373047, 25.7576904296875, 25.721420288085938, 24.16177749633789, 24.51080322265625, 24.74726104736328, 24.74726104736328, 24.757625579833984, 25.093032836914062, 24.837139129638672, 23.770301818847656, 24.724727630615234, 25.022483825683594, 23.908554077148438, 24.523696899414062, 24.523696899414062, 25.013580322265625, 24.386314392089844, 24.3729248046875, 24.386314392089844, 24.386314392089844, 24.690052032470703, 24.690052032470703, 25.639305114746094, 25.639305114746094, 24.690052032470703, 24.27019500732422, 24.575607299804688, 24.575607299804688], "loss": [72.42036437988281, 71.00975036621094, 47.351585388183594, 38.71495056152344, 33.760009765625, 29.901187896728516, 27.34127426147461, 26.537328720092773, 25.306106567382812, 24.7782039642334, 23.559358596801758, 24.05229949951172, 23.267236709594727, 23.337039947509766, 22.91191864013672, 23.31621551513672, 22.689830780029297, 23.241199493408203, 22.61878204345703, 22.479894638061523, 23.090473175048828, 22.46659278869629, 22.102121353149414, 21.799888610839844, 21.779661178588867, 22.127498626708984, 22.043048858642578, 21.737464904785156, 21.599857330322266, 21.78937530517578, 22.09827423095703, 21.591171264648438, 22.153762817382812, 21.59604835510254, 22.16445541381836, 21.9908447265625, 21.085330963134766, 22.187480926513672, 21.47126579284668, 21.306652069091797, 21.632339477539062, 21.73997688293457, 21.5179443359375, 22.212291717529297, 24.466480255126953], "time": [3.387053966522217, 4.724142074584961, 6.064275741577148, 7.399434328079224, 8.736138582229614, 10.072677850723267, 11.39941930770874, 12.72028112411499, 14.060901403427124, 15.396169424057007, 16.72846007347107, 18.064525604248047, 19.396464824676514, 20.72817063331604, 22.060529470443726, 23.39294409751892, 24.72470784187317, 26.063687801361084, 27.39660882949829, 28.724419832229614, 30.04001235961914, 31.352163553237915, 32.67703914642334, 34.008193016052246, 35.340519428253174, 36.672789335250854, 38.00104379653931, 39.32869291305542, 40.66064763069153, 41.98804044723511, 43.320385217666626, 44.65641736984253, 45.98851752281189, 47.32063055038452, 48.64850568771362, 49.98085927963257, 51.308255672454834, 52.637115478515625, 53.956202030181885, 55.28807330131531, 56.62081813812256, 57.943570137023926, 59.284672498703, 60.61680746078491, 60.6568558216095]}