{"sample_time": [0.14394187927246094, 0.27566051483154297, 0.3942105770111084, 0.512904167175293, 0.6271114349365234, 0.7409873008728027, 0.8517918586730957, 0.9638352394104004, 1.0748505592346191, 1.1847004890441895, 1.2948946952819824, 1.4062039852142334, 1.5156753063201904, 1.6268641948699951, 1.7366204261779785, 1.8464491367340088, 1.9569892883300781, 2.068030834197998, 2.1788318157196045, 2.2892820835113525, 2.4007647037506104, 2.5115344524383545, 2.6223652362823486], "forward_time": [0.16228723526000977, 0.28372764587402344, 0.40172648429870605, 0.5205376148223877, 0.634763240814209, 0.7480528354644775, 0.8594021797180176, 0.9709970951080322, 1.081477165222168, 1.1914429664611816, 1.3021833896636963, 1.4128265380859375, 1.5231010913848877, 1.6334497928619385, 1.7433326244354248, 1.8532559871673584, 1.9639062881469727, 2.0747883319854736, 2.18508243560791, 2.296070098876953, 2.407538652420044, 2.518432140350342, 2.628620147705078], "inference_loss": [1.8138322830200195, 1.4862442016601562, 1.4862442016601562, 1.4862442016601562, 1.4862442016601562, 1.4862442016601562, 1.4862442016601562, 1.4862442016601562, 1.4862442016601562, 1.4862442016601562, 1.4862442016601562, 1.4862442016601562, 1.4862442016601562, 1.4862442016601562, 1.4862442016601562, 1.4862442016601562, 1.4862442016601562, 1.4862442016601562, 1.4862442016601562, 1.4862442016601562, 1.4862442016601562, 1.4862442016601562, 1.4862442016601562], "loss": [5.937662124633789, 5.340660095214844, 3.7553446292877197, 3.1066818237304688, 2.4618887901306152, 1.90177583694458, 1.5993822813034058, 1.5202410221099854, 1.5006256103515625, 1.4939769506454468, 1.4927990436553955, 1.4905190467834473, 1.4914252758026123, 1.4886713027954102, 1.4909226894378662, 1.489881157875061, 1.4876741170883179, 1.487657070159912, 1.4871678352355957, 1.4875448942184448, 1.4872486591339111, 1.4875751733779907, 1.4874954223632812, 1.4862442016601562], "time": [0.17081570625305176, 0.29215359687805176, 0.41011571884155273, 0.5287923812866211, 0.6430587768554688, 0.7554049491882324, 0.8672161102294922, 0.9786691665649414, 1.0887947082519531, 1.1983835697174072, 1.309791088104248, 1.4199998378753662, 1.5306832790374756, 1.6403722763061523, 1.750335454940796, 1.8603765964508057, 1.9711344242095947, 2.082080125808716, 2.192171812057495, 2.303283452987671, 2.414891004562378, 2.525444507598877, 2.636698007583618, 2.7555246353149414]}