{"sample_time": [0.19496846199035645, 0.3200814723968506, 0.42739224433898926, 0.5273807048797607, 0.6242635250091553, 0.7194521427154541, 0.8141579627990723, 0.908332109451294, 0.9984655380249023, 1.0882186889648438, 1.1772065162658691, 1.2667186260223389, 1.3549644947052002, 1.4435036182403564, 1.531254768371582, 1.6188764572143555, 1.706697940826416, 1.7945945262908936, 1.8825254440307617, 1.970174789428711, 2.0577666759490967, 2.1465160846710205, 2.2341456413269043, 2.3245434761047363], "forward_time": [0.23048162460327148, 0.3347957134246826, 0.44172167778015137, 0.540928840637207, 0.6378035545349121, 0.7328386306762695, 0.82771897315979, 0.921466588973999, 1.01151442527771, 1.100975513458252, 1.1900670528411865, 1.2791693210601807, 1.3674583435058594, 1.4558639526367188, 1.5436241626739502, 1.6312963962554932, 1.7192294597625732, 1.8069524765014648, 1.8950374126434326, 1.9825470447540283, 2.070131778717041, 2.1589107513427734, 2.246936559677124, 2.33709979057312], "inference_loss": [0.9421405792236328, 0.6755945682525635, 0.6755945682525635, 0.44937896728515625, 0.44937896728515625, 0.44937896728515625, 0.44937896728515625, 0.44937896728515625, 0.44937896728515625, 0.44937896728515625, 0.44937896728515625, 0.44937896728515625, 0.44937896728515625, 0.44937896728515625, 0.44937896728515625, 0.44937896728515625, 0.44937896728515625, 0.44937896728515625, 0.44937896728515625, 0.44937896728515625, 0.44937896728515625, 0.44937896728515625, 0.44937896728515625, 0.44937896728515625], "loss": [4.776573181152344, 4.4037580490112305, 2.575601577758789, 2.2521135807037354, 1.881591796875, 1.4636443853378296, 1.0623648166656494, 0.7563283443450928, 0.5902426838874817, 0.536312997341156, 0.5223969221115112, 0.5117800235748291, 0.5051510334014893, 0.5033931732177734, 0.5017956495285034, 0.4991045594215393, 0.4964017868041992, 0.4957631826400757, 0.4956234097480774, 0.49550044536590576, 0.4949212372303009, 0.49499422311782837, 0.4956214427947998, 0.49346500635147095, 0.44937896728515625], "time": [0.26273536682128906, 0.3706533908843994, 0.4740157127380371, 0.5729172229766846, 0.669785737991333, 0.7660360336303711, 0.8607923984527588, 0.9524214267730713, 1.0424301624298096, 1.1311159133911133, 1.2202613353729248, 1.3083171844482422, 1.3974952697753906, 1.4849836826324463, 1.5727291107177734, 1.6604044437408447, 1.7482035160064697, 1.836059331893921, 1.9240057468414307, 2.0116820335388184, 2.1002979278564453, 2.188030958175659, 2.278165578842163, 2.366129159927368, 2.5243008136749268]}