{"sample_time": [5.879906892776489, 7.293830394744873, 8.648296117782593, 10.006442546844482, 11.350770473480225, 12.689743041992188, 14.029046773910522, 15.364212274551392, 16.70323944091797, 18.034297466278076, 19.36705231666565, 20.700133323669434, 22.033584356307983, 23.358936071395874, 24.689162492752075, 26.01854658126831, 27.349016189575195, 28.67831540107727, 30.006176710128784, 31.330764532089233, 32.65907335281372, 33.98445153236389, 35.311649560928345, 36.64039182662964, 37.96728825569153, 39.29155778884888, 40.61878252029419, 41.94653081893921, 43.277021169662476, 44.60522770881653, 45.93939685821533, 47.27135944366455, 48.59860801696777, 49.923784494400024, 51.25064039230347, 52.57929968833923, 53.90747785568237, 55.2381157875061, 56.56856155395508, 57.896130084991455, 59.22793197631836], "forward_time": [6.978203535079956, 7.344662427902222, 8.698286533355713, 10.055688858032227, 11.39926528930664, 12.73892617225647, 14.077972173690796, 15.412691831588745, 16.75124168395996, 18.082979679107666, 19.415359497070312, 20.748006343841553, 22.081534385681152, 23.40676498413086, 24.737377643585205, 26.066916704177856, 27.397119998931885, 28.726376056671143, 30.05368661880493, 31.378215312957764, 32.70713424682617, 34.03244161605835, 35.35909962654114, 36.68760871887207, 38.014978647232056, 39.338436126708984, 40.6663932800293, 41.9942741394043, 43.32460975646973, 44.65342688560486, 45.98694944381714, 47.31904435157776, 48.646705627441406, 49.97162389755249, 51.29828381538391, 52.6269326210022, 53.95540761947632, 55.286327838897705, 56.616843461990356, 57.94439625740051, 59.276058197021484], "inference_loss": [79.36503601074219, 57.981422424316406, 49.37458038330078, 38.71562194824219, 38.810516357421875, 32.595428466796875, 32.318153381347656, 29.425613403320312, 28.449813842773438, 27.27050018310547, 26.362567901611328, 25.740798950195312, 27.47417449951172, 25.317710876464844, 25.940948486328125, 25.508663177490234, 25.014686584472656, 24.983173370361328, 24.983173370361328, 25.317710876464844, 24.69921112060547, 24.56966781616211, 25.694164276123047, 25.642234802246094, 25.318885803222656, 25.318885803222656, 25.23560333251953, 25.005393981933594, 25.022483825683594, 24.606006622314453, 24.887535095214844, 24.887535095214844, 24.724727630615234, 24.94786834716797, 24.94786834716797, 24.839630126953125, 24.94786834716797, 24.94786834716797, 24.94786834716797, 24.90997314453125, 25.069503784179688], "loss": [72.42036437988281, 71.21430206298828, 47.57527160644531, 38.611968994140625, 33.918739318847656, 30.42954444885254, 27.435588836669922, 26.580581665039062, 25.73506736755371, 24.63954734802246, 24.062217712402344, 23.48408317565918, 22.763164520263672, 23.024307250976562, 22.999208450317383, 23.11054229736328, 22.913528442382812, 22.664321899414062, 22.647214889526367, 22.65782928466797, 23.220863342285156, 22.661359786987305, 22.008270263671875, 22.35435676574707, 22.057308197021484, 22.252506256103516, 22.77713966369629, 22.07427215576172, 22.037742614746094, 21.91897964477539, 22.313278198242188, 22.30790901184082, 22.444869995117188, 22.43459701538086, 22.135112762451172, 21.83736801147461, 22.08541488647461, 22.861902236938477, 21.650096893310547, 21.656700134277344, 21.740821838378906, 25.267791748046875], "time": [7.244813919067383, 8.600040197372437, 9.954696416854858, 11.30397367477417, 12.643450498580933, 13.982438802719116, 15.320143461227417, 16.656736612319946, 17.990389823913574, 19.32291579246521, 20.65616726875305, 21.987019538879395, 23.31817317008972, 24.64538860321045, 25.97216033935547, 27.305484294891357, 28.637540817260742, 29.965394973754883, 31.289884567260742, 32.61570715904236, 33.94377064704895, 35.271087884902954, 36.59418249130249, 37.92383170127869, 39.25088453292847, 40.575305700302124, 41.90312218666077, 43.233150482177734, 44.561506271362305, 45.89531207084656, 47.2271831035614, 48.55480217933655, 49.88274812698364, 51.209675550460815, 52.53552508354187, 53.86647033691406, 55.19414710998535, 56.52444553375244, 57.85512018203735, 59.18412518501282, 60.514235734939575, 60.69664812088013]}