{"sample_time": [0.13503050804138184, 0.19513463973999023, 0.2410593032836914, 0.2873804569244385, 0.3311150074005127, 0.3741264343261719, 0.4171755313873291, 0.4590451717376709, 0.4998147487640381, 0.5431239604949951, 0.5855977535247803, 0.62687087059021, 0.6673469543457031, 0.7067782878875732, 0.7474186420440674, 0.7878551483154297, 0.8281817436218262, 0.8676984310150146, 0.9080898761749268, 0.9496228694915771, 0.9901769161224365, 1.0302882194519043, 1.0674009323120117], "forward_time": [0.15363836288452148, 0.20071792602539062, 0.24755334854125977, 0.29276490211486816, 0.33689045906066895, 0.3796725273132324, 0.42221879959106445, 0.4637625217437744, 0.505932092666626, 0.548771858215332, 0.5902161598205566, 0.6311976909637451, 0.6715946197509766, 0.7115066051483154, 0.751671314239502, 0.7923831939697266, 0.8324317932128906, 0.8721923828125, 0.9131639003753662, 0.9539339542388916, 0.9944567680358887, 1.0349841117858887, 1.0716798305511475], "inference_loss": [0.4302756190299988, 0.4302756190299988, 0.4302756190299988, 0.4302756190299988, 0.4302756190299988, 0.4302756190299988, 0.4302756190299988, 0.4302756190299988, 0.4302756190299988, 0.4302756190299988, 0.4302756190299988, 0.4302756190299988, 0.4302756190299988, 0.4302756190299988, 0.4302756190299988, 0.4302756190299988, 0.4302756190299988, 0.4302756190299988, 0.4302756190299988, 0.4302756190299988, 0.4302756190299988, 0.4302756190299988, 0.4302756190299988], "loss": [2.586946964263916, 2.5930697917938232, 1.8315331935882568, 1.3811094760894775, 1.2301387786865234, 1.0453455448150635, 0.7425870895385742, 0.583816647529602, 0.5040649771690369, 0.4702508747577667, 0.4453961253166199, 0.4389169216156006, 0.4349569082260132, 0.4335061311721802, 0.4334487318992615, 0.43229421973228455, 0.43227800726890564, 0.432230144739151, 0.4321417808532715, 0.43132495880126953, 0.43174272775650024, 0.4311845898628235, 0.4311034679412842, 0.4302756190299988], "time": [0.1643226146697998, 0.21153926849365234, 0.25882863998413086, 0.3029465675354004, 0.3462073802947998, 0.38930797576904297, 0.43133068084716797, 0.47255539894104004, 0.515608549118042, 0.5587100982666016, 0.5996425151824951, 0.6405973434448242, 0.6794450283050537, 0.7204246520996094, 0.760317325592041, 0.8012769222259521, 0.8401343822479248, 0.8811042308807373, 0.9220879077911377, 0.9630582332611084, 1.0029449462890625, 1.0402882099151611, 1.0770657062530518, 1.1044037342071533]}