{"sample_time": [0.6277298927307129, 0.8812153339385986, 1.0296034812927246, 1.1688430309295654, 1.3043782711029053, 1.4340848922729492, 1.564631462097168, 1.6903491020202637, 1.9552655220031738, 2.183243751525879, 2.408951997756958, 2.631673812866211, 2.8532867431640625, 3.074843645095825, 3.293407917022705, 3.5153872966766357, 3.6931169033050537, 3.9565279483795166, 4.1812520027160645, 4.359307765960693, 4.624470949172974, 4.8470704555511475, 5.068742513656616, 5.290237903594971, 5.510737895965576], "forward_time": [0.7541568279266357, 0.9060795307159424, 1.0544085502624512, 1.1942813396453857, 1.3267862796783447, 1.4584660530090332, 1.5857689380645752, 1.71183180809021, 1.9769184589385986, 2.204810619354248, 2.4305367469787598, 2.653301477432251, 2.874756097793579, 3.0964393615722656, 3.315190553665161, 3.5369646549224854, 3.7145752906799316, 3.9782724380493164, 4.2028892040252686, 4.3807690143585205, 4.645982265472412, 4.868565320968628, 5.091223239898682, 5.311911344528198, 5.5320940017700195], "inference_loss": [5.716727256774902, 3.052091598510742, 2.6457901000976562, -0.1366567611694336, -1.8605890274047852, -1.8605890274047852, -1.8605890274047852, -1.8605890274047852, -1.8605890274047852, -1.8605890274047852, -1.8605890274047852, -1.8605890274047852, -1.8605890274047852, -1.8605890274047852, -1.8605890274047852, -1.8605890274047852, -1.8605890274047852, -1.8605890274047852, -1.8605890274047852, -1.8605890274047852, -1.8605890274047852, -1.8605890274047852, -1.8605890274047852, -1.8605890274047852, -1.8605890274047852], "loss": [12.692205429077148, 12.780515670776367, 6.935341835021973, 4.487449645996094, 2.153502941131592, 0.2881230115890503, -0.7616005539894104, -1.350313663482666, -1.6334198713302612, -1.7273283004760742, -1.7506446838378906, -1.7762346267700195, -1.7909295558929443, -1.8033393621444702, -1.8211642503738403, -1.8233619928359985, -1.8213253021240234, -1.8267149925231934, -1.826771855354309, -1.8252383470535278, -1.8260881900787354, -1.8262104988098145, -1.8278653621673584, -1.8269027471542358, -1.8274329900741577, -1.8605890274047852], "time": [0.827733039855957, 0.9839999675750732, 1.1280741691589355, 1.2658255100250244, 1.3971247673034668, 1.5284628868103027, 1.6540040969848633, 1.9193003177642822, 2.147214889526367, 2.3730175495147705, 2.595721483230591, 2.8173341751098633, 3.0389623641967773, 3.258460760116577, 3.4801416397094727, 3.6581084728240967, 3.92132306098938, 4.146064043045044, 4.324034929275513, 4.589318513870239, 4.81200647354126, 5.033621549606323, 5.2552809715271, 5.475826025009155, 5.654841661453247, 5.81936502456665]}