{"sample_time": [0.05550193786621094, 0.11058545112609863, 0.1606755256652832, 0.20998716354370117, 0.25808000564575195, 0.305858850479126, 0.3521449565887451, 0.39833593368530273, 0.4443850517272949, 0.49010348320007324, 0.5351204872131348, 0.5809774398803711, 0.6260318756103516, 0.6709470748901367, 0.7158386707305908, 0.760793924331665, 0.8056895732879639, 0.8505871295928955, 0.895573616027832, 0.9406180381774902, 0.9855902194976807, 1.0310328006744385, 1.0766842365264893], "forward_time": [0.06613349914550781, 0.11673426628112793, 0.16648650169372559, 0.21586847305297852, 0.26398539543151855, 0.3113994598388672, 0.3577437400817871, 0.4038426876068115, 0.4495396614074707, 0.4952819347381592, 0.5407569408416748, 0.5860240459442139, 0.6312365531921387, 0.6761252880096436, 0.7210350036621094, 0.7659587860107422, 0.8108808994293213, 0.8557486534118652, 0.9007589817047119, 0.9457764625549316, 0.9907939434051514, 1.0362563133239746, 1.0818686485290527], "inference_loss": [1.9303486347198486, 1.8588577508926392, 1.8588577508926392, 1.8588577508926392, 1.8588577508926392, 1.8588577508926392, 1.8588577508926392, 1.8588577508926392, 1.8588577508926392, 1.8588577508926392, 1.8588577508926392, 1.8588577508926392, 1.8588577508926392, 1.8588577508926392, 1.8588577508926392, 1.8588577508926392, 1.8588577508926392, 1.8588577508926392, 1.8588577508926392, 1.8588577508926392, 1.8588577508926392, 1.8588577508926392, 1.8588577508926392], "loss": [6.276456356048584, 5.666428089141846, 4.001412391662598, 3.448157787322998, 2.9175326824188232, 2.4033098220825195, 2.0365281105041504, 1.9153738021850586, 1.8792781829833984, 1.868157148361206, 1.86814546585083, 1.8641321659088135, 1.8634564876556396, 1.8617700338363647, 1.8631411790847778, 1.86249840259552, 1.8612879514694214, 1.860851764678955, 1.8605667352676392, 1.8608777523040771, 1.8605691194534302, 1.86049222946167, 1.8605332374572754, 1.8588577508926392], "time": [0.07656717300415039, 0.1272895336151123, 0.17632389068603516, 0.22558951377868652, 0.27364420890808105, 0.3203392028808594, 0.36661696434020996, 0.41272497177124023, 0.4584994316101074, 0.5034284591674805, 0.5494945049285889, 0.5944399833679199, 0.639385461807251, 0.6842713356018066, 0.7291989326477051, 0.7741038799285889, 0.8190746307373047, 0.863867998123169, 0.9089515209197998, 0.9539308547973633, 0.9992332458496094, 1.044739007949829, 1.0903100967407227, 1.1217660903930664]}