{"sample_time": [0.318631649017334, 0.5100235939025879, 0.6766438484191895, 0.8365077972412109, 0.9894289970397949, 1.1412551403045654, 1.2979958057403564, 1.4459545612335205, 1.5921707153320312, 1.7404134273529053, 1.8844404220581055, 2.028735399246216, 2.1706323623657227, 2.312610149383545, 2.456068754196167, 2.59704852104187, 2.73881459236145, 2.8810925483703613, 3.022916078567505, 3.1650609970092773, 3.306487798690796, 3.4476306438446045, 3.5890440940856934], "forward_time": [0.3590517044067383, 0.53110671043396, 0.6970372200012207, 0.8541889190673828, 1.0065670013427734, 1.1580531597137451, 1.3161842823028564, 1.4636287689208984, 1.6111321449279785, 1.7584102153778076, 1.9013192653656006, 2.045490026473999, 2.1873204708099365, 2.3291707038879395, 2.4725544452667236, 2.6137781143188477, 2.755293607711792, 2.8976311683654785, 3.039599895477295, 3.1815779209136963, 3.323007345199585, 3.464164972305298, 3.6055541038513184], "inference_loss": [-0.8737046718597412, -0.8737046718597412, -0.8737046718597412, -0.8737046718597412, -0.8737046718597412, -0.8737046718597412, -0.8737046718597412, -0.8737046718597412, -0.8737046718597412, -0.8737046718597412, -0.8737046718597412, -0.8737046718597412, -0.8737046718597412, -0.8737046718597412, -0.8737046718597412, -0.8737046718597412, -0.8737046718597412, -0.8737046718597412, -0.8737046718597412, -0.8737046718597412, -0.8737046718597412, -0.8737046718597412, -0.8737046718597412], "loss": [2.102931499481201, 1.9737012386322021, 0.8582549095153809, 0.5249087810516357, 0.31396540999412537, 0.10398338735103607, -0.21943654119968414, -0.3865124583244324, -0.6798805594444275, -0.7825176119804382, -0.7987597584724426, -0.8005256652832031, -0.8025345802307129, -0.8026819229125977, -0.8028388023376465, -0.8034553527832031, -0.8028120398521423, -0.8034533858299255, -0.8035109043121338, -0.802518367767334, -0.8035118579864502, -0.8031654357910156, -0.8035571575164795, -0.8737046718597412], "time": [0.4085114002227783, 0.5806524753570557, 0.7423789501190186, 0.8988878726959229, 1.051168441772461, 1.2097551822662354, 1.3588924407958984, 1.506951093673706, 1.6550297737121582, 1.7995853424072266, 1.9436242580413818, 2.085780143737793, 2.227696180343628, 2.369809150695801, 2.5121192932128906, 2.654078960418701, 2.795973539352417, 2.938255548477173, 3.079909086227417, 3.2211549282073975, 3.36259388923645, 3.5037765502929688, 3.646217107772827, 3.9108481407165527]}