{"sample_time": [0.215134859085083, 0.3808565139770508, 0.5015110969543457, 0.6168324947357178, 0.726874589920044, 0.8352010250091553, 0.9431655406951904, 1.0493042469024658, 1.2036633491516113, 1.4379534721374512, 1.6669962406158447, 1.8936762809753418, 2.114506483078003, 2.33919095993042, 2.5630640983581543, 2.7876219749450684, 3.011392116546631, 3.235067844390869, 3.4619696140289307, 3.6824581623077393, 3.9115641117095947, 4.12990403175354, 4.35075306892395, 4.528875112533569, 4.7990193367004395], "forward_time": [0.2750558853149414, 0.39769625663757324, 0.5185143947601318, 0.6326189041137695, 0.7426095008850098, 0.8503170013427734, 0.9582734107971191, 1.063981533050537, 1.2187893390655518, 1.4530234336853027, 1.682222843170166, 1.9086627960205078, 2.129709005355835, 2.354217052459717, 2.5782713890075684, 2.802631378173828, 3.0262610912323, 3.2499606609344482, 3.4770407676696777, 3.6976823806762695, 3.9265170097351074, 4.145057678222656, 4.365938901901245, 4.5440263748168945, 4.814129829406738], "inference_loss": [5.716727256774902, 3.052091598510742, 2.6457901000976562, -0.1366567611694336, -1.8605890274047852, -1.8605890274047852, -1.8605890274047852, -1.8605890274047852, -1.8605890274047852, -1.8605890274047852, -1.8605890274047852, -1.8605890274047852, -1.8605890274047852, -1.8605890274047852, -1.8605890274047852, -1.8605890274047852, -1.8605890274047852, -1.8605890274047852, -1.8605890274047852, -1.8605890274047852, -1.8605890274047852, -1.8605890274047852, -1.8605890274047852, -1.8605890274047852, -1.8605890274047852], "loss": [12.692205429077148, 12.78085708618164, 6.934443473815918, 4.4877729415893555, 2.1532278060913086, 0.2918282151222229, -0.7579265832901001, -1.3520803451538086, -1.6333131790161133, -1.7339340448379517, -1.775435209274292, -1.79844069480896, -1.8107383251190186, -1.8240830898284912, -1.8240348100662231, -1.8231430053710938, -1.8211922645568848, -1.8270913362503052, -1.8268932104110718, -1.8254889249801636, -1.82610023021698, -1.8262392282485962, -1.8279178142547607, -1.8269715309143066, -1.8274915218353271, -1.8605890274047852], "time": [0.34830713272094727, 0.4743208885192871, 0.592008113861084, 0.7034695148468018, 0.8126449584960938, 0.9209206104278564, 1.0271141529083252, 1.1815729141235352, 1.4158728122711182, 1.6447412967681885, 1.871612787246704, 2.093228578567505, 2.317909002304077, 2.541703701019287, 2.766373634338379, 2.9900989532470703, 3.2138147354125977, 3.4407405853271484, 3.661259651184082, 3.890286922454834, 4.108710527420044, 4.329284429550171, 4.507675647735596, 4.77774977684021, 5.005675315856934, 5.027018785476685]}