{"sample_time": [0.22310304641723633, 0.33513355255126953, 0.42751383781433105, 0.5186517238616943, 0.6106722354888916, 0.6958198547363281, 0.7814016342163086, 0.8650290966033936, 0.9477014541625977, 1.0337343215942383, 1.117530345916748, 1.2118093967437744, 1.2951717376708984, 1.3785524368286133, 1.463003396987915, 1.5461511611938477, 1.6290264129638672, 1.7123174667358398, 1.7953665256500244, 1.8791751861572266, 1.962589979171753, 2.0454046726226807, 2.128478527069092], "forward_time": [0.2456827163696289, 0.3434460163116455, 0.43433189392089844, 0.5290727615356445, 0.6166722774505615, 0.7033829689025879, 0.7873318195343018, 0.8705213069915771, 0.9552884101867676, 1.039304256439209, 1.133100986480713, 1.2169384956359863, 1.3002257347106934, 1.384455919265747, 1.4681169986724854, 1.5511600971221924, 1.634098768234253, 1.7174103260040283, 1.8011250495910645, 1.8842759132385254, 1.9676086902618408, 2.0504813194274902, 2.1335482597351074], "inference_loss": [0.4302756190299988, 0.4302756190299988, 0.4302756190299988, 0.4302756190299988, 0.4302756190299988, 0.4302756190299988, 0.4302756190299988, 0.4302756190299988, 0.4302756190299988, 0.4302756190299988, 0.4302756190299988, 0.4302756190299988, 0.4302756190299988, 0.4302756190299988, 0.4302756190299988, 0.4302756190299988, 0.4302756190299988, 0.4302756190299988, 0.4302756190299988, 0.4302756190299988, 0.4302756190299988, 0.4302756190299988, 0.4302756190299988], "loss": [2.586946964263916, 2.5930697917938232, 1.8315296173095703, 1.3810513019561768, 1.2302985191345215, 1.0454251766204834, 0.74306321144104, 0.583882212638855, 0.5039955377578735, 0.4704156517982483, 0.44538527727127075, 0.43906083703041077, 0.4350550174713135, 0.43363937735557556, 0.4335397183895111, 0.43232154846191406, 0.43229782581329346, 0.43230703473091125, 0.4321650564670563, 0.43133240938186646, 0.4317573308944702, 0.4311819076538086, 0.4311077296733856, 0.4302756190299988], "time": [0.2533600330352783, 0.3507201671600342, 0.4420955181121826, 0.536107063293457, 0.6227242946624756, 0.7098956108093262, 0.7939083576202393, 0.8761370182037354, 0.961411714553833, 1.0450243949890137, 1.1389949321746826, 1.2224223613739014, 1.3055906295776367, 1.3902883529663086, 1.4736087322235107, 1.5566151142120361, 1.6396169662475586, 1.7227787971496582, 1.8069977760314941, 1.889763593673706, 1.9729738235473633, 2.0559308528900146, 2.1389613151550293, 2.249380350112915]}