{"sample_time": [0.1005403995513916, 0.2263936996459961, 0.32547593116760254, 0.4206674098968506, 0.5143213272094727, 0.6058828830718994, 0.6961390972137451, 0.7856595516204834, 0.8729238510131836, 0.9605071544647217, 1.0443203449249268, 1.1291544437408447, 1.2126691341400146, 1.2960987091064453, 1.3795230388641357, 1.4645650386810303, 1.5477044582366943, 1.631054401397705, 1.7158863544464111, 1.8007726669311523, 1.885941505432129, 1.9709720611572266, 2.055985927581787, 2.141017436981201, 2.2259271144866943, 2.310800790786743, 2.39593768119812, 2.4811482429504395, 2.5661072731018066, 2.650965452194214], "forward_time": [0.13245773315429688, 0.24001812934875488, 0.33957791328430176, 0.43464088439941406, 0.5278065204620361, 0.6191649436950684, 0.7089638710021973, 0.7983901500701904, 0.8859033584594727, 0.9729843139648438, 1.0567502975463867, 1.1414735317230225, 1.2249760627746582, 1.308384895324707, 1.391890525817871, 1.476985216140747, 1.5600404739379883, 1.6433234214782715, 1.7282087802886963, 1.8130779266357422, 1.8982720375061035, 1.983377456665039, 2.0682857036590576, 2.153324842453003, 2.23824405670166, 2.3231678009033203, 2.408205986022949, 2.493520736694336, 2.578460693359375, 2.6633031368255615], "inference_loss": [7.6638031005859375, 10.151203155517578, 5.959034442901611, 5.366182804107666, 5.424981594085693, 5.366182804107666, 5.2574920654296875, 5.18975830078125, 5.2574920654296875, 5.122772693634033, 5.122772693634033, 5.122772693634033, 5.122772693634033, 5.122772693634033, 5.122772693634033, 5.122772693634033, 5.122772693634033, 5.122772693634033, 5.122772693634033, 5.122772693634033, 5.122772693634033, 5.122772693634033, 5.122772693634033, 5.122772693634033, 5.122772693634033, 5.122772693634033, 5.122772693634033, 5.122772693634033, 5.122772693634033, 5.122772693634033], "loss": [11.355331420898438, 11.772140502929688, 9.487397193908691, 7.626285552978516, 6.957761764526367, 6.498449325561523, 6.155591011047363, 5.972704887390137, 5.830150604248047, 5.686786651611328, 5.608953475952148, 5.525930404663086, 5.473829746246338, 5.414387226104736, 5.375316619873047, 5.34100341796875, 5.33101749420166, 5.321469783782959, 5.2883429527282715, 5.268576622009277, 5.259512901306152, 5.254301071166992, 5.239582538604736, 5.223290920257568, 5.206586837768555, 5.201955318450928, 5.179612159729004, 5.1789093017578125, 5.161127090454102, 5.159832954406738, 5.122772693634033], "time": [0.18247652053833008, 0.28858017921447754, 0.3841879367828369, 0.4777872562408447, 0.571303129196167, 0.6616764068603516, 0.7510330677032471, 0.8403537273406982, 0.9281151294708252, 1.012052297592163, 1.0970127582550049, 1.1806950569152832, 1.2642147541046143, 1.3476324081420898, 1.4311425685882568, 1.5161116123199463, 1.5992448329925537, 1.6825973987579346, 1.7674493789672852, 1.8523099422454834, 1.9374945163726807, 2.0225956439971924, 2.1075029373168945, 2.192514181137085, 2.277433395385742, 2.362389326095581, 2.4474406242370605, 2.532737970352173, 2.6176555156707764, 2.702500343322754, 2.7359304428100586]}