{"sample_time": [0.14535808563232422, 0.27692723274230957, 0.3953118324279785, 0.5131418704986572, 0.6267647743225098, 0.7391171455383301, 0.8494503498077393, 0.9598982334136963, 1.0713999271392822, 1.181333065032959, 1.2923743724822998, 1.4041714668273926, 1.514876127243042, 1.6257951259613037, 1.7366907596588135, 1.848001480102539, 1.960050106048584, 2.0710225105285645, 2.181983232498169, 2.293588399887085, 2.4051570892333984, 2.516653299331665, 2.6274755001068115], "forward_time": [0.16374659538269043, 0.2851688861846924, 0.40288305282592773, 0.5207617282867432, 0.6343777179718018, 0.746178388595581, 0.8566231727600098, 0.9670937061309814, 1.0780096054077148, 1.1881568431854248, 1.299670696258545, 1.410851001739502, 1.521719217300415, 1.6325867176055908, 1.7436316013336182, 1.8548264503479004, 1.9668617248535156, 2.0778415203094482, 2.188847064971924, 2.3005003929138184, 2.4119997024536133, 2.523470163345337, 2.63425874710083], "inference_loss": [1.9303486347198486, 1.8588577508926392, 1.8588577508926392, 1.8588577508926392, 1.8588577508926392, 1.8588577508926392, 1.8588577508926392, 1.8588577508926392, 1.8588577508926392, 1.8588577508926392, 1.8588577508926392, 1.8588577508926392, 1.8588577508926392, 1.8588577508926392, 1.8588577508926392, 1.8588577508926392, 1.8588577508926392, 1.8588577508926392, 1.8588577508926392, 1.8588577508926392, 1.8588577508926392, 1.8588577508926392, 1.8588577508926392], "loss": [6.276456356048584, 5.666449546813965, 4.001500129699707, 3.4482226371765137, 2.917670249938965, 2.4032671451568604, 2.03666615486145, 1.9155166149139404, 1.8798346519470215, 1.8682160377502441, 1.8681070804595947, 1.8641345500946045, 1.8634549379348755, 1.8617745637893677, 1.8631417751312256, 1.8624980449676514, 1.8612892627716064, 1.8609349727630615, 1.8605637550354004, 1.860877513885498, 1.8605668544769287, 1.860495686531067, 1.8605314493179321, 1.8588577508926392], "time": [0.17214703559875488, 0.29396486282348633, 0.41115307807922363, 0.5291457176208496, 0.6424853801727295, 0.7538280487060547, 0.8640351295471191, 0.9748611450195312, 1.0852704048156738, 1.195364236831665, 1.3072254657745361, 1.4180302619934082, 1.5287771224975586, 1.6397173404693604, 1.7511186599731445, 1.8623111248016357, 1.974057912826538, 2.0852768421173096, 2.1962761878967285, 2.3076748847961426, 2.4193809032440186, 2.5305960178375244, 2.6415112018585205, 2.7637012004852295]}