{"sample_time": [0.095703125, 0.20893239974975586, 0.3185610771179199, 0.4235043525695801, 0.5229520797729492, 0.62312912940979, 0.7216553688049316, 0.8179230690002441, 0.9138946533203125, 1.0133020877838135, 1.1099293231964111, 1.2044765949249268, 1.2967021465301514, 1.3900766372680664, 1.4846000671386719, 1.5781185626983643, 1.6724274158477783, 1.7657277584075928, 1.859940767288208, 1.9543168544769287, 2.047616481781006, 2.1422832012176514, 2.23555326461792], "forward_time": [0.11652827262878418, 0.2244105339050293, 0.3339214324951172, 0.4383676052093506, 0.5376746654510498, 0.637528657913208, 0.7360186576843262, 0.8322830200195312, 0.9284877777099609, 1.0274946689605713, 1.1239020824432373, 1.218278408050537, 1.3105041980743408, 1.4039390087127686, 1.4984667301177979, 1.5920007228851318, 1.6862437725067139, 1.7795767784118652, 1.8737657070159912, 1.968276023864746, 2.0615463256835938, 2.1561241149902344, 2.2493982315063477], "inference_loss": [-0.8737046718597412, -0.8737046718597412, -0.8737046718597412, -0.8737046718597412, -0.8737046718597412, -0.8737046718597412, -0.8737046718597412, -0.8737046718597412, -0.8737046718597412, -0.8737046718597412, -0.8737046718597412, -0.8737046718597412, -0.8737046718597412, -0.8737046718597412, -0.8737046718597412, -0.8737046718597412, -0.8737046718597412, -0.8737046718597412, -0.8737046718597412, -0.8737046718597412, -0.8737046718597412, -0.8737046718597412, -0.8737046718597412], "loss": [2.102931499481201, 1.973740577697754, 0.8582442402839661, 0.5247519612312317, 0.3138689696788788, 0.10234497487545013, -0.217086523771286, -0.38341420888900757, -0.6785950064659119, -0.7727368474006653, -0.7938344478607178, -0.7965842485427856, -0.7986642718315125, -0.7983651757240295, -0.8000481128692627, -0.8006539344787598, -0.8000282645225525, -0.80069899559021, -0.8006967902183533, -0.799886167049408, -0.8004456162452698, -0.8004602193832397, -0.8007709980010986, -0.8737046718597412], "time": [0.16113543510437012, 0.273287296295166, 0.3795485496520996, 0.47997331619262695, 0.580437183380127, 0.6792709827423096, 0.776684045791626, 0.873037576675415, 0.9724290370941162, 1.069126844406128, 1.1636176109313965, 1.2560560703277588, 1.349409580230713, 1.4437425136566162, 1.5372824668884277, 1.6318142414093018, 1.7250480651855469, 1.8193800449371338, 1.913614273071289, 2.007040500640869, 2.1013965606689453, 2.1949050426483154, 2.2892298698425293, 2.3300561904907227]}