{"sample_time": [0.08154129981994629, 0.17948055267333984, 0.2588956356048584, 0.33420419692993164, 0.40662527084350586, 0.47867870330810547, 0.5492658615112305, 0.6188173294067383, 0.690467119216919, 0.7606089115142822, 0.8307931423187256, 0.8997278213500977, 0.967571496963501, 1.0344374179840088, 1.1011390686035156, 1.1679625511169434, 1.2349226474761963, 1.3028171062469482, 1.369624376296997, 1.4364690780639648, 1.5031754970550537, 1.56990385055542, 1.636638879776001], "forward_time": [0.10633254051208496, 0.1916196346282959, 0.27106285095214844, 0.345625638961792, 0.4178764820098877, 0.48976731300354004, 0.5601558685302734, 0.6297426223754883, 0.701401948928833, 0.7715306282043457, 0.8414671421051025, 0.910332441329956, 0.9781100749969482, 1.0448672771453857, 1.1116273403167725, 1.1784744262695312, 1.2454442977905273, 1.3133270740509033, 1.380101203918457, 1.4468963146209717, 1.5135836601257324, 1.580353021621704, 1.6471142768859863], "inference_loss": [1.0446734428405762, 3.38618803024292, -0.3068718910217285, -0.3068718910217285, -0.3068718910217285, -0.3068718910217285, -0.3068718910217285, -0.3068718910217285, -0.3068718910217285, -0.3068718910217285, -0.3068718910217285, -0.3068718910217285, -0.3068718910217285, -0.3068718910217285, -0.3068718910217285, -0.3068718910217285, -0.3068718910217285, -0.3068718910217285, -0.3068718910217285, -0.3068718910217285, -0.3068718910217285, -0.3068718910217285, -0.3068718910217285], "loss": [4.202638626098633, 4.328985691070557, 3.0335662364959717, 1.865493893623352, 1.4742622375488281, 1.0909324884414673, 0.7030676603317261, 0.4230918288230896, 0.21658404171466827, -0.009923819452524185, -0.1253451406955719, -0.246109738945961, -0.28648024797439575, -0.2957066297531128, -0.3000199794769287, -0.29991787672042847, -0.300741970539093, -0.3016243875026703, -0.3016945719718933, -0.2991352677345276, -0.3019838333129883, -0.3017733693122864, -0.3016878366470337, -0.3068718910217285], "time": [0.1436610221862793, 0.2292776107788086, 0.3065524101257324, 0.37912988662719727, 0.451627254486084, 0.5222604274749756, 0.5917961597442627, 0.6635050773620605, 0.7340505123138428, 0.804192066192627, 0.8740894794464111, 0.9419622421264648, 1.008798599243164, 1.075561761856079, 1.142333745956421, 1.2091879844665527, 1.2771968841552734, 1.344005823135376, 1.4108304977416992, 1.4775795936584473, 1.544301986694336, 1.6110656261444092, 1.6778349876403809, 1.7034077644348145]}