{"sample_time": [0.24445199966430664, 0.4461338520050049, 0.5979142189025879, 0.74649977684021, 0.8910768032073975, 1.0331871509552002, 1.1720678806304932, 1.3101553916931152, 1.446436882019043, 1.581773281097412, 1.715287446975708, 1.8500370979309082, 1.9822213649749756, 2.1143434047698975, 2.245774984359741, 2.3762524127960205, 2.5067009925842285, 2.6388702392578125, 2.770568370819092, 2.90213942527771, 3.034613609313965, 3.166424512863159, 3.2989988327026367, 3.4309263229370117, 3.5627574920654297, 3.6956841945648193, 3.8286566734313965, 3.9615933895111084, 4.095999479293823, 4.229691028594971], "forward_time": [0.28925585746765137, 0.4658215045928955, 0.6165752410888672, 0.7641522884368896, 0.9084296226501465, 1.0499579906463623, 1.1887657642364502, 1.326601505279541, 1.462930679321289, 1.5977380275726318, 1.7310519218444824, 1.8657283782958984, 1.9980723857879639, 2.1300878524780273, 2.2615139484405518, 2.3918838500976562, 2.5223288536071777, 2.6543445587158203, 2.786189079284668, 2.918004274368286, 3.0501837730407715, 3.1821906566619873, 3.3146026134490967, 3.446624994277954, 3.5785069465637207, 3.7115609645843506, 3.8447341918945312, 3.977910041809082, 4.111937522888184, 4.245591402053833], "inference_loss": [7.6638031005859375, 10.151203155517578, 5.959034442901611, 5.366182804107666, 5.424981594085693, 5.366182804107666, 5.2574920654296875, 5.18975830078125, 5.18975830078125, 5.122772693634033, 5.122772693634033, 5.122772693634033, 5.122772693634033, 5.122772693634033, 5.122772693634033, 5.122772693634033, 5.122772693634033, 5.122772693634033, 5.122772693634033, 5.122772693634033, 5.122772693634033, 5.122772693634033, 5.122772693634033, 5.122772693634033, 5.122772693634033, 5.122772693634033, 5.122772693634033, 5.122772693634033, 5.122772693634033, 5.122772693634033], "loss": [11.355331420898438, 11.772327423095703, 9.487336158752441, 7.626593589782715, 6.958354473114014, 6.499279499053955, 6.156611442565918, 5.973184585571289, 5.832151412963867, 5.6920976638793945, 5.616741180419922, 5.5213704109191895, 5.473618984222412, 5.424389839172363, 5.383573055267334, 5.332993507385254, 5.362273693084717, 5.314812660217285, 5.282197952270508, 5.26922607421875, 5.277615547180176, 5.244222164154053, 5.222639083862305, 5.224492073059082, 5.20196533203125, 5.202799320220947, 5.191769123077393, 5.171550750732422, 5.156886100769043, 5.162195205688477, 5.122772693634033], "time": [0.33989405632019043, 0.5126824378967285, 0.6624143123626709, 0.8067944049835205, 0.951359748840332, 1.0907950401306152, 1.2287073135375977, 1.366671085357666, 1.5030410289764404, 1.6367433071136475, 1.7702646255493164, 1.9049677848815918, 2.0373048782348633, 2.169280767440796, 2.300745964050293, 2.431126117706299, 2.5615899562835693, 2.693746328353882, 2.825436592102051, 2.957061529159546, 3.0894720554351807, 3.22137188911438, 3.353858232498169, 3.485851764678955, 3.617722511291504, 3.7506301403045654, 3.883662700653076, 4.01818060874939, 4.1509833335876465, 4.284682750701904, 4.493169069290161]}