{"sample_time": [0.0786130428314209, 0.15854620933532715, 0.23325824737548828, 0.303041934967041, 0.3707711696624756, 0.4383575916290283, 0.5048012733459473, 0.5711996555328369, 0.6354033946990967, 0.6984648704528809, 0.7623238563537598, 0.8252143859863281, 0.8890886306762695, 0.9517805576324463, 1.0144243240356445, 1.0782313346862793, 1.1408581733703613, 1.2045934200286865, 1.267348289489746, 1.330138921737671, 1.3929197788238525, 1.4556632041931152, 1.518357276916504, 1.5814011096954346], "forward_time": [0.10017228126525879, 0.1701374053955078, 0.24434804916381836, 0.3138847351074219, 0.38159656524658203, 0.4492340087890625, 0.5156223773956299, 0.5817780494689941, 0.6458287239074707, 0.7085998058319092, 0.7725327014923096, 0.8354365825653076, 0.8991029262542725, 0.9618017673492432, 1.0243980884552002, 1.0882930755615234, 1.1508269309997559, 1.2146708965301514, 1.2773849964141846, 1.3401412963867188, 1.402944803237915, 1.4656975269317627, 1.5286176204681396, 1.5914690494537354], "inference_loss": [0.9421405792236328, 0.6755945682525635, 0.6755945682525635, 0.44937896728515625, 0.44937896728515625, 0.44937896728515625, 0.44937896728515625, 0.44937896728515625, 0.44937896728515625, 0.44937896728515625, 0.44937896728515625, 0.44937896728515625, 0.44937896728515625, 0.44937896728515625, 0.44937896728515625, 0.44937896728515625, 0.44937896728515625, 0.44937896728515625, 0.44937896728515625, 0.44937896728515625, 0.44937896728515625, 0.44937896728515625, 0.44937896728515625, 0.44937896728515625], "loss": [4.776573181152344, 4.404073715209961, 2.5758156776428223, 2.252182722091675, 1.8812384605407715, 1.4627392292022705, 1.0610992908477783, 0.7531036138534546, 0.587996780872345, 0.5361677408218384, 0.5226073265075684, 0.5133349895477295, 0.5057629942893982, 0.5010861158370972, 0.49662694334983826, 0.4967300593852997, 0.4957817494869232, 0.4934712052345276, 0.4933822751045227, 0.4932514429092407, 0.49265986680984497, 0.49280625581741333, 0.49372461438179016, 0.4926776885986328, 0.44937896728515625], "time": [0.13115954399108887, 0.20534253120422363, 0.27632713317871094, 0.34499311447143555, 0.41272640228271484, 0.4803133010864258, 0.54681396484375, 0.6117668151855469, 0.6749532222747803, 0.7388224601745605, 0.8017981052398682, 0.8655509948730469, 0.9283630847930908, 0.991041898727417, 1.0547091960906982, 1.117490530014038, 1.1811556816101074, 1.2439384460449219, 1.3066155910491943, 1.3693912029266357, 1.4321784973144531, 1.4949612617492676, 1.5579347610473633, 1.6207010746002197, 1.6442639827728271]}