{"sample_time": [0.20607304573059082, 0.35766100883483887, 0.47842931747436523, 0.5916421413421631, 0.7012851238250732, 0.8083117008209229, 0.9140331745147705, 1.0202398300170898, 1.1254758834838867, 1.2295570373535156, 1.3340301513671875, 1.4347877502441406, 1.5354948043823242, 1.6360127925872803, 1.7366721630096436, 1.8362493515014648, 1.9368863105773926, 2.0365822315216064, 2.1361238956451416, 2.237480878829956, 2.3376362323760986, 2.437821388244629, 2.537767171859741], "forward_time": [0.24315905570983887, 0.3733534812927246, 0.49408435821533203, 0.6057729721069336, 0.7150938510894775, 0.8218307495117188, 0.9274866580963135, 1.0337402820587158, 1.1390101909637451, 1.243170976638794, 1.3471624851226807, 1.4479095935821533, 1.548577070236206, 1.649233102798462, 1.7496020793914795, 1.8492088317871094, 1.9500346183776855, 2.0494883060455322, 2.149186611175537, 2.250460147857666, 2.3506827354431152, 2.450854539871216, 2.550748109817505], "inference_loss": [1.0446734428405762, 3.38618803024292, -0.3068718910217285, -0.3068718910217285, -0.3068718910217285, -0.3068718910217285, -0.3068718910217285, -0.3068718910217285, -0.3068718910217285, -0.3068718910217285, -0.3068718910217285, -0.3068718910217285, -0.3068718910217285, -0.3068718910217285, -0.3068718910217285, -0.3068718910217285, -0.3068718910217285, -0.3068718910217285, -0.3068718910217285, -0.3068718910217285, -0.3068718910217285, -0.3068718910217285, -0.3068718910217285], "loss": [4.202639102935791, 4.32898473739624, 3.0366621017456055, 1.8650104999542236, 1.4709044694900513, 1.0874608755111694, 0.69939124584198, 0.42289745807647705, 0.22910968959331512, 0.006296287290751934, -0.1168527901172638, -0.24106070399284363, -0.2824419140815735, -0.2958112359046936, -0.2997930645942688, -0.29925405979156494, -0.30048951506614685, -0.30163347721099854, -0.3017864525318146, -0.29931995272636414, -0.30227598547935486, -0.30199921131134033, -0.3019684851169586, -0.3068718910217285], "time": [0.27706122398376465, 0.41234278678894043, 0.5300564765930176, 0.6401770114898682, 0.7488329410552979, 0.8554279804229736, 0.9622726440429688, 1.0673198699951172, 1.172607660293579, 1.276740312576294, 1.3786277770996094, 1.4794745445251465, 1.5801057815551758, 1.6807708740234375, 1.7802238464355469, 1.8808691501617432, 1.9804985523223877, 2.080120086669922, 2.181779623031616, 2.2819766998291016, 2.3822200298309326, 2.48238468170166, 2.5823256969451904, 2.7535910606384277]}