{"sample_time": [0.0700840950012207, 0.1406857967376709, 0.194976806640625, 0.2478339672088623, 0.30126237869262695, 0.35259294509887695, 0.4041287899017334, 0.45426344871520996, 0.5053107738494873, 0.5549559593200684, 0.6048319339752197, 0.6565301418304443, 0.7079710960388184, 0.7584183216094971, 0.8081209659576416, 0.8580343723297119, 0.9097881317138672, 0.9591057300567627, 1.0093612670898438, 1.0587496757507324, 1.1101207733154297, 1.1562345027923584, 1.202479362487793], "forward_time": [0.09270644187927246, 0.14864158630371094, 0.20116615295410156, 0.2547907829284668, 0.30732178688049316, 0.35926246643066406, 0.4102451801300049, 0.4606921672821045, 0.5104787349700928, 0.5605416297912598, 0.6129665374755859, 0.6618072986602783, 0.7149662971496582, 0.7635853290557861, 0.8148021697998047, 0.8640532493591309, 0.9155187606811523, 0.9648971557617188, 1.015317440032959, 1.0657618045806885, 1.1156306266784668, 1.1613945960998535, 1.2076513767242432], "inference_loss": [1.8138322830200195, 1.4862442016601562, 1.4862442016601562, 1.4862442016601562, 1.4862442016601562, 1.4862442016601562, 1.4862442016601562, 1.4862442016601562, 1.4862442016601562, 1.4862442016601562, 1.4862442016601562, 1.4862442016601562, 1.4862442016601562, 1.4862442016601562, 1.4862442016601562, 1.4862442016601562, 1.4862442016601562, 1.4862442016601562, 1.4862442016601562, 1.4862442016601562, 1.4862442016601562, 1.4862442016601562, 1.4862442016601562], "loss": [5.937662124633789, 5.340701103210449, 3.75555419921875, 3.1067466735839844, 2.4618148803710938, 1.9011356830596924, 1.5984463691711426, 1.5201889276504517, 1.5006177425384521, 1.4940121173858643, 1.4928940534591675, 1.4905295372009277, 1.4914249181747437, 1.4886702299118042, 1.4909076690673828, 1.489894151687622, 1.487675666809082, 1.487658977508545, 1.4871681928634644, 1.487546682357788, 1.4872514009475708, 1.4875860214233398, 1.487494945526123, 1.4862442016601562], "time": [0.10479855537414551, 0.16047048568725586, 0.21315455436706543, 0.26679182052612305, 0.319399356842041, 0.3708059787750244, 0.4212315082550049, 0.4716606140136719, 0.522533655166626, 0.5714638233184814, 0.6240215301513672, 0.6748635768890381, 0.7259547710418701, 0.774660587310791, 0.8257601261138916, 0.8761670589447021, 0.9265463352203369, 0.975919246673584, 1.0263886451721191, 1.0767593383789062, 1.124128818511963, 1.1698622703552246, 1.215822696685791, 1.2473628520965576]}