{"sample_time": [0.10908889770507812, 0.3391890525817871, 0.5589218139648438, 0.7562131881713867, 0.9465811252593994, 1.1392152309417725, 1.3302557468414307, 1.524146556854248, 1.7272439002990723, 1.9246821403503418, 2.128185987472534, 2.3368468284606934, 2.5392215251922607, 2.7364587783813477, 3.000474452972412, 3.2619845867156982, 3.531508684158325, 3.8024699687957764, 4.015754699707031, 4.2715253829956055, 4.606207847595215, 4.823355674743652, 5.144727945327759, 5.363802194595337, 5.731132507324219, 5.945845603942871, 6.146771669387817, 6.473169803619385, 6.6855316162109375, 6.9545111656188965, 7.321815013885498], "forward_time": [0.20430803298950195, 0.41673970222473145, 0.6324286460876465, 0.8251399993896484, 1.0158333778381348, 1.2082784175872803, 1.399474859237671, 1.5957467555999756, 1.798330545425415, 1.9967191219329834, 2.2019338607788086, 2.4097495079040527, 2.610764265060425, 2.807636260986328, 3.0728249549865723, 3.334398031234741, 3.6030666828155518, 3.873980760574341, 4.087441921234131, 4.342665672302246, 4.678060531616211, 4.894404888153076, 5.217294931411743, 5.436543226242065, 5.802732706069946, 6.018416166305542, 6.218976020812988, 6.5448737144470215, 6.758604526519775, 7.026851177215576, 7.39471960067749], "inference_loss": [50004.55859375, 40006.7421875, 40005.97265625, 30004.794921875, 20005.330078125, 10005.40625, 10005.3662109375, 5.22564697265625, 5.174874782562256, 5.1882805824279785, 5.092756271362305, 5.135262966156006, 5.135262966156006, 5.135109901428223, 5.114955902099609, 5.129334449768066, 5.105555534362793, 5.090584754943848, 5.132336616516113, 5.092057228088379, 5.092756271362305, 5.0930914878845215, 5.095314979553223, 5.0930914878845215, 5.049867630004883, 5.050474166870117, 5.049867630004883, 5.04670524597168, 5.049867630004883, 5.049867630004883, 5.029117584228516], "loss": [10.186386108398438, 10.863387107849121, 5.95814847946167, 5.750151634216309, 5.735666275024414, 5.603402614593506, 5.320178985595703, 4.981715679168701, 4.780570983886719, 4.627095699310303, 4.58009672164917, 4.5409464836120605, 4.424604415893555, 4.338691234588623, 4.312384128570557, 4.272326946258545, 4.213016986846924, 4.184442043304443, 4.144917011260986, 4.111774921417236, 4.0111799240112305, 3.9689180850982666, 4.028700351715088, 4.037885665893555, 3.9819374084472656, 3.9102182388305664, 3.923534870147705, 3.8674044609069824, 3.918809652328491, 3.8165528774261475, 3.8674254417419434, 5.04835319519043], "time": [0.28960371017456055, 0.5109603404998779, 0.7075121402740479, 0.8988499641418457, 1.0922679901123047, 1.282745599746704, 1.4749023914337158, 1.6789510250091553, 1.8768110275268555, 2.082930564880371, 2.2922282218933105, 2.4931299686431885, 2.69077205657959, 2.9554367065429688, 3.216271162033081, 3.4843201637268066, 3.7564098834991455, 3.9699795246124268, 4.226471185684204, 4.561511278152466, 4.7763330936431885, 5.097800970077515, 5.318765640258789, 5.68616247177124, 5.897686719894409, 6.1017982959747314, 6.425226211547852, 6.6388773918151855, 6.906758069992065, 7.274458885192871, 7.4945008754730225, 7.54327917098999]}