{"sample_time": [0.28581809997558594, 0.6661591529846191, 0.9804918766021729, 1.264770746231079, 1.5375351905822754, 1.8090088367462158, 2.077345609664917, 2.3475770950317383, 2.630688190460205, 2.908684253692627, 3.192584753036499, 3.4773244857788086, 3.753791570663452, 4.02173924446106, 4.295223951339722, 4.575497388839722, 4.853378534317017, 5.130567789077759, 5.4048027992248535, 5.679407596588135, 5.954180479049683, 6.2290849685668945, 6.50601601600647, 6.7809717655181885, 7.057882070541382, 7.334150791168213, 7.6106648445129395, 7.911595821380615, 8.195372581481934, 8.47620415687561, 8.753114700317383, 9.030322313308716, 9.308959245681763, 9.585922956466675, 9.862984657287598, 10.263747215270996, 10.544052362442017, 10.821464776992798, 11.099271059036255, 11.430307149887085, 11.706846237182617, 11.989718675613403, 12.267569303512573, 12.670950174331665, 12.953416585922241], "forward_time": [0.464038610458374, 0.7919986248016357, 1.096146821975708, 1.3755993843078613, 1.6447391510009766, 1.9157378673553467, 2.1834723949432373, 2.4586117267608643, 2.742255449295044, 3.0211849212646484, 3.306985855102539, 3.5892295837402344, 3.8635241985321045, 4.132538080215454, 4.408277750015259, 4.6897664070129395, 4.966820001602173, 5.2424585819244385, 5.515835285186768, 5.790804624557495, 6.066471099853516, 6.34257435798645, 6.617152452468872, 6.892321348190308, 7.168028831481934, 7.445220470428467, 7.731508255004883, 8.030044317245483, 8.309702157974243, 8.588221311569214, 8.865781545639038, 9.143569946289062, 9.42168927192688, 9.698916912078857, 9.976426601409912, 10.377945899963379, 10.658562898635864, 10.934221506118774, 11.213281869888306, 11.543906927108765, 11.822741746902466, 12.103703260421753, 12.381391048431396, 12.785541296005249, 13.068605661392212], "inference_loss": [50004.55859375, 40006.7421875, 40005.97265625, 30004.794921875, 20005.330078125, 10005.40625, 10005.3662109375, 5.22564697265625, 5.174874782562256, 5.170399188995361, 5.135262966156006, 5.135262966156006, 5.151634693145752, 5.109462738037109, 5.107410907745361, 5.105555534362793, 5.109462738037109, 5.129990577697754, 5.094211578369141, 5.096464157104492, 5.075265407562256, 5.0930914878845215, 5.0693278312683105, 5.049867630004883, 5.006661891937256, 5.048833847045898, 5.049867630004883, 5.048248767852783, 5.06013822555542, 5.048833847045898, 5.049867630004883, 5.006661891937256, 5.006661891937256, 5.006661891937256, 5.04835319519043, 5.048833847045898, 5.032649040222168, 5.048833847045898, 5.006661891937256, 5.072254180908203, 5.075872421264648, 5.0699357986450195, 5.0699357986450195, 5.064180850982666, 5.032649040222168], "loss": [10.186386108398438, 10.863388061523438, 5.958336353302002, 5.750217914581299, 5.735738754272461, 5.603277683258057, 5.320864677429199, 4.978991985321045, 4.78243350982666, 4.614556312561035, 4.578714370727539, 4.529340744018555, 4.421868801116943, 4.332964897155762, 4.3043694496154785, 4.2897162437438965, 4.192368030548096, 4.169710159301758, 4.1451215744018555, 4.098130226135254, 4.032854080200195, 3.9686942100524902, 4.026799201965332, 3.9916138648986816, 3.9538733959198, 3.905823230743408, 3.8716676235198975, 3.8800532817840576, 3.8929085731506348, 3.829519748687744, 3.848771572113037, 3.7958014011383057, 3.8147687911987305, 3.7941248416900635, 3.780672788619995, 3.7996392250061035, 3.777796745300293, 3.759089946746826, 3.68412446975708, 3.742274761199951, 3.719189405441284, 3.7098886966705322, 3.686034917831421, 3.6746225357055664, 3.6717276573181152, 5.035914897918701], "time": [0.5806844234466553, 0.899918794631958, 1.1847727298736572, 1.4602696895599365, 1.7327756881713867, 2.0008749961853027, 2.2700748443603516, 2.554250478744507, 2.833792209625244, 3.118967056274414, 3.408139228820801, 3.682887315750122, 3.9530608654022217, 4.225447654724121, 4.504259347915649, 4.782973527908325, 5.060561180114746, 5.335274934768677, 5.60975193977356, 5.884355783462524, 6.159045934677124, 6.436513185501099, 6.7120513916015625, 6.988620758056641, 7.262361288070679, 7.538775205612183, 7.8408777713775635, 8.12375521659851, 8.406986951828003, 8.682382345199585, 8.960333347320557, 9.239778280258179, 9.51654052734375, 9.793161869049072, 10.193806886672974, 10.472503900527954, 10.753244400024414, 11.030174732208252, 11.360254049301147, 11.636840105056763, 11.918710231781006, 12.196449995040894, 12.59909725189209, 12.882030248641968, 13.164010763168335, 13.290178775787354]}