{"maxcut-140-630-0.7-39.json": {"sample_time": [0.04958152770996094, 0.14748764038085938, 0.18219876289367676, 0.21788835525512695, 0.25487542152404785, 0.29186558723449707, 0.33016180992126465, 0.36843252182006836, 0.40659141540527344, 0.4446249008178711, 0.483187198638916, 0.5215299129486084, 0.5599195957183838, 0.5981976985931396, 0.6362977027893066, 0.6746106147766113, 0.712824821472168, 0.7511959075927734, 0.7896864414215088, 0.8277804851531982, 0.8661267757415771, 0.9043803215026855, 0.9426875114440918, 0.980982780456543, 1.0191285610198975, 1.0573318004608154, 1.0955314636230469, 1.1337699890136719, 1.17205810546875, 1.2102763652801514, 1.2484831809997559, 1.2866950035095215, 1.3250396251678467, 1.3632686138153076, 1.4029417037963867, 1.4419529438018799, 1.4804279804229736, 1.518754243850708, 1.5578815937042236, 1.5962369441986084, 1.634411096572876, 1.6726312637329102, 1.710890531539917, 1.7490041255950928, 1.7872767448425293, 1.8254399299621582, 1.8635821342468262, 1.9019300937652588, 1.9402108192443848], "forward_time": [0.11571669578552246, 0.15110182762145996, 0.1861591339111328, 0.22175908088684082, 0.2587697505950928, 0.29573488235473633, 0.3340418338775635, 0.3723335266113281, 0.41047143936157227, 0.4485173225402832, 0.4870645999908447, 0.5254759788513184, 0.5637967586517334, 0.6020815372467041, 0.640169620513916, 0.6785151958465576, 0.7167155742645264, 0.7551121711730957, 0.7935729026794434, 0.8316671848297119, 0.8700428009033203, 0.9082741737365723, 0.9465982913970947, 0.9848625659942627, 1.0230073928833008, 1.0612287521362305, 1.0994460582733154, 1.1376731395721436, 1.1759440898895264, 1.2141540050506592, 1.252380609512329, 1.290604829788208, 1.3289380073547363, 1.3671979904174805, 1.4070448875427246, 1.4458723068237305, 1.4843924045562744, 1.5234384536743164, 1.561793565750122, 1.6001262664794922, 1.6382942199707031, 1.6765518188476562, 1.714789628982544, 1.7529122829437256, 1.7911756038665771, 1.8293251991271973, 1.8674900531768799, 1.9058201313018799, 1.944101095199585], "inference_loss": [-968.0, -973.0, -973.0, -1040.0, -1053.0, -1062.0, -1062.0, -1062.0, -1066.0, -1066.0, -1066.0, -1066.0, -1066.0, -1066.0, -1066.0, -1066.0, -1066.0, -1066.0, -1068.0, -1068.0, -1072.0, -1072.0, -1072.0, -1072.0, -1072.0, -1072.0, -1072.0, -1072.0, -1075.0, -1075.0, -1075.0, -1075.0, -1075.0, -1075.0, -1075.0, -1075.0, -1075.0, -1075.0, -1075.0, -1075.0, -1075.0, -1075.0, -1075.0, -1075.0, -1075.0, -1075.0, -1075.0, -1075.0, -1075.0], "loss": [-945.0834350585938, -939.8626708984375, -947.1488037109375, -996.0875854492188, -1029.60302734375, -1044.055908203125, -1047.566162109375, -1049.2001953125, -1050.1927490234375, -1050.9755859375, -1051.6873779296875, -1052.135986328125, -1052.5267333984375, -1052.731201171875, -1053.1654052734375, -1053.326416015625, -1053.484130859375, -1053.631591796875, -1053.7813720703125, -1054.0421142578125, -1054.268798828125, -1054.4981689453125, -1054.554931640625, -1054.4970703125, -1054.5947265625, -1054.6475830078125, -1054.8013916015625, -1055.011474609375, -1055.1173095703125, -1055.1241455078125, -1055.180419921875, -1055.249755859375, -1055.296142578125, -1055.299072265625, -1055.3505859375, -1055.4095458984375, -1055.407470703125, -1055.49267578125, -1055.5091552734375, -1055.509033203125, -1055.5272216796875, -1055.5745849609375, -1055.5718994140625, -1055.578857421875, -1055.5843505859375, -1055.5853271484375, -1055.566162109375, -1055.640869140625, -1055.6468505859375, -1076.0], "time": [0.11978983879089355, 0.15489506721496582, 0.1898512840270996, 0.22623276710510254, 0.26336026191711426, 0.3016245365142822, 0.33968114852905273, 0.37801051139831543, 0.4161357879638672, 0.45421361923217773, 0.49271273612976074, 0.5311777591705322, 0.5694389343261719, 0.6077432632446289, 0.6458103656768799, 0.6842055320739746, 0.7223656177520752, 0.760789155960083, 0.7992312908172607, 0.8373651504516602, 0.8756930828094482, 0.9139714241027832, 0.9522843360900879, 0.9905083179473877, 1.028686285018921, 1.0668673515319824, 1.105140209197998, 1.1432809829711914, 1.1816227436065674, 1.2197935581207275, 1.2580606937408447, 1.2962830066680908, 1.3346261978149414, 1.3728876113891602, 1.412951946258545, 1.4515535831451416, 1.4900281429290771, 1.5291917324066162, 1.5674123764038086, 1.6057982444763184, 1.643935203552246, 1.6822373867034912, 1.7204444408416748, 1.7585957050323486, 1.7968559265136719, 1.8350074291229248, 1.873185634613037, 1.9114575386047363, 1.9497880935668945, 1.9786744117736816]}, "maxcut-140-630-0.7-1.json": {"sample_time": [0.04705047607421875, 0.14605116844177246, 0.18298745155334473, 0.22070074081420898, 0.2584717273712158, 0.2962331771850586, 0.3342924118041992, 0.372178316116333, 0.4101383686065674, 0.44812941551208496, 0.4862804412841797, 0.5245940685272217, 0.5630731582641602, 0.6012206077575684, 0.6392598152160645, 0.677168607711792, 0.715083122253418, 0.7530567646026611, 0.790978193283081, 0.8293612003326416, 0.8673653602600098, 0.9057755470275879, 0.943950891494751, 0.9821071624755859, 1.0202527046203613, 1.0583152770996094, 1.0962800979614258, 1.1342430114746094, 1.1723334789276123, 1.210219144821167], "forward_time": [0.11290907859802246, 0.14969182014465332, 0.1869513988494873, 0.22458577156066895, 0.2623476982116699, 0.30011844635009766, 0.338165283203125, 0.37607431411743164, 0.41402769088745117, 0.45200586318969727, 0.49014735221862793, 0.5284864902496338, 0.5669667720794678, 0.6051023006439209, 0.6431424617767334, 0.6810333728790283, 0.7189610004425049, 0.7569527626037598, 0.794879674911499, 0.8332371711730957, 0.8712601661682129, 0.9096872806549072, 0.9478394985198975, 0.9859914779663086, 1.0241475105285645, 1.062213659286499, 1.1001627445220947, 1.1381213665008545, 1.1762042045593262, 1.2141187191009521], "inference_loss": [-964.0, -993.0, -993.0, -1038.0, -1056.0, -1058.0, -1061.0, -1066.0, -1066.0, -1070.0, -1070.0, -1070.0, -1070.0, -1070.0, -1070.0, -1070.0, -1070.0, -1070.0, -1070.0, -1070.0, -1070.0, -1070.0, -1070.0, -1070.0, -1070.0, -1070.0, -1070.0, -1070.0, -1070.0, -1070.0], "loss": [-945.6065063476562, -942.9423217773438, -941.99609375, -991.105224609375, -1025.849609375, -1042.1983642578125, -1046.111572265625, -1048.4083251953125, -1049.0634765625, -1050.2022705078125, -1050.637451171875, -1051.034912109375, -1051.5057373046875, -1051.728271484375, -1051.883056640625, -1052.0494384765625, -1052.121826171875, -1052.410888671875, -1052.3458251953125, -1052.490966796875, -1052.428955078125, -1052.538330078125, -1052.558837890625, -1052.58740234375, -1052.7216796875, -1052.8004150390625, -1053.03369140625, -1053.082763671875, -1053.1552734375, -1053.2213134765625, -1070.0], "time": [0.1186683177947998, 0.15546369552612305, 0.19258904457092285, 0.23022913932800293, 0.2679755687713623, 0.30579614639282227, 0.34378886222839355, 0.3817431926727295, 0.41966724395751953, 0.4576537609100342, 0.4957764148712158, 0.5341355800628662, 0.5726335048675537, 0.6107513904571533, 0.6488378047943115, 0.6866464614868164, 0.724632740020752, 0.7625656127929688, 0.8005576133728027, 0.8388552665710449, 0.8769361972808838, 0.9153196811676025, 0.9535160064697266, 0.991668701171875, 1.029784917831421, 1.067903995513916, 1.1057827472686768, 1.1438159942626953, 1.1817917823791504, 1.2198128700256348, 1.248460054397583]},