{"s2v140c2600-1.json": {"sample_time": [0.45780110359191895, 0.896709680557251, 1.0419957637786865, 1.1886112689971924, 1.339137077331543, 1.4899799823760986, 1.6416573524475098, 1.7930150032043457, 1.945544958114624, 2.098374128341675, 2.2515223026275635, 2.404588460922241, 2.5589873790740967, 2.7119226455688477, 2.864785671234131, 3.0175986289978027, 3.1711490154266357, 3.3236289024353027, 3.477968454360962, 3.6324462890625, 3.7863452434539795, 3.9398062229156494, 4.093069791793823, 4.246921539306641, 4.400266408920288, 4.553534746170044, 4.70663595199585, 4.856764316558838, 5.010810613632202, 5.165688991546631, 5.317991256713867, 5.470426797866821, 5.624696731567383, 5.7781548500061035, 5.932361841201782, 6.084452867507935, 6.237475633621216, 6.390740871429443, 6.543422222137451, 6.69749116897583, 6.851272344589233, 7.004998445510864], "forward_time": [0.7565774917602539, 0.901592493057251, 1.047109842300415, 1.1937193870544434, 1.3445687294006348, 1.4953422546386719, 1.6469979286193848, 1.798332691192627, 1.9508466720581055, 2.1037075519561768, 2.2568275928497314, 2.4099271297454834, 2.5641908645629883, 2.7175214290618896, 2.8703386783599854, 3.0233876705169678, 3.1769204139709473, 3.329477548599243, 3.4838435649871826, 3.638232946395874, 3.792177677154541, 3.9456892013549805, 4.098780155181885, 4.252506971359253, 4.4058873653411865, 4.559368133544922, 4.712499618530273, 4.862602949142456, 5.018310785293579, 5.171510457992554, 5.323832035064697, 5.476261377334595, 5.6303019523620605, 5.783741235733032, 5.93796443939209, 6.090293645858765, 6.2433106899261475, 6.396574258804321, 6.549192190170288, 6.703261375427246, 6.857014894485474, 7.010713815689087], "inference_loss": [-1988.0, -1992.0, -1992.0, -2064.0, -2088.0, -2106.0, -2118.0, -2124.0, -2124.0, -2124.0, -2124.0, -2124.0, -2124.0, -2124.0, -2124.0, -2124.0, -2125.0, -2125.0, -2125.0, -2125.0, -2125.0, -2126.0, -2126.0, -2126.0, -2126.0, -2126.0, -2126.0, -2126.0, -2126.0, -2126.0, -2126.0, -2126.0, -2126.0, -2126.0, -2126.0, -2126.0, -2126.0, -2126.0, -2126.0, -2126.0, -2126.0, -2126.0], "loss": [-1950.888916015625, -1939.956787109375, -1918.822998046875, -1965.903564453125, -2021.1240234375, -2069.6455078125, -2093.6669921875, -2105.76513671875, -2109.723876953125, -2110.158447265625, -2111.407958984375, -2112.0673828125, -2112.3759765625, -2112.33447265625, -2112.99462890625, -2112.90673828125, -2113.24609375, -2113.394775390625, -2113.63720703125, -2113.71044921875, -2113.84814453125, -2114.008544921875, -2114.03369140625, -2114.1455078125, -2114.3447265625, -2114.36083984375, -2114.3857421875, -2114.4072265625, -2114.509765625, -2114.53125, -2114.537109375, -2114.5458984375, -2114.5419921875, -2114.55224609375, -2114.60986328125, -2114.59912109375, -2114.66015625, -2114.670654296875, -2114.67919921875, -2114.715576171875, -2114.736328125, -2114.738037109375, -2126.0], "time": [0.7621326446533203, 0.9068124294281006, 1.0521836280822754, 1.1989305019378662, 1.3492677211761475, 1.5002987384796143, 1.651916265487671, 1.803342580795288, 1.9560089111328125, 2.1087021827697754, 2.26202130317688, 2.415105104446411, 2.5692665576934814, 2.7226898670196533, 2.875600814819336, 3.028451919555664, 3.1823787689208984, 3.334683656692505, 3.489284038543701, 3.6435747146606445, 3.7975380420684814, 3.9512364864349365, 4.104274272918701, 4.2577223777771, 4.411348104476929, 4.564666032791138, 4.717728853225708, 4.867772817611694, 5.023683547973633, 5.176739931106567, 5.329338550567627, 5.481725692749023, 5.6356520652771, 5.7892961502075195, 5.943419456481934, 6.095653772354126, 6.248693466186523, 6.401808977127075, 6.554567337036133, 6.708566904067993, 6.862419128417969, 7.01639723777771, 7.189368724822998]}, "maxcut-140-630-0.7-39.json": {"sample_time": [0.23453283309936523, 0.5378358364105225, 0.6932861804962158, 0.854424238204956, 1.0150854587554932, 1.1789443492889404, 1.3425006866455078, 1.5047001838684082, 1.6676106452941895, 1.82932448387146, 1.9908506870269775, 2.15377140045166, 2.3159677982330322, 2.480013608932495, 2.641859531402588, 2.8048431873321533, 2.966986894607544, 3.13116455078125, 3.294708013534546, 3.459582567214966, 3.6225571632385254, 3.7870595455169678, 3.9497413635253906, 4.112300395965576, 4.275360822677612, 4.438919544219971, 4.602952241897583, 4.765962839126587, 4.928930282592773, 5.091101408004761, 5.2519378662109375, 5.415816068649292, 5.5796873569488525, 5.742279529571533, 5.9069743156433105, 6.06989598274231, 6.234701156616211, 6.398474454879761, 6.560835838317871, 6.723529815673828, 6.888061761856079, 7.050954580307007, 7.213986158370972, 7.37808895111084, 7.542479991912842, 7.705094337463379, 7.868992805480957, 8.031724214553833, 8.196383714675903], "forward_time": [0.3883984088897705, 0.5429749488830566, 0.6987805366516113, 0.8598058223724365, 1.020566463470459, 1.18464994430542, 1.3481624126434326, 1.5103709697723389, 1.673262119293213, 1.834775686264038, 1.9963312149047852, 2.159254550933838, 2.3214054107666016, 2.485689163208008, 2.647310733795166, 2.8105247020721436, 2.972627878189087, 3.1368443965911865, 3.300445079803467, 3.4653072357177734, 3.6281545162200928, 3.7925119400024414, 3.9551584720611572, 4.117758274078369, 4.281000137329102, 4.445189476013184, 4.608573913574219, 4.771535158157349, 4.934506893157959, 5.096678256988525, 5.257451057434082, 5.421452283859253, 5.585113525390625, 5.747983455657959, 5.912655830383301, 6.075570344924927, 6.240359544754028, 6.404150724411011, 6.56650710105896, 6.729229211807251, 6.893708229064941, 7.056411266326904, 7.219421148300171, 7.383809566497803, 7.548141002655029, 7.710810422897339, 7.874516725540161, 8.037271976470947, 8.201911211013794], "inference_loss": [-968.0, -973.0, -973.0, -1040.0, -1053.0, -1062.0, -1062.0, -1062.0, -1066.0, -1066.0, -1066.0, -1066.0, -1066.0, -1066.0, -1066.0, -1066.0, -1066.0, -1066.0, -1068.0, -1068.0, -1072.0, -1072.0, -1072.0, -1072.0, -1072.0, -1072.0, -1072.0, -1072.0, -1075.0, -1075.0, -1075.0, -1075.0, -1075.0, -1075.0, -1075.0, -1075.0, -1075.0, -1075.0, -1075.0, -1075.0, -1075.0, -1075.0, -1075.0, -1075.0, -1075.0, -1075.0, -1075.0, -1075.0, -1075.0], "loss": [-945.0834350585938, -939.8626708984375, -947.1488037109375, -996.0875854492188, -1029.60302734375, -1044.055908203125, -1047.566162109375, -1049.2001953125, -1050.1927490234375, -1050.9755859375, -1051.6873779296875, -1052.135986328125, -1052.5267333984375, -1052.731201171875, -1053.1654052734375, -1053.326416015625, -1053.484130859375, -1053.631591796875, -1053.7813720703125, -1054.0421142578125, -1054.268798828125, -1054.4981689453125, -1054.554931640625, -1054.4970703125, -1054.5947265625, -1054.6475830078125, -1054.8013916015625, -1055.011474609375, -1055.1173095703125, -1055.1241455078125, -1055.180419921875, -1055.249755859375, -1055.296142578125, -1055.299072265625, -1055.3505859375, -1055.4095458984375, -1055.407470703125, -1055.49267578125, -1055.5091552734375, -1055.509033203125, -1055.5272216796875, -1055.5745849609375, -1055.5718994140625, -1055.578857421875, -1055.5843505859375, -1055.5853271484375, -1055.566162109375, -1055.640869140625, -1055.6468505859375, -1076.0],