{"test.json": {"sample_time": [1.995826244354248, 2.075525999069214, 2.146314859390259, 2.21732759475708, 2.288379430770874, 2.3591058254241943, 2.430072546005249, 2.5004544258117676, 2.5708324909210205, 2.6417250633239746, 2.7121386528015137, 2.7830801010131836, 2.853708267211914, 2.924834966659546, 2.9952332973480225, 3.0670714378356934, 3.1386497020721436, 3.2098963260650635, 3.2812347412109375, 3.3528878688812256, 3.4245829582214355, 3.4960711002349854, 3.5763027667999268], "forward_time": [2.004438638687134, 2.079960823059082, 2.150695323944092, 2.2216851711273193, 2.292717695236206, 2.3634817600250244, 2.434431791305542, 2.5047874450683594, 2.5751423835754395, 2.6462557315826416, 2.7165188789367676, 2.7876360416412354, 2.858062505722046, 2.9291558265686035, 2.999582052230835, 3.071636199951172, 3.1430470943450928, 3.214512825012207, 3.2856578826904297, 3.3575000762939453, 3.4289934635162354, 3.5010929107666016, 3.5811634063720703], "inference_loss": [2.0, 2.0, 2.0, 2.0, 2.0, 2.0, 2.0, 2.0, 2.0, 2.0, 2.0, 2.0, 2.0, 2.0, 2.0, 2.0, 2.0, 2.0, 2.0, 2.0, 2.0, 2.0, 2.0], "loss": [3.3232169151306152, 2.9557390213012695, 2.164562225341797, 2.030496120452881, 2.010801315307617, 2.003871202468872, 2.003168821334839, 2.0012385845184326, 2.001533031463623, 2.0005106925964355, 2.0005202293395996, 2.000601291656494, 2.000509262084961, 2.0004448890686035, 2.0008254051208496, 2.0005931854248047, 2.000387191772461, 2.000361680984497, 2.000441551208496, 2.0003163814544678, 2.0002455711364746, 2.000204086303711, 2.0002293586730957, 2.0], "time": [2.0124330520629883, 2.083916425704956, 2.1546103954315186, 2.225578546524048, 2.296613931655884, 2.367408514022827, 2.438157558441162, 2.5086495876312256, 2.5791239738464355, 2.650078058242798, 2.720583915710449, 2.791534900665283, 2.861898422241211, 2.9329428672790527, 3.003629446029663, 3.075627565383911, 3.1470999717712402, 3.218489646911621, 3.2897350788116455, 3.3614633083343506, 3.4330337047576904, 3.5050437450408936, 3.585190773010254, 3.679009199142456]}, "retail.json": {"sample_time": [53.2782769203186], "forward_time": [74.18277096748352], "inference_loss": [11016.0], "loss": [13724.0654296875, 10018.0], "time": [74.31784629821777, 74.4975757598877]}, "chess.json": {"sample_time": [5.420730352401733, 5.8953680992126465, 6.014361381530762, 6.132167816162109, 6.248661994934082, 6.36457085609436, 6.480543851852417, 6.596400737762451, 6.713160753250122, 6.829824686050415, 6.94706654548645, 7.063643455505371, 7.180046558380127, 7.296771764755249, 7.413288354873657, 7.529845237731934, 7.646292209625244, 7.762882471084595, 7.878504991531372, 7.993889808654785, 8.109392404556274, 8.225106239318848, 8.340780973434448, 8.457488775253296, 8.573221445083618, 8.68881106376648, 8.804273843765259, 8.920124769210815, 9.035629749298096, 9.151061773300171, 9.267592430114746, 9.383041858673096, 9.4984872341156, 9.614111423492432, 9.729828596115112, 9.845264196395874], "forward_time": [5.793979644775391, 5.923119306564331, 6.041398048400879, 6.158919334411621, 6.275483131408691, 6.391354322433472, 6.5074334144592285, 6.62331748008728, 6.740310192108154, 6.857057332992554, 6.974263906478882, 7.090664386749268, 7.207280158996582, 7.323957204818726, 7.440393686294556, 7.556928873062134, 7.6734302043914795, 7.789821147918701, 7.9054343700408936, 8.020788192749023, 8.136398792266846, 8.252100467681885, 8.367965936660767, 8.48448657989502, 8.600123167037964, 8.715790510177612, 8.831285238265991, 8.947038888931274, 9.062416553497314, 9.178231000900269, 9.294498205184937, 9.40989351272583, 9.525420665740967, 9.641249418258667, 9.756632804870605, 9.872049808502197], "inference_loss": [38.0, 60.0, 39.0, 36.0, 24.0, 20.0, 15.0, 11.0, 11.0, 10.0, 10.0, 10.0, 10.0, 10.0, 10.0, 9.0, 9.0, 9.0, 9.0, 9.0, 9.0, 9.0, 9.0, 9.0, 9.0, 9.0, 9.0, 9.0, 9.0, 9.0, 9.0, 9.0, 9.0, 9.0, 9.0, 9.0], "loss": [74.11099243164062, 73.9857177734375, 66.826171875, 51.340179443359375, 35.9010009765625, 25.032272338867188, 20.552993774414062, 15.982158660888672, 14.023975372314453, 12.620012283325195, 12.178262710571289, 11.761434555053711, 11.587263107299805, 11.49177360534668, 11.482719421386719, 11.465675354003906, 11.397323608398438, 11.386163711547852, 11.386938095092773, 11.38470458984375, 11.396568298339844, 11.381523132324219, 11.38219928741455, 11.380041122436523, 11.379087448120117, 11.365487098693848, 11.317310333251953, 11.317148208618164, 11.318719863891602, 11.317808151245117, 11.323112487792969, 11.315055847167969, 11.315778732299805, 11.317132949829102, 11.314451217651367, 11.319154739379883, 9.0], "time": [5.862943887710571, 5.986976146697998, 6.105018615722656, 6.22185206413269, 6.338411569595337, 6.45430326461792, 6.570405960083008, 6.687284231185913, 6.8040101528167725, 6.921210289001465, 7.037928581237793, 7.154276371002197, 7.2709808349609375, 7.387650966644287, 7.504086494445801, 7.620596885681152, 7.737081050872803, 7.85272479057312, 7.96828556060791, 8.083800554275513, 8.199421167373657, 8.315049409866333, 8.431691408157349, 8.54752516746521, 8.663115501403809, 8.778722524642944, 8.894371271133423, 9.010073900222778, 9.125431537628174, 9.241924524307251, 9.35745358467102, 9.472874641418457, 9.588494539260864, 9.704242944717407, 9.81965184211731, 9.935124158859253, 10.42530345916748]}, "mushroom.json": {"sample_time": [9.420210599899292, 10.399645566940308, 10.447014093399048, 10.49466061592102, 10.542269945144653, 10.585143327713013, 10.62477421760559, 10.664294004440308, 10.70340085029602, 10.742722988128662, 10.782336711883545, 10.822038650512695, 10.861661195755005, 10.901415586471558, 10.940932989120483, 10.98076581954956, 11.02039122581482, 11.06011414527893, 11.099729776382446, 11.139360427856445, 11.178790092468262, 11.218331336975098, 11.257709264755249, 11.29727578163147, 11.336446046829224, 11.375670909881592, 11.414908170700073, 11.454234600067139, 11.493427753448486, 11.532722234725952, 11.57181453704834], "forward_time": [10.36026906967163, 10.408026218414307, 10.455583333969116, 10.503071546554565, 10.55080246925354, 10.592489242553711, 10.632190465927124, 10.671632766723633, 10.710803508758545, 10.750049829483032, 10.789746522903442, 10.829377889633179, 10.869081974029541, 10.908775568008423, 10.94839358329773, 10.988108158111572, 11.027851104736328, 11.06745433807373, 11.107166051864624, 11.146677017211914, 11.186206340789795, 11.225669384002686, 11.26517653465271, 11.304605484008789, 11.34384036064148, 11.382993936538696, 11.422304391860962, 11.461504936218262, 11.501033067703247, 11.540051460266113, 11.579216957092285], "inference_loss": [46.0, 108.0, 104.0, 93.0, 81.0, 59.0, 54.0, 35.0, 33.0, 32.0, 30.0, 30.0, 30.0, 30.0, 30.0, 30.0, 30.0, 30.0, 30.0, 30.0, 30.0, 30.0, 30.0, 30.0, 30.0, 30.0, 30.0, 30.0, 30.0, 30.0, 30.0], "loss": [117.46857452392578, 116.69096374511719, 112.42385864257812, 99.57710266113281, 86.58341979980469, 66.97490692138672, 56.7344856262207, 40.706138610839844, 33.61944580078125, 31.888418197631836, 30.511173248291016, 30.049793243408203, 30.040245056152344, 30.021095275878906, 30.021968841552734, 30.023969650268555, 30.02584457397461, 30.037803649902344, 30.00916862487793, 30.009033203125, 30.01444435119629, 30.005279541015625, 30.007503509521484, 30.008771896362305, 30.017620086669922, 30.005451202392578, 30.027013778686523, 30.00362205505371, 30.00454330444336, 30.00873565673828, 30.008005142211914, 30.0],