{"test.json": {"sample_time": [0.07190179824829102, 0.14650583267211914, 0.21804594993591309, 0.2899749279022217, 0.36167240142822266, 0.43311047554016113, 0.5052881240844727, 0.5775048732757568, 0.6497492790222168, 0.7213127613067627, 0.7934317588806152, 0.8652687072753906, 0.9380500316619873, 1.01102614402771, 1.083986520767212, 1.1576437950134277, 1.2315878868103027, 1.3046150207519531, 1.377234935760498, 1.448796033859253, 1.520820140838623, 1.5926873683929443, 1.6681976318359375], "forward_time": [0.07873201370239258, 0.15088438987731934, 0.22261714935302734, 0.2945241928100586, 0.36627721786499023, 0.4376814365386963, 0.509864091873169, 0.5821058750152588, 0.654322624206543, 0.7258546352386475, 0.798027515411377, 0.8698430061340332, 0.9426791667938232, 1.0156714916229248, 1.0893352031707764, 1.1622793674468994, 1.236217737197876, 1.3092443943023682, 1.3818590641021729, 1.453416347503662, 1.5254278182983398, 1.597243309020996, 1.67277193069458], "inference_loss": [2.0, 2.0, 2.0, 2.0, 2.0, 2.0, 2.0, 2.0, 2.0, 2.0, 2.0, 2.0, 2.0, 2.0, 2.0, 2.0, 2.0, 2.0, 2.0, 2.0, 2.0, 2.0, 2.0], "loss": [3.3446273803710938, 3.278102159500122, 2.3119430541992188, 2.069739818572998, 2.0200042724609375, 2.0070245265960693, 2.0052661895751953, 2.0021731853485107, 2.0014452934265137, 2.001239776611328, 2.0007479190826416, 2.001002788543701, 2.0006284713745117, 2.000720977783203, 2.00169038772583, 2.0004022121429443, 2.0004894733428955, 2.0005455017089844, 2.0003814697265625, 2.0004119873046875, 2.000382900238037, 2.000631332397461, 2.000272512435913, 2.0], "time": [0.08299803733825684, 0.15553593635559082, 0.22730588912963867, 0.29898738861083984, 0.3707239627838135, 0.44258713722229004, 0.5144391059875488, 0.5869019031524658, 0.6590416431427002, 0.7303788661956787, 0.8028290271759033, 0.874380350112915, 0.9473485946655273, 1.0203468799591064, 1.0940725803375244, 1.1670584678649902, 1.2410612106323242, 1.3140673637390137, 1.3863182067871094, 1.4580888748168945, 1.5301296710968018, 1.6020431518554688, 1.6773629188537598, 1.7481889724731445]}, "retail.json": {"sample_time": [51.997756004333496], "forward_time": [73.07233953475952], "inference_loss": [11016.0], "loss": [13686.05078125, 9988.0], "time": [73.2057728767395, 73.37934184074402]}, "chess.json": {"sample_time": [5.432427406311035, 5.909778356552124, 6.043135404586792, 6.161679744720459, 6.27828049659729, 6.394633769989014, 6.510880470275879, 6.626817226409912, 6.743815898895264, 6.861731767654419, 6.978235721588135, 7.0947957038879395, 7.2114338874816895, 7.328065395355225, 7.443588495254517, 7.560020923614502, 7.6765265464782715, 7.794142723083496, 7.909776449203491, 8.025545120239258, 8.14114761352539, 8.256858587265015, 8.37254285812378, 8.490082025527954, 8.60594654083252, 8.721561431884766, 8.837408065795898, 8.953382015228271, 9.069027662277222, 9.184812545776367, 9.301490306854248, 9.417303323745728, 9.533368825912476, 9.649153232574463, 9.765100479125977, 9.880845069885254, 9.99650764465332, 10.112141847610474, 10.22790813446045, 10.343647003173828, 10.46043610572815, 10.576037645339966, 10.691709756851196, 10.807497501373291, 10.923021793365479, 11.038681507110596, 11.154390335083008], "forward_time": [5.808431386947632, 5.940636396408081, 6.070360898971558, 6.188580513000488, 6.305167198181152, 6.421481132507324, 6.537837028503418, 6.653794288635254, 6.771071195602417, 6.88880181312561, 7.0053253173828125, 7.121910095214844, 7.238550186157227, 7.355197906494141, 7.470805406570435, 7.587173700332642, 7.703694581985474, 7.821003675460815, 7.936840534210205, 8.052422523498535, 8.168139457702637, 8.283933162689209, 8.399829387664795, 8.517192125320435, 8.632848978042603, 8.748751401901245, 8.86454463005066, 8.98031210899353, 9.096069812774658, 9.211989402770996, 9.328491687774658, 9.444527387619019, 9.560323238372803, 9.676390886306763, 9.79210376739502, 9.907884359359741, 10.023433446884155, 10.139134883880615, 10.25482726097107, 10.370707035064697, 10.487360715866089, 10.603048086166382, 10.718777656555176, 10.834322929382324, 10.950024843215942, 11.065673112869263, 11.181484937667847], "inference_loss": [38.0, 62.0, 43.0, 37.0, 25.0, 22.0, 19.0, 15.0, 12.0, 11.0, 11.0, 11.0, 11.0, 10.0, 10.0, 10.0, 10.0, 10.0, 10.0, 10.0, 10.0, 10.0, 10.0, 10.0, 10.0, 10.0, 9.0, 9.0, 9.0, 9.0, 9.0, 9.0, 9.0, 9.0, 9.0, 9.0, 9.0, 9.0, 9.0, 9.0, 9.0, 9.0, 9.0, 9.0, 9.0, 9.0, 9.0], "loss": [74.10365295410156, 74.08323669433594, 70.43934631347656, 56.27754211425781, 40.25942611694336, 28.655651092529297, 21.749391555786133, 19.566696166992188, 16.385570526123047, 14.08703899383545, 13.13776969909668, 12.538504600524902, 12.203018188476562, 11.984167098999023, 11.71119499206543, 11.6333646774292, 11.533733367919922, 11.417184829711914, 11.3560791015625, 11.354992866516113, 11.335630416870117, 11.33332633972168, 11.330163955688477, 11.331245422363281, 11.331235885620117, 11.319025993347168, 11.310110092163086, 11.290912628173828, 11.2840576171875, 11.269676208496094, 11.2019624710083, 11.224899291992188, 11.168237686157227, 11.142019271850586, 11.137282371520996, 11.139442443847656, 11.13398265838623, 11.143306732177734, 11.136171340942383, 11.128541946411133, 11.13302230834961, 11.090518951416016, 11.066658973693848, 11.071802139282227, 11.06496810913086, 11.06821060180664, 11.065404891967773, 9.0], "time": [5.8777289390563965, 6.0122504234313965, 6.134113550186157, 6.251606225967407, 6.368157863616943, 6.484522819519043, 6.600799560546875, 6.717804670333862, 6.835799217224121, 6.952453851699829, 7.0689942836761475, 7.1855902671813965, 7.3022425174713135, 7.417924404144287, 7.534417152404785, 7.650834083557129, 7.768423318862915, 7.884044408798218, 7.999770402908325, 8.11536431312561, 8.231118202209473, 8.34684419631958, 8.463490724563599, 8.580125093460083, 8.69579267501831, 8.81169080734253, 8.927556276321411, 9.043333768844604, 9.159022808074951, 9.27570629119873, 9.391430854797363, 9.507520198822021, 9.623278379440308, 9.739339590072632, 9.855047941207886, 9.970811128616333, 10.086318016052246, 10.202091932296753, 10.3177649974823, 10.434747219085693, 10.550329685211182, 10.666016578674316, 10.78178358078003, 10.897322177886963, 11.012950897216797, 11.128627061843872, 11.244441509246826, 11.853808641433716]}, "mushroom.json": {"sample_time": [9.42952847480774, 10.408454418182373, 10.456452369689941, 10.504449605941772, 10.552032470703125, 10.599746942520142, 10.639813423156738, 10.679192304611206, 10.718746423721313, 10.7580246925354, 10.79728364944458, 10.836718082427979, 10.87580156326294, 10.91482424736023, 10.95410943031311, 10.993591070175171, 11.032933950424194, 11.072036981582642, 11.111534833908081, 11.150904893875122, 11.190272569656372, 11.22976279258728, 11.269151210784912, 11.308688640594482, 11.348069906234741, 11.387856483459473, 11.42723536491394, 11.46676516532898, 11.506296157836914, 11.546143054962158], "forward_time": [10.36851954460144, 10.416908740997314, 10.464905023574829, 10.512874841690063, 10.560540676116943, 10.607594013214111, 10.64720869064331, 10.686499118804932, 10.726097822189331, 10.76533555984497, 10.804666996002197, 10.843994140625, 10.883161067962646, 10.922096729278564, 10.961493015289307, 11.000899076461792, 11.040281534194946, 11.079334497451782, 11.118946313858032, 11.158224105834961, 11.19770336151123, 11.237070560455322, 11.276562690734863, 11.316004037857056, 11.355465412139893, 11.395144701004028, 11.434664487838745, 11.474081039428711, 11.514132022857666, 11.553452014923096], "inference_loss": [46.0, 105.0, 106.0, 102.0, 77.0, 53.0, 41.0, 33.0, 35.0, 30.0, 30.0, 30.0, 30.0, 30.0, 30.0, 30.0, 30.0, 30.0, 30.0, 30.0, 30.0, 30.0, 30.0, 30.0, 30.0, 30.0, 30.0, 30.0, 30.0, 30.0],