{"test.json": {"sample_time": [0.034566402435302734, 0.0721583366394043, 0.10786080360412598, 0.14387249946594238, 0.17998290061950684, 0.2157902717590332, 0.25180768966674805, 0.28786373138427734, 0.3238654136657715, 0.3599579334259033, 0.3959956169128418, 0.43195056915283203, 0.4679398536682129, 0.5038814544677734, 0.5403211116790771, 0.5762903690338135, 0.6122493743896484, 0.6482894420623779, 0.6844336986541748, 0.7203700542449951, 0.7563433647155762, 0.7923588752746582, 0.8281161785125732], "forward_time": [0.039229631423950195, 0.07523369789123535, 0.1109004020690918, 0.1468958854675293, 0.18300318717956543, 0.21880698204040527, 0.2548391819000244, 0.2908811569213867, 0.32687878608703613, 0.3629734516143799, 0.39902257919311523, 0.43497157096862793, 0.47095489501953125, 0.5069067478179932, 0.5433428287506104, 0.5793106555938721, 0.6153078079223633, 0.6513245105743408, 0.6874582767486572, 0.7234036922454834, 0.7593741416931152, 0.7953808307647705, 0.8311295509338379], "inference_loss": [2.0, 2.0, 2.0, 2.0, 2.0, 2.0, 2.0, 2.0, 2.0, 2.0, 2.0, 2.0, 2.0, 2.0, 2.0, 2.0, 2.0, 2.0, 2.0, 2.0, 2.0, 2.0, 2.0], "loss": [3.3082516193389893, 3.2048230171203613, 2.2258241176605225, 2.051825523376465, 2.028954267501831, 2.015317678451538, 2.0077686309814453, 2.0053904056549072, 2.003492832183838, 2.001300811767578, 2.0033535957336426, 2.0008721351623535, 2.0014984607696533, 2.000900983810425, 2.0004825592041016, 2.0009779930114746, 2.0004682540893555, 2.000399589538574, 2.000638484954834, 2.0007591247558594, 2.0005722045898438, 2.000159502029419, 2.0001487731933594, 2.0], "time": [0.04464316368103027, 0.08012795448303223, 0.11581802368164062, 0.151824951171875, 0.18793463706970215, 0.2237257957458496, 0.2597212791442871, 0.29582977294921875, 0.33177685737609863, 0.3679006099700928, 0.40393996238708496, 0.43988656997680664, 0.47589659690856934, 0.5117862224578857, 0.5482821464538574, 0.5842068195343018, 0.6202507019042969, 0.6562423706054688, 0.6923937797546387, 0.7283399105072021, 0.7642910480499268, 0.8003294467926025, 0.8360152244567871, 0.8641424179077148]}, "chess.json": {"sample_time": [0.911170244216919, 1.1630666255950928, 1.268610954284668, 1.3756084442138672, 1.4812538623809814, 1.5868210792541504, 1.6934490203857422, 1.8009393215179443, 1.908461570739746, 2.0138142108917236, 2.1199395656585693, 2.226414680480957, 2.332676887512207, 2.4398810863494873, 2.546066999435425, 2.652183771133423, 2.7574756145477295, 2.8636910915374756, 2.969944953918457, 3.075075149536133, 3.1801345348358154, 3.285344123840332, 3.391639471054077, 3.4978771209716797, 3.6039814949035645, 3.710205316543579, 3.8164660930633545, 3.9226770401000977, 4.028947830200195, 4.135176181793213, 4.241431474685669, 4.346608877182007], "forward_time": [1.0856132507324219, 1.1865904331207275, 1.292694091796875, 1.3995988368988037, 1.5053613185882568, 1.6109974384307861, 1.717540979385376, 1.825242519378662, 1.9327685832977295, 2.0380349159240723, 2.1442549228668213, 2.250422239303589, 2.357006788253784, 2.464010000228882, 2.5701169967651367, 2.6763041019439697, 2.7816169261932373, 2.887899875640869, 2.994063377380371, 3.0991110801696777, 3.2042224407196045, 3.309439182281494, 3.415766477584839, 3.5219509601593018, 3.628045082092285, 3.7343544960021973, 3.840585708618164, 3.9468932151794434, 4.053268909454346, 4.1593005657196045, 4.265505313873291, 4.370678424835205], "inference_loss": [73.0, 73.0, 58.0, 51.0, 47.0, 29.0, 25.0, 20.0, 16.0, 13.0, 12.0, 9.0, 9.0, 9.0, 9.0, 9.0, 9.0, 9.0, 9.0, 9.0, 9.0, 9.0, 9.0, 9.0, 9.0, 9.0, 9.0, 9.0, 9.0, 9.0, 9.0, 9.0], "loss": [74.08053588867188, 74.1091537475586, 74.04640197753906, 71.35200500488281, 61.685302734375, 46.51193618774414, 35.978599548339844, 24.934213638305664, 19.85848617553711, 16.221946716308594, 13.901241302490234, 12.721726417541504, 11.918241500854492, 11.435504913330078, 11.1746244430542, 11.080682754516602, 10.980612754821777, 10.88946533203125, 10.832784652709961, 10.842377662658691, 10.83182144165039, 10.829618453979492, 10.783060073852539, 10.759824752807617, 10.757715225219727, 10.755541801452637, 10.770875930786133, 10.708938598632812, 10.693946838378906, 10.69640827178955, 10.692325592041016, 10.691886901855469, 9.0], "time": [1.1426665782928467, 1.2483627796173096, 1.3553593158721924, 1.4611444473266602, 1.5669596195220947, 1.6736352443695068, 1.781308889389038, 1.8888497352600098, 1.9942290782928467, 2.100456953048706, 2.2069101333618164, 2.313027858734131, 2.4204249382019043, 2.5265369415283203, 2.632744312286377, 2.7379300594329834, 2.844254970550537, 2.950408697128296, 3.0555191040039062, 3.1607065200805664, 3.2658464908599854, 3.372168779373169, 3.4783802032470703, 3.584451675415039, 3.690735340118408, 3.7969791889190674, 3.903198480606079, 4.009439945220947, 4.115580797195435, 4.221971035003662, 4.327111005783081, 4.4333319664001465, 4.452850580215454]}, "mushroom.json": {"sample_time": [3.220243453979492, 3.6809518337249756, 3.7174031734466553, 3.7539398670196533, 3.7905056476593018, 3.8270084857940674, 3.8637731075286865, 3.9003071784973145, 3.9366679191589355, 3.973238945007324, 4.009644031524658, 4.04622745513916, 4.0826544761657715, 4.119063377380371, 4.155336856842041, 4.191772222518921, 4.228193521499634, 4.264692306518555, 4.301247835159302, 4.337581634521484, 4.374018430709839, 4.410682439804077, 4.447106122970581, 4.483717918395996, 4.520165920257568, 4.556690692901611, 4.593217134475708, 4.629582643508911, 4.665821552276611, 4.702137231826782, 4.738659143447876, 4.775130033493042, 4.811426162719727, 4.847799301147461], "forward_time": [3.650273323059082, 3.687349319458008, 3.7236735820770264, 3.760234832763672, 3.7968344688415527, 3.8333194255828857, 3.870126724243164, 3.9065966606140137, 3.9430031776428223, 3.9795541763305664, 4.0159361362457275, 4.052515268325806, 4.088938474655151, 4.125373363494873, 4.161607265472412, 4.198078870773315, 4.234469175338745, 4.271026849746704, 4.30754280090332, 4.343878984451294, 4.380342245101929, 4.416972398757935, 4.453381776809692, 4.49001145362854, 4.526454448699951, 4.56301212310791, 4.599522829055786, 4.63590407371521, 4.672120571136475, 4.708417177200317, 4.744963645935059, 4.781426668167114, 4.817676067352295, 4.854087591171265], "inference_loss": [119.0, 116.0, 101.0, 102.0, 95.0, 77.0, 65.0, 45.0, 41.0, 35.0, 30.0, 30.0, 30.0, 29.0, 29.0, 29.0, 29.0, 29.0, 29.0, 29.0, 29.0, 29.0, 29.0, 29.0, 29.0, 29.0, 29.0, 29.0, 29.0, 29.0, 29.0, 29.0, 29.0, 29.0], "loss": [116.52072143554688, 117.08002471923828, 115.17975616455078, 107.94117736816406, 106.52085876464844, 89.93177032470703, 72.60333251953125, 51.13432312011719, 42.086326599121094, 35.97567367553711, 32.355010986328125, 30.19797706604004, 30.10986328125, 29.544612884521484, 29.051759719848633, 29.02757453918457, 29.0247745513916, 29.022842407226562, 29.034116744995117, 29.019777297973633, 29.031152725219727, 29.01580047607422, 29.00952911376953, 29.00825309753418, 29.010210037231445, 29.011322021484375, 29.010534286499023, 29.060928344726562, 29.00250244140625, 29.004806518554688, 29.00821876525879, 29.003643035888672, 29.004959106445312, 29.00522804260254, 29.0], "time": [3.6755287647247314, 3.7121472358703613, 3.7486464977264404, 3.7851524353027344, 3.8217177391052246, 3.858483076095581, 3.8951215744018555, 3.931457996368408, 3.9679994583129883, 4.00442361831665, 4.0410685539245605, 4.077494382858276, 4.113868713378906, 4.150192022323608, 4.186630487442017, 4.223028898239136, 4.25953483581543, 4.296086549758911, 4.3323986530303955, 4.368796348571777, 4.405489206314087, 4.441884279251099, 4.478546619415283, 4.514948844909668, 4.5515313148498535, 4.588078022003174, 4.624399423599243, 4.660688161849976, 4.696969032287598, 4.733499526977539, 4.76992130279541, 4.806304931640625, 4.842632055282593, 4.879254579544067, 4.884474515914917]},