{"test.json": {"sample_time": [0.07219529151916504, 0.14665555953979492, 0.21770191192626953, 0.28919172286987305, 0.3603541851043701, 0.4315619468688965, 0.5029845237731934, 0.574321985244751, 0.6461915969848633, 0.71730637550354, 0.7893178462982178, 0.860973596572876, 0.9332234859466553, 1.0059309005737305, 1.0786428451538086, 1.1515531539916992, 1.2236390113830566, 1.2963709831237793, 1.3687846660614014, 1.4412336349487305, 1.5137689113616943, 1.5864531993865967, 1.6590001583099365], "forward_time": [0.07898998260498047, 0.15102910995483398, 0.22229862213134766, 0.29384565353393555, 0.36493492126464844, 0.436138391494751, 0.5075669288635254, 0.5788910388946533, 0.6507930755615234, 0.721865177154541, 0.7939071655273438, 0.8655571937561035, 0.9378504753112793, 1.0106077194213867, 1.083317518234253, 1.1561710834503174, 1.2283051013946533, 1.3010413646697998, 1.3734266757965088, 1.445849895477295, 1.5183985233306885, 1.5910964012145996, 1.6636393070220947], "inference_loss": [2.0, 2.0, 2.0, 2.0, 2.0, 2.0, 2.0, 2.0, 2.0, 2.0, 2.0, 2.0, 2.0, 2.0, 2.0, 2.0, 2.0, 2.0, 2.0, 2.0, 2.0, 2.0, 2.0], "loss": [3.3082516193389893, 3.2048230171203613, 2.2258241176605225, 2.051825523376465, 2.028954267501831, 2.015317678451538, 2.0077686309814453, 2.0053904056549072, 2.003492832183838, 2.001300811767578, 2.0033535957336426, 2.0008721351623535, 2.0014984607696533, 2.000900983810425, 2.0004825592041016, 2.0009779930114746, 2.0004682540893555, 2.000399589538574, 2.000638484954834, 2.0007591247558594, 2.0005722045898438, 2.000159502029419, 2.0001487731933594, 2.0], "time": [0.08342909812927246, 0.15566396713256836, 0.22660064697265625, 0.29843926429748535, 0.36963653564453125, 0.4407012462615967, 0.5120351314544678, 0.5836169719696045, 0.6555430889129639, 0.7266204357147217, 0.7986209392547607, 0.8700606822967529, 0.9426445960998535, 1.0151140689849854, 1.0879411697387695, 1.1607551574707031, 1.2329533100128174, 1.305717945098877, 1.378082275390625, 1.4506990909576416, 1.5228767395019531, 1.5956242084503174, 1.6680550575256348, 1.738525629043579]}, "retail.json": {"sample_time": [51.92615056037903], "forward_time": [72.79597783088684], "inference_loss": [11016.0], "loss": [13702.419921875, 13129.0], "time": [72.93055129051208, 73.11643958091736]}, "chess.json": {"sample_time": [5.405221700668335, 5.880437135696411, 6.002697229385376, 6.120356321334839, 6.236574411392212, 6.353454351425171, 6.4699320793151855, 6.586266279220581, 6.70341944694519, 6.820183992385864, 6.93688178062439, 7.053316593170166, 7.1698853969573975, 7.286401033401489, 7.401882171630859, 7.518426179885864, 7.63480806350708, 7.750226736068726, 7.8656651973724365, 7.981199026107788, 8.096409320831299, 8.212148666381836, 8.327915668487549, 8.443513631820679, 8.559112548828125, 8.674754619598389, 8.790364980697632, 8.906204223632812, 9.021783113479614, 9.138653039932251, 9.255220651626587, 9.370919942855835, 9.486564636230469, 9.602228879928589, 9.718086004257202], "forward_time": [5.781927108764648, 5.910547494888306, 6.029705047607422, 6.147104263305664, 6.26350212097168, 6.380325794219971, 6.496866941452026, 6.613130569458008, 6.73056435585022, 6.847255229949951, 6.963942050933838, 7.08039927482605, 7.197005271911621, 7.313591241836548, 7.4289491176605225, 7.545513391494751, 7.661837577819824, 7.777060031890869, 7.892563819885254, 8.007921934127808, 8.123467445373535, 8.2391996383667, 8.35509204864502, 8.470491647720337, 8.585993528366089, 8.701810598373413, 8.817585229873657, 8.93308138847351, 9.048735857009888, 9.165851593017578, 9.282181024551392, 9.397953987121582, 9.513531923294067, 9.62946105003357, 9.74490237236023], "inference_loss": [38.0, 73.0, 58.0, 50.0, 44.0, 29.0, 24.0, 20.0, 16.0, 13.0, 13.0, 11.0, 10.0, 9.0, 8.0, 9.0, 9.0, 8.0, 8.0, 8.0, 8.0, 8.0, 8.0, 8.0, 8.0, 8.0, 8.0, 8.0, 8.0, 8.0, 8.0, 8.0, 8.0, 8.0, 8.0], "loss": [74.08053588867188, 74.10916137695312, 74.0452880859375, 71.45703125, 62.057701110839844, 46.81397247314453, 36.286643981933594, 26.098445892333984, 21.323314666748047, 16.90016746520996, 14.860586166381836, 13.155427932739258, 12.2968111038208, 11.560572624206543, 11.108787536621094, 11.042740821838379, 10.896443367004395, 10.73386001586914, 10.670816421508789, 10.644784927368164, 10.644567489624023, 10.650847434997559, 10.63728141784668, 10.640653610229492, 10.632416725158691, 10.634349822998047, 10.641136169433594, 10.63951301574707, 10.632678031921387, 10.631109237670898, 10.630989074707031, 10.635008811950684, 10.629188537597656, 10.63058853149414, 10.597061157226562, 8.0], "time": [5.848683834075928, 5.974512577056885, 6.09242844581604, 6.209050178527832, 6.326451778411865, 6.44330358505249, 6.559862375259399, 6.677223205566406, 6.79428243637085, 6.910963535308838, 7.027609348297119, 7.144086122512817, 7.260678052902222, 7.376323699951172, 7.4926629066467285, 7.609216928482056, 7.724505424499512, 7.840038776397705, 7.955536365509033, 8.070846319198608, 8.186424255371094, 8.302199363708496, 8.417739868164062, 8.533469438552856, 8.649005889892578, 8.764841794967651, 8.8805570602417, 8.996066808700562, 9.112839460372925, 9.229523181915283, 9.34520173072815, 9.460952043533325, 9.576502323150635, 9.692450046539307, 9.80787706375122, 10.319555282592773]}, "mushroom.json": {"sample_time": [9.389203548431396, 10.368706464767456, 10.415489673614502, 10.462374210357666, 10.509372234344482, 10.556386709213257, 10.596811056137085, 10.635602712631226, 10.674503564834595, 10.713472604751587, 10.752407550811768, 10.791705131530762, 10.830400228500366, 10.869319677352905, 10.90819239616394, 10.947000980377197, 10.985873937606812, 11.02486538887024, 11.063657760620117, 11.102628469467163, 11.141437768936157, 11.180307865142822, 11.219252109527588, 11.258152723312378, 11.297043561935425, 11.336049318313599, 11.374835014343262, 11.413704633712769, 11.452540874481201, 11.491748571395874, 11.530555009841919, 11.569248676300049], "forward_time": [10.32956862449646, 10.37703275680542, 10.423806428909302, 10.470733880996704, 10.517834663391113, 10.56475830078125, 10.604109525680542, 10.642852067947388, 10.6818208694458, 10.720759153366089, 10.759716272354126, 10.79894495010376, 10.837742805480957, 10.876587390899658, 10.915522575378418, 10.954256057739258, 10.99320673942566, 11.032135486602783, 11.071020364761353, 11.109854936599731, 11.148752212524414, 11.187594413757324, 11.226627588272095, 11.265387773513794, 11.304420471191406, 11.343306303024292, 11.382143020629883, 11.42098617553711, 11.460114002227783, 11.498984575271606, 11.537880182266235, 11.576518535614014], "inference_loss": [46.0, 116.0, 101.0, 102.0, 95.0, 82.0, 64.0, 48.0, 36.0, 33.0, 31.0, 30.0, 30.0, 30.0, 30.0, 30.0, 30.0, 30.0, 30.0, 30.0, 30.0, 30.0, 30.0, 30.0, 30.0, 30.0, 30.0, 30.0, 30.0, 30.0, 30.0, 30.0], "loss": [116.52071380615234, 117.08006286621094, 115.17953491210938, 107.94698333740234, 106.59568786621094, 89.9401626586914, 72.70603942871094, 52.712860107421875, 40.853492736816406, 34.811859130859375, 31.428573608398438, 30.16573715209961, 30.113021850585938, 30.065942764282227, 30.031187057495117, 30.019454956054688, 30.021198272705078, 30.01700782775879, 30.013423919677734, 30.009475708007812, 30.01177978515625, 30.016460418701172, 30.038333892822266, 30.009212493896484, 30.012922286987305, 30.006912231445312, 30.008350372314453, 30.02881622314453, 30.00524139404297, 30.0069580078125, 30.01404571533203, 30.006301879882812, 30.0],