{"test.json": {"sample_time": [0.0373990535736084, 0.07669305801391602, 0.1125333309173584, 0.14839482307434082, 0.18422389030456543, 0.22009873390197754, 0.25575733184814453, 0.2916371822357178, 0.3273632526397705, 0.363175630569458, 0.39892125129699707, 0.43485474586486816, 0.47072863578796387, 0.5066885948181152, 0.5428385734558105, 0.5798821449279785, 0.6164426803588867, 0.6523654460906982, 0.6884610652923584, 0.7235276699066162, 0.7600758075714111, 0.7960696220397949, 0.8320579528808594], "forward_time": [0.04157280921936035, 0.07973122596740723, 0.11554741859436035, 0.15140318870544434, 0.18724441528320312, 0.22311639785766602, 0.25876855850219727, 0.29465794563293457, 0.3303699493408203, 0.36618661880493164, 0.40191054344177246, 0.43787169456481934, 0.47373509407043457, 0.5096933841705322, 0.5459558963775635, 0.5830061435699463, 0.6194860935211182, 0.6554558277130127, 0.6914770603179932, 0.7265224456787109, 0.763120174407959, 0.7991006374359131, 0.8350627422332764], "inference_loss": [2.0, 2.0, 2.0, 2.0, 2.0, 2.0, 2.0, 2.0, 2.0, 2.0, 2.0, 2.0, 2.0, 2.0, 2.0, 2.0, 2.0, 2.0, 2.0, 2.0, 2.0, 2.0, 2.0], "loss": [3.3446273803710938, 3.278102159500122, 2.3119430541992188, 2.069739818572998, 2.0200042724609375, 2.0070245265960693, 2.0052661895751953, 2.0021731853485107, 2.0014452934265137, 2.001239776611328, 2.0007479190826416, 2.001002788543701, 2.0006284713745117, 2.000720977783203, 2.00169038772583, 2.0004022121429443, 2.0004894733428955, 2.0005455017089844, 2.0003814697265625, 2.0004119873046875, 2.000382900238037, 2.000631332397461, 2.000272512435913, 2.0], "time": [0.047858238220214844, 0.08461332321166992, 0.12043094635009766, 0.15630745887756348, 0.19208598136901855, 0.2280118465423584, 0.2636704444885254, 0.29955005645751953, 0.3352999687194824, 0.37106823921203613, 0.40683555603027344, 0.44277095794677734, 0.47864770889282227, 0.5146405696868896, 0.5517661571502686, 0.5878684520721436, 0.6243305206298828, 0.6603777408599854, 0.6963424682617188, 0.7314517498016357, 0.7680618762969971, 0.8040094375610352, 0.8399848937988281, 0.8678088188171387]}, "chess.json": {"sample_time": [0.9062454700469971, 1.2150704860687256, 1.3214423656463623, 1.4284265041351318, 1.5348222255706787, 1.6411471366882324, 1.7475414276123047, 1.8571131229400635, 1.9632689952850342, 2.069658041000366, 2.175891637802124, 2.2822136878967285, 2.388446092605591, 2.4946610927581787, 2.60105299949646, 2.7071781158447266, 2.8156027793884277, 2.9228944778442383, 3.029010772705078, 3.135258674621582, 3.241466999053955, 3.3478336334228516, 3.4552078247070312, 3.5614089965820312, 3.6677873134613037, 3.774953842163086, 3.8825724124908447, 3.988874673843384, 4.096437692642212, 4.202726602554321, 4.308932542800903, 4.415143013000488], "forward_time": [1.1237549781799316, 1.2388973236083984, 1.345989465713501, 1.4527297019958496, 1.5591166019439697, 1.6655280590057373, 1.773712396621704, 1.8815252780914307, 1.987823724746704, 2.094081163406372, 2.2003092765808105, 2.3065643310546875, 2.412973642349243, 2.5192439556121826, 2.625446319580078, 2.7331137657165527, 2.839958906173706, 2.9473061561584473, 3.0535292625427246, 3.159647226333618, 3.2659153938293457, 3.3722660541534424, 3.4795682430267334, 3.586021661758423, 3.6920571327209473, 3.799306631088257, 3.9070472717285156, 4.013371229171753, 4.120826244354248, 4.227074146270752, 4.333235025405884, 4.439659595489502], "inference_loss": [72.0, 63.0, 39.0, 39.0, 24.0, 19.0, 16.0, 16.0, 10.0, 10.0, 10.0, 9.0, 9.0, 9.0, 9.0, 9.0, 9.0, 9.0, 9.0, 9.0, 9.0, 9.0, 9.0, 9.0, 9.0, 9.0, 9.0, 9.0, 9.0, 9.0, 9.0, 9.0], "loss": [74.10365295410156, 74.08235931396484, 70.291015625, 55.94367218017578, 40.293678283691406, 31.198455810546875, 21.284414291381836, 18.3099365234375, 16.76053810119629, 13.814936637878418, 12.706153869628906, 12.140899658203125, 11.657817840576172, 11.41180419921875, 11.257196426391602, 11.178243637084961, 11.125246047973633, 11.106115341186523, 10.939345359802246, 10.927330017089844, 10.855554580688477, 10.828466415405273, 10.858953475952148, 10.825786590576172, 10.8366060256958, 10.825779914855957, 10.826010704040527, 10.820002555847168, 10.822844505310059, 10.822388648986816, 10.816780090332031, 10.819358825683594, 9.0], "time": [1.1920156478881836, 1.3013019561767578, 1.4082703590393066, 1.5149729251861572, 1.6213715076446533, 1.727785587310791, 1.837514877319336, 1.9436416625976562, 2.050034999847412, 2.156344413757324, 2.262594699859619, 2.368825912475586, 2.4750816822052, 2.5814335346221924, 2.687680959701538, 2.79593563079834, 2.9032576084136963, 3.0094106197357178, 3.115673780441284, 3.2219202518463135, 3.3281757831573486, 3.4356160163879395, 3.5417561531066895, 3.6481761932373047, 3.7553768157958984, 3.861598253250122, 3.969238519668579, 4.076591491699219, 4.183022975921631, 4.289285182952881, 4.395542860031128, 4.502975702285767, 4.52267861366272]}, "mushroom.json": {"sample_time": [3.215904474258423, 3.7235524654388428, 3.760570526123047, 3.7974839210510254, 3.834073781967163, 3.870574712753296, 3.9071333408355713, 3.9435555934906006, 3.9799695014953613, 4.016430139541626, 4.0525901317596436, 4.088820219039917, 4.124933958053589, 4.1612467765808105, 4.197551250457764, 4.23387885093689, 4.270120859146118, 4.306486129760742, 4.342803001403809, 4.379072666168213, 4.415431022644043, 4.451711177825928, 4.488050699234009, 4.5242650508880615, 4.560671806335449, 4.597079038619995, 4.633145093917847, 4.669472694396973, 4.705594539642334, 4.741983652114868, 4.778276443481445], "forward_time": [3.692410469055176, 3.729982852935791, 3.7668983936309814, 3.803818702697754, 3.840399742126465, 3.876929521560669, 3.9134750366210938, 3.949854850769043, 3.9863340854644775, 4.0227532386779785, 4.058952808380127, 4.095110893249512, 4.131305932998657, 4.167563199996948, 4.203894376754761, 4.240224361419678, 4.2764623165130615, 4.312852382659912, 4.349157333374023, 4.385406017303467, 4.421792507171631, 4.458038091659546, 4.49441123008728, 4.530599355697632, 4.567048788070679, 4.603391408920288, 4.639512538909912, 4.675788402557373, 4.711946725845337, 4.748289108276367, 4.784609794616699], "inference_loss": [119.0, 105.0, 106.0, 102.0, 78.0, 54.0, 41.0, 34.0, 35.0, 31.0, 30.0, 30.0, 30.0, 30.0, 30.0, 30.0, 30.0, 30.0, 30.0, 30.0, 30.0, 30.0, 30.0, 30.0, 30.0, 30.0, 30.0, 30.0, 30.0, 30.0, 30.0], "loss": [116.87811279296875, 117.2510757446289, 111.15483093261719, 101.92338562011719, 84.55769348144531, 58.9918098449707, 44.390907287597656, 35.668731689453125, 32.06847381591797, 31.403976440429688, 30.754535675048828, 30.096649169921875, 30.282318115234375, 30.014362335205078, 30.01931381225586, 30.016780853271484, 30.013872146606445, 30.004501342773438, 30.010196685791016, 30.221511840820312, 30.004669189453125, 30.002941131591797, 30.00364875793457, 30.001693725585938, 30.002328872680664, 30.002262115478516, 30.007091522216797, 30.001516342163086, 30.00139617919922, 30.00348472595215, 30.00063705444336, 30.0], "time": [3.7177858352661133, 3.7547266483306885, 3.7916312217712402, 3.828563690185547, 3.8651413917541504, 3.9015724658966064, 3.9382569789886475, 3.974600315093994, 4.011219024658203, 4.047325849533081, 4.083604574203491, 4.119655609130859, 4.155989646911621, 4.192289113998413, 4.2286200523376465, 4.264854431152344, 4.301267862319946, 4.337580680847168, 4.373840570449829, 4.410202741622925, 4.446515083312988, 4.482809782028198, 4.5190651416778564, 4.555422306060791, 4.591845750808716, 4.627891778945923, 4.66422176361084, 4.700335502624512, 4.736718654632568, 4.773021459579468, 4.809329271316528, 4.81461238861084]},