{"test.json": {"sample_time": [1.0620825290679932, 1.1025104522705078, 1.136681318283081, 1.170785903930664, 1.204728364944458, 1.2387638092041016, 1.2729780673980713, 1.3071279525756836, 1.341196060180664, 1.3751800060272217, 1.4091167449951172, 1.4431815147399902, 1.477189064025879, 1.511091947555542, 1.547900676727295, 1.5825231075286865, 1.6165540218353271, 1.6508166790008545, 1.684905767440796, 1.7189579010009766, 1.7530741691589355, 1.7871730327606201, 1.8211250305175781], "forward_time": [1.0677626132965088, 1.105583906173706, 1.139693260192871, 1.1738066673278809, 1.2077488899230957, 1.241793155670166, 1.2759969234466553, 1.3101434707641602, 1.3442153930664062, 1.3781733512878418, 1.4121453762054443, 1.4461908340454102, 1.4801955223083496, 1.5141165256500244, 1.5511417388916016, 1.5855522155761719, 1.6195616722106934, 1.6538491249084473, 1.6879737377166748, 1.7219820022583008, 1.756089210510254, 1.7901761531829834, 1.8241586685180664], "inference_loss": [2.0, 2.0, 2.0, 2.0, 2.0, 2.0, 2.0, 2.0, 2.0, 2.0, 2.0, 2.0, 2.0, 2.0, 2.0, 2.0, 2.0, 2.0, 2.0, 2.0, 2.0, 2.0, 2.0], "loss": [3.3232169151306152, 2.9557390213012695, 2.164562225341797, 2.030496120452881, 2.010801315307617, 2.003871202468872, 2.003168821334839, 2.0012385845184326, 2.001533031463623, 2.0005106925964355, 2.0005202293395996, 2.000601291656494, 2.000509262084961, 2.0004448890686035, 2.0008254051208496, 2.0005931854248047, 2.000387191772461, 2.000361680984497, 2.000441551208496, 2.0003163814544678, 2.0002455711364746, 2.000204086303711, 2.0002293586730957, 2.0], "time": [1.074596643447876, 1.108597755432129, 1.1426560878753662, 1.176785945892334, 1.210700273513794, 1.244781494140625, 1.2789421081542969, 1.3131418228149414, 1.3471484184265137, 1.381150722503662, 1.4150521755218506, 1.4491124153137207, 1.48313307762146, 1.517068862915039, 1.5543184280395508, 1.5885193347930908, 1.6225214004516602, 1.6568565368652344, 1.6909143924713135, 1.7249786853790283, 1.758984088897705, 1.7931535243988037, 1.8271496295928955, 1.8552498817443848]}, "chess.json": {"sample_time": [1.8243846893310547, 2.130056142807007, 2.2367522716522217, 2.345848798751831, 2.4528121948242188, 2.5617642402648926, 2.6683719158172607, 2.774904489517212, 2.8826215267181396, 2.989150285720825, 3.0956807136535645, 3.2023096084594727, 3.3098561763763428, 3.4163997173309326, 3.523911952972412, 3.6304008960723877, 3.73701810836792, 3.8436169624328613, 3.9512369632720947, 4.059854507446289, 4.166552543640137, 4.273058176040649, 4.379662036895752, 4.487176418304443, 4.595654010772705, 4.701966762542725, 4.8083555698394775, 4.914908170700073, 5.021495580673218, 5.128072500228882], "forward_time": [2.0506772994995117, 2.1542084217071533, 2.261478900909424, 2.370469093322754, 2.478965997695923, 2.5863289833068848, 2.6929049491882324, 2.7995810508728027, 2.9073445796966553, 3.013754367828369, 3.120298147201538, 3.226898670196533, 3.33450984954834, 3.4409732818603516, 3.5484259128570557, 3.65498948097229, 3.761622667312622, 3.8682961463928223, 3.9779052734375, 4.084568023681641, 4.191130638122559, 4.297618389129639, 4.404253721237183, 4.513295888900757, 4.620149850845337, 4.726529121398926, 4.832931756973267, 4.939674615859985, 5.046188116073608, 5.152579069137573], "inference_loss": [73.0, 60.0, 41.0, 37.0, 25.0, 19.0, 16.0, 13.0, 11.0, 10.0, 10.0, 10.0, 10.0, 10.0, 10.0, 10.0, 10.0, 10.0, 10.0, 10.0, 10.0, 10.0, 10.0, 10.0, 10.0, 10.0, 10.0, 10.0, 10.0, 10.0], "loss": [74.1109848022461, 73.98422241210938, 66.81619262695312, 51.39878845214844, 35.98253631591797, 25.178897857666016, 21.001895904541016, 16.1601619720459, 14.008720397949219, 12.58957290649414, 11.886944770812988, 11.6156005859375, 11.553298950195312, 11.458338737487793, 11.353151321411133, 11.381422996520996, 11.250457763671875, 11.191473960876465, 11.192985534667969, 11.133350372314453, 11.138675689697266, 11.135872840881348, 11.142921447753906, 11.084529876708984, 11.178892135620117, 11.10074234008789, 11.08140754699707, 11.07297134399414, 11.069762229919434, 11.069657325744629, 10.0], "time": [2.109595775604248, 2.2166194915771484, 2.323796033859253, 2.4327244758605957, 2.541912794113159, 2.648566722869873, 2.7552170753479004, 2.862792491912842, 2.9694631099700928, 3.076030731201172, 3.182603359222412, 3.290193796157837, 3.3966617584228516, 3.5042247772216797, 3.6107177734375, 3.7172975540161133, 3.8239212036132812, 3.9315223693847656, 4.04009747505188, 4.14687180519104, 4.253407001495361, 4.359888553619385, 4.467470169067383, 4.5760276317596436, 4.682390213012695, 4.788787126541138, 4.895221710205078, 5.001830816268921, 5.10834527015686, 5.214842081069946, 5.234532117843628]}, "mushroom.json": {"sample_time": [3.3647587299346924, 3.880190134048462, 3.9163947105407715, 3.952655553817749, 3.9890730381011963, 4.0254762172698975, 4.061936140060425, 4.097993612289429, 4.134232521057129, 4.170426845550537, 4.206693172454834, 4.242792129516602, 4.278914213180542, 4.3151161670684814, 4.351238012313843, 4.387319326400757, 4.423449516296387, 4.459753751754761, 4.495824098587036, 4.53198504447937, 4.568146705627441, 4.604403734207153, 4.640487909317017, 4.676519155502319, 4.712903022766113, 4.749099969863892, 4.785334587097168, 4.821453094482422, 4.8575098514556885, 4.893608808517456, 4.931095838546753, 4.967308521270752, 5.0034074783325195, 5.039534091949463], "forward_time": [3.8495452404022217, 3.88655686378479, 3.9227051734924316, 3.958974838256836, 3.9954001903533936, 4.031779050827026, 4.068251132965088, 4.104305028915405, 4.14054799079895, 4.1767401695251465, 4.212967157363892, 4.249104261398315, 4.285204887390137, 4.3214545249938965, 4.357524156570435, 4.393651485443115, 4.429794073104858, 4.466063737869263, 4.50209903717041, 4.538288593292236, 4.5744712352752686, 4.610690593719482, 4.646767616271973, 4.682843923568726, 4.7192018032073975, 4.755455732345581, 4.791627883911133, 4.827753782272339, 4.863825082778931, 4.899903774261475, 4.937387704849243, 4.973629713058472, 5.009719133377075, 5.045840263366699], "inference_loss": [119.0, 108.0, 102.0, 88.0, 81.0, 64.0, 53.0, 41.0, 31.0, 30.0, 30.0, 30.0, 30.0, 29.0, 29.0, 29.0, 29.0, 29.0, 29.0, 29.0, 29.0, 29.0, 29.0, 29.0, 29.0, 29.0, 29.0, 29.0, 29.0, 29.0, 29.0, 29.0, 29.0, 29.0], "loss": [117.46856689453125, 116.68406677246094, 112.21964263916016, 99.17500305175781, 85.27056884765625, 69.0513687133789, 56.01307678222656, 42.12224197387695, 33.21519470214844, 30.85959243774414, 30.0740909576416, 30.039569854736328, 29.98539161682129, 29.22760581970215, 29.94382095336914, 29.137968063354492, 29.022136688232422, 29.082027435302734, 29.11098861694336, 29.037261962890625, 29.01831817626953, 29.01049041748047, 29.007808685302734, 29.013629913330078, 29.03866195678711, 29.005878448486328, 29.034835815429688, 29.003280639648438, 29.004671096801758, 29.010765075683594, 29.019609451293945, 29.002819061279297, 29.010456085205078, 29.00442123413086, 29.0], "time": [3.8748207092285156, 3.9111249446868896, 3.947385549545288, 3.9837148189544678, 4.02018666267395, 4.0563507080078125, 4.092784643173218, 4.129042625427246, 4.165211915969849, 4.201492071151733, 4.2375428676605225, 4.273699760437012, 4.309876203536987, 4.345969915390015, 4.382063388824463, 4.418224811553955, 4.45454478263855, 4.490577697753906, 4.526752710342407, 4.562894582748413, 4.599177598953247, 4.635259628295898, 4.671324014663696, 4.707683801651001, 4.743824005126953, 4.780125379562378, 4.816213607788086, 4.852313041687012, 4.888407468795776, 4.924635410308838, 4.962125539779663, 4.998185873031616, 5.034308671951294, 5.070369243621826, 5.075659990310669]},