{"bert.json": {"sample_time": [1.5349845886230469, 2.171503782272339, 2.4175543785095215, 2.672900915145874, 2.9922831058502197, 3.2339282035827637, 3.500030994415283, 3.7341034412384033, 4.170494556427002, 4.537781715393066, 5.336199760437012, 5.684020042419434, 5.9131927490234375, 6.319986581802368, 6.8896706104278564, 7.098902225494385, 7.313941717147827, 7.571165084838867, 7.901258707046509, 8.189018964767456, 8.476718187332153, 8.753154516220093, 9.047254085540771, 9.327622890472412, 9.608259201049805, 9.939247369766235, 10.21806788444519, 10.495210409164429, 11.071225643157959, 14.035900592803955, 14.224946975708008, 14.398483276367188, 14.84356164932251, 15.198264360427856, 15.4704110622406, 15.742456436157227, 15.912840843200684], "forward_time": [2.024998188018799, 2.252796173095703, 2.5062057971954346, 2.796999931335449, 3.071733236312866, 3.32586932182312, 3.57433819770813, 3.8622665405273438, 4.25167989730835, 4.686659336090088, 5.420692205429077, 5.761655807495117, 6.091354608535767, 6.407083988189697, 6.959381103515625, 7.175077676773071, 7.381152153015137, 7.649928331375122, 7.967590570449829, 8.259130954742432, 8.585261344909668, 8.824159622192383, 9.113374471664429, 9.397548913955688, 9.680137395858765, 10.01126742362976, 10.33427906036377, 10.604940414428711, 11.446730375289917, 14.115943908691406, 14.290437698364258, 14.466143369674683, 14.910808563232422, 15.26189923286438, 15.536617994308472, 15.806127309799194, 15.981023788452148], "inference_loss": [90026.6875, 30010.8828125, 20008.990234375, 30004.4765625, 3.531167984008789, 2.1103601455688477, 20001.373046875, 20001.21484375, 20000.927734375, 20000.919921875, 20000.859375, 20000.82421875, 20000.80859375, 1.3772289752960205, 1.3772289752960205, 1.3771809339523315, 0.892922043800354, 0.8247040510177612, 0.8247040510177612, 0.8247040510177612, 0.8247040510177612, 0.8247040510177612, 0.8247040510177612, 0.8247040510177612, 0.8247040510177612, 0.8247040510177612, 0.8247040510177612, 0.8247040510177612, 0.8247040510177612, 0.8247040510177612, 0.8247040510177612, 0.8247040510177612, 0.8247040510177612, 0.8247040510177612, 0.8247040510177612, 0.8247040510177612, 0.8247040510177612], "loss": [29.149301528930664, 28.331241607666016, 13.077313423156738, 9.517271995544434, 4.680136680603027, 2.920623302459717, 2.093299388885498, 2.143887758255005, 2.281271457672119, 2.6805949211120605, 4.034061431884766, 6.309700965881348, 11.39202880859375, 10.699405670166016, 7.232933521270752, 3.1752729415893555, 1.7168469429016113, 1.5325011014938354, 1.3115969896316528, 1.257585048675537, 1.2015846967697144, 1.1774790287017822, 1.1695657968521118, 1.1484603881835938, 1.1340447664260864, 1.1354517936706543, 1.1427644491195679, 1.1304991245269775, 1.0801584720611572, 1.0661916732788086, 1.0312384366989136, 1.046809434890747, 1.0405640602111816, 1.0342551469802856, 1.0335487127304077, 1.0369908809661865, 1.0271046161651611, 0.8247040510177612], "time": [2.137782096862793, 2.3903677463531494, 2.650094985961914, 2.969160318374634, 3.209846258163452, 3.476266860961914, 3.7103946208953857, 4.142035484313965, 4.50976037979126, 5.307883977890015, 5.662071466445923, 5.894359827041626, 6.298214912414551, 6.866203546524048, 7.072216987609863, 7.290935516357422, 7.548345327377319, 7.878373861312866, 8.166045665740967, 8.45400333404541, 8.731739521026611, 9.025932550430298, 9.306432008743286, 9.586876392364502, 9.917898416519165, 10.19670557975769, 10.47368311882019, 11.049805641174316, 14.014452457427979, 14.203598499298096, 14.3769850730896, 14.822273015975952, 15.177103757858276, 15.449115753173828, 15.721165418624878, 15.891353130340576, 16.067819118499756, 16.089269876480103]}, "nasneta.json": {"sample_time": [2.7524051666259766, 3.508714437484741, 3.823779344558716, 4.3866493701934814, 4.991052865982056, 5.598572492599487, 6.207716226577759, 6.817487478256226, 7.4384925365448, 8.067360639572144, 8.702813148498535, 9.322276830673218, 9.949479579925537, 10.567516088485718, 11.195608854293823, 11.84059762954712, 12.470988988876343, 13.095110177993774, 13.719099044799805, 14.338757038116455, 14.975486993789673, 15.599494457244873, 16.227428197860718, 16.859057664871216, 17.482070922851562, 18.151867389678955, 18.730034589767456, 19.364434719085693, 19.992537021636963, 20.622498035430908, 21.2477285861969, 21.866199254989624, 22.49441909790039, 23.120700120925903, 23.750938653945923, 24.38001275062561, 25.003043174743652, 25.626280546188354, 26.2509708404541, 26.87967300415039, 27.49919319152832, 28.12979292869568, 28.762951850891113, 29.395339250564575, 30.020393133163452, 30.642296075820923, 31.269261121749878, 31.899736166000366, 32.52689027786255, 33.14775991439819, 33.77498006820679, 34.40234971046448, 35.03537082672119, 35.654141902923584], "forward_time": [3.3110945224761963, 3.589115858078003, 3.9063189029693604, 4.466888427734375, 5.076149940490723, 5.6819024085998535, 6.295447111129761, 6.899427175521851, 7.516641139984131, 8.145451068878174, 8.783655166625977, 9.403861045837402, 10.029951810836792, 10.645301103591919, 11.272684574127197, 11.918137311935425, 12.549161195755005, 13.175283670425415, 13.797080039978027, 14.418039083480835, 15.05581545829773, 15.677943229675293, 16.307773113250732, 16.934135675430298, 17.56314730644226, 18.229975938796997, 18.808868408203125, 19.441373825073242, 20.071626663208008, 20.703864574432373, 21.326261043548584, 21.943339586257935, 22.57569694519043, 23.199785232543945, 23.828872442245483, 24.455429077148438, 25.085603952407837, 25.702887535095215, 26.333652019500732, 26.95620822906494, 27.57947087287903, 28.20417618751526, 28.840983152389526, 29.474414348602295, 30.098853588104248, 30.71997857093811, 31.34776473045349, 31.97698950767517, 32.6082820892334, 33.22545528411865, 33.85209083557129, 34.479276180267334, 35.113858222961426, 35.732216119766235], "inference_loss": [75.49617004394531, 40.627017974853516, 35.828243255615234, 31.147483825683594, 19.56374740600586, 17.9080867767334, 13.947983741760254, 13.309762954711914, 12.78061294555664, 12.527975082397461, 12.07891845703125, 12.024970054626465, 11.949577331542969, 11.949577331542969, 11.847145080566406, 11.850249290466309, 11.848588943481445, 11.850249290466309, 11.850249290466309, 11.850314140319824, 11.772424697875977, 11.848806381225586, 11.850249290466309, 12.03992748260498, 11.85168743133545, 11.928068161010742, 11.923138618469238, 12.002400398254395, 11.951238632202148, 11.951237678527832, 11.952741622924805, 11.802574157714844, 11.88327407836914, 11.724750518798828, 11.79914665222168, 11.802568435668945, 11.802568435668945, 11.850308418273926, 11.876965522766113, 11.87696647644043, 11.799147605895996, 11.799365043640137, 11.797703742980957, 11.771047592163086, 11.802568435668945, 11.696649551391602, 11.696649551391602, 11.694989204406738, 11.723306655883789, 11.696649551391602, 11.823783874511719, 11.823783874511719, 11.723173141479492, 11.723173141479492],