{"bert.json": {"sample_time": [0.7677092552185059, 1.2277865409851074, 1.4748256206512451, 1.7487590312957764, 2.049724817276001, 2.3010776042938232, 2.584584951400757, 2.8466296195983887, 3.5850093364715576, 4.480484247207642, 5.174322605133057, 5.4718546867370605, 5.780614852905273, 5.997146368026733, 6.21033787727356, 6.888487815856934, 7.116405963897705, 7.316997766494751, 7.574427366256714, 7.772920608520508, 7.976385116577148, 8.177046060562134, 8.67653489112854, 8.931415796279907, 9.193042039871216, 9.467455625534058, 9.741538763046265, 10.009944438934326, 10.1928129196167, 10.375367164611816, 10.55781364440918, 10.82197904586792, 11.089651823043823, 11.357600927352905, 11.629314184188843, 11.901313066482544, 12.17320704460144, 12.44507884979248, 12.708699226379395, 12.984862089157104, 13.256976127624512, 13.521688222885132], "forward_time": [1.0975818634033203, 1.3109405040740967, 1.567260980606079, 1.857738733291626, 2.1361141204833984, 2.406080722808838, 2.6706364154815674, 3.1652257442474365, 3.7198188304901123, 4.576034069061279, 5.2961506843566895, 5.584488868713379, 5.865218162536621, 6.075315237045288, 6.283164739608765, 6.961634397506714, 7.189126968383789, 7.389090538024902, 7.645102500915527, 7.848736047744751, 8.048724889755249, 8.24832797050476, 8.74873948097229, 9.008021831512451, 9.264302253723145, 9.539941310882568, 9.815739154815674, 10.081268310546875, 10.265607357025146, 10.448006391525269, 10.628175973892212, 10.894747018814087, 11.161930799484253, 11.429869174957275, 11.701748609542847, 11.97345519065857, 12.244152069091797, 12.515715599060059, 12.78097128868103, 13.056923151016235, 13.328325271606445, 13.592240810394287], "inference_loss": [0.8247040510177612, 180006.875, 110006.90625, 140003.265625, 120001.625, 140001.609375, 120001.3828125, 110001.1171875, 110000.78125, 130000.796875, 30003.025390625, 10004.1337890625, 3.4046521186828613, 2.268054962158203, 2.197906970977783, 2.197986125946045, 1.9570330381393433, 1.9421089887619019, 1.9358290433883667, 1.9358290433883667, 1.9358291625976562, 1.4750280380249023, 1.4601041078567505, 1.4750280380249023, 1.4750280380249023, 1.4750280380249023, 1.4750280380249023, 1.4537321329116821, 1.4537321329116821, 1.4537321329116821, 1.4537321329116821, 1.4537320137023926, 1.4537320137023926, 1.4537320137023926, 1.4537320137023926, 1.4388079643249512, 1.4537320137023926, 1.4537320137023926, 1.4730039834976196, 1.4537320137023926, 1.4537320137023926, 1.4046990871429443], "loss": [24.878433227539062, 20.847087860107422, 10.95431900024414, 9.87609577178955, 6.123937129974365, 5.220975399017334, 5.6225199699401855, 7.663212776184082, 12.366637229919434, 20.616008758544922, 167.0365753173828, 103.00801086425781, 8.599446296691895, 3.765819787979126, 3.1345720291137695, 3.030086040496826, 2.6674091815948486, 2.609771966934204, 2.5958645343780518, 2.5389606952667236, 2.44578218460083, 2.5098109245300293, 2.2999162673950195, 2.3038125038146973, 2.3180294036865234, 2.2234930992126465, 2.264960765838623, 2.172743797302246, 2.2564587593078613, 2.147249460220337, 2.183215856552124, 2.0947704315185547, 2.180633068084717, 2.118990898132324, 2.043182373046875, 2.0575098991394043, 1.9556751251220703, 2.027560234069824, 1.9536182880401611, 1.9901520013809204, 1.9631798267364502, 2.032426357269287, 1.4046990871429443], "time": [1.1907899379730225, 1.4457049369812012, 1.7138245105743408, 2.0189623832702637, 2.266080141067505, 2.5511527061462402, 2.8149638175964355, 3.553553342819214, 4.448861837387085, 5.139903783798218, 5.444908380508423, 5.7510881423950195, 5.970699310302734, 6.1839423179626465, 6.8622145652771, 7.089963436126709, 7.290645122528076, 7.547920227050781, 7.746452331542969, 7.950116395950317, 8.150753259658813, 8.650476694107056, 8.905155897140503, 9.166617393493652, 9.44079065322876, 9.71485447883606, 9.983643293380737, 10.166477918624878, 10.349122285842896, 10.531858444213867, 10.79554796218872, 11.063369035720825, 11.331173419952393, 11.603071689605713, 11.875076293945312, 12.14703106880188, 12.41896653175354, 12.682543516159058, 12.958781242370605, 13.230751752853394, 13.495438575744629, 13.768455982208252, 13.794833898544312]}, "nasneta.json": {"sample_time": [3.0203776359558105, 3.724559783935547, 4.031642198562622, 4.341398239135742, 5.207274436950684, 5.819199562072754, 6.423099517822266, 6.742213726043701, 7.06001091003418, 7.6325154304504395, 8.253142595291138, 8.867520332336426, 9.490442037582397, 10.096285343170166, 10.715062856674194, 11.326573371887207, 11.942287683486938, 12.567317008972168, 13.184707641601562, 13.801313877105713, 14.418896436691284, 15.04074764251709, 15.663742542266846, 16.275193214416504, 16.895012378692627, 17.506237745285034, 18.133435249328613, 18.756267070770264, 19.378336429595947, 19.995840787887573, 20.612520694732666, 21.235534191131592, 21.84981107711792, 22.47080969810486, 23.096444368362427, 23.713412046432495, 24.34037947654724, 24.964506149291992, 25.585002183914185, 26.20271396636963, 26.822779655456543, 27.43818974494934, 28.05669116973877], "forward_time": [3.5230743885040283, 3.806140184402466, 4.116808652877808, 4.427530765533447, 5.288696765899658, 5.90177845954895, 6.511172533035278, 6.828253507614136, 7.144731760025024, 7.7156593799591064, 8.335657119750977, 8.949752807617188, 9.575813293457031, 10.182721138000488, 10.798013687133789, 11.408982038497925, 12.028116941452026, 12.650890588760376, 13.270320892333984, 13.882267236709595, 14.504586935043335, 15.125357627868652, 15.752372980117798, 16.355650424957275, 16.97734022140503, 17.58770203590393, 18.216270685195923, 18.83967638015747, 19.459354400634766, 20.08206033706665, 20.696034908294678, 21.31610608100891, 21.931560516357422, 22.553407192230225, 23.177821397781372, 23.79435443878174, 24.425971508026123, 25.049415588378906, 25.665545225143433, 26.285632610321045, 26.9074649810791, 27.521896600723267, 28.142970323562622], "inference_loss": [16.398670196533203, 98.93507385253906, 38.617820739746094, 29.658466339111328, 24.15719223022461, 17.82434844970703, 16.27416229248047, 13.22985553741455, 12.90579605102539, 12.683768272399902, 12.34875202178955, 12.41569709777832, 12.308320045471191, 12.382989883422852, 12.301273345947266, 12.226876258850098, 12.198750495910645, 12.20021915435791, 12.225406646728516, 12.29814338684082, 12.265161514282227, 12.190398216247559, 12.102046966552734, 12.206695556640625, 12.209856033325195, 12.103708267211914, 12.1497220993042, 12.153213500976562, 12.229544639587402, 12.25753116607666, 12.25753116607666, 12.232644081115723, 12.182807922363281, 12.25753116607666, 12.103708267211914, 12.075389862060547, 12.075389862060547, 12.075389862060547, 12.075389862060547, 12.075389862060547, 12.073758125305176, 12.102076530456543, 12.103708267211914], "loss": [78.96478271484375, 75.97872161865234, 44.09864807128906, 34.21253204345703, 28.739761352539062, 23.955890655517578, 19.17845916748047, 15.605729103088379, 13.541511535644531, 12.56114387512207, 12.10226058959961, 12.158937454223633, 12.188161849975586, 11.968084335327148, 12.024375915527344, 11.962574005126953, 11.977209091186523, 11.9753999710083, 11.820381164550781, 11.802982330322266, 11.863175392150879, 11.818066596984863, 11.782875061035156, 11.7280855178833, 11.876142501831055, 11.693805694580078, 11.84607982635498, 11.648950576782227, 11.602814674377441, 11.709205627441406, 11.70376968383789, 11.797289848327637, 11.782678604125977, 11.567037582397461, 11.78055191040039, 11.638205528259277, 11.700159072875977, 11.6607666015625, 11.748437881469727, 11.69196605682373, 11.620319366455078, 11.863260269165039, 11.680984497070312, 12.103708267211914],