{"bert.json": {"sample_time": [0.6656253337860107, 1.2347865104675293, 1.4781413078308105, 1.7425928115844727, 2.025728464126587, 2.570190906524658, 2.93031907081604, 3.4288408756256104, 3.9534003734588623, 4.902754545211792, 5.160776615142822, 5.4538893699646, 5.866981506347656, 6.163214206695557, 6.611518621444702, 7.1489644050598145, 7.359162092208862, 7.590631484985352, 7.826753377914429, 8.192445039749146, 8.39887523651123, 8.654880046844482, 8.875555753707886, 9.11335802078247, 9.344188213348389, 9.656115293502808, 9.939825057983398, 10.218949556350708, 10.535269737243652, 10.825403928756714, 11.135205745697021, 11.41167140007019, 11.706652402877808], "forward_time": [1.0645637512207031, 1.3184447288513184, 1.5714988708496094, 1.84519362449646, 2.2756729125976562, 2.6951441764831543, 3.023282051086426, 3.551069736480713, 4.153167009353638, 4.997055530548096, 5.235024452209473, 5.549883127212524, 5.978069543838501, 6.242161989212036, 6.691556215286255, 7.221677541732788, 7.445389986038208, 7.675184011459351, 7.901127338409424, 8.265455961227417, 8.50089144706726, 8.73468279838562, 8.962675333023071, 9.18560004234314, 9.427730560302734, 9.730261087417603, 10.009941101074219, 10.290167331695557, 10.631028175354004, 10.899452924728394, 11.211869478225708, 11.489356994628906, 11.781185626983643], "inference_loss": [0.8247040510177612, 90011.8515625, 70008.578125, 60008.68359375, 110003.6484375, 70003.5, 70002.546875, 20003.67578125, 20002.8046875, 2.4896109104156494, 0.9610949754714966, 0.9610949754714966, 0.8588130474090576, 0.8247040510177612, 0.8247040510177612, 0.8247040510177612, 0.8247040510177612, 0.8247040510177612, 0.8247040510177612, 0.8247040510177612, 0.8247040510177612, 0.8247040510177612, 0.8247040510177612, 0.8247040510177612, 0.8247040510177612, 0.8247040510177612, 0.8247040510177612, 0.8247040510177612, 0.8247040510177612, 0.8247040510177612, 0.8247040510177612, 0.8247040510177612, 0.8247040510177612], "loss": [24.95376205444336, 28.749908447265625, 16.022926330566406, 13.941110610961914, 12.73286247253418, 9.57258415222168, 9.26165771484375, 9.657182693481445, 10.168318748474121, 7.188981056213379, 5.335073947906494, 4.169309616088867, 3.4600582122802734, 2.746873378753662, 2.5714616775512695, 2.479983329772949, 2.3798179626464844, 1.92581307888031, 1.6054878234863281, 1.5301629304885864, 1.4053610563278198, 1.3597716093063354, 1.319889783859253, 1.3112595081329346, 1.3210004568099976, 1.3080739974975586, 1.267606496810913, 1.3058992624282837, 1.2951576709747314, 1.3016045093536377, 1.2198683023452759, 1.1819863319396973, 1.1794623136520386, 0.8247040510177612], "time": [1.1975860595703125, 1.4484150409698486, 1.7133855819702148, 1.998375415802002, 2.545978546142578, 2.906071186065674, 3.4027817249298096, 3.9307475090026855, 4.880293607711792, 5.130575180053711, 5.425641298294067, 5.839973449707031, 6.1366729736328125, 6.584937810897827, 7.122741460800171, 7.332669496536255, 7.563943386077881, 7.800458908081055, 8.165884256362915, 8.372850179672241, 8.628340005874634, 8.849097728729248, 9.08681845664978, 9.317781686782837, 9.629816055297852, 9.91349482536316, 10.192891597747803, 10.5090491771698, 10.79905652999878, 11.11319613456726, 11.389517545700073, 11.684524774551392, 11.969245433807373, 11.991201639175415]}, "nasneta.json": {"sample_time": [2.9077041149139404, 3.6093924045562744, 3.916775941848755, 4.22899603843689, 5.086883068084717, 5.690912246704102, 6.299818515777588, 6.618879318237305, 6.946433067321777, 7.524492979049683, 8.14629602432251, 8.767244577407837, 9.397319078445435, 10.023316144943237, 10.647573709487915, 11.266047477722168, 11.888993263244629, 12.511655569076538, 13.149307012557983, 13.774205446243286, 14.400434255599976, 15.023245573043823, 15.651445865631104, 16.291282892227173, 16.91722011566162, 17.5402569770813, 18.170347213745117, 18.79102873802185, 19.42258858680725, 20.04117751121521, 20.6703200340271, 21.28589916229248, 21.916176319122314], "forward_time": [3.408998966217041, 3.6919021606445312, 4.000436067581177, 4.314899921417236, 5.170610666275024, 5.775290012359619, 6.384036540985107, 6.704447031021118, 7.030736446380615, 7.607084512710571, 8.22803807258606, 8.84908652305603, 9.485658884048462, 10.104668378829956, 10.738164901733398, 11.348649024963379, 11.971642255783081, 12.594200849533081, 13.232837438583374, 13.862234592437744, 14.48296308517456, 15.104764699935913, 15.738606929779053, 16.373597383499146, 16.998032808303833, 17.621153354644775, 18.250683069229126, 18.87291693687439, 19.50799036026001, 20.12235450744629, 20.754170894622803, 21.36868643760681, 22.149503707885742], "inference_loss": [16.398670196533203, 40.349853515625, 35.256935119628906, 26.36567497253418, 18.997150421142578, 14.96633529663086, 15.350666046142578, 12.664226531982422, 12.213394165039062, 12.301539421081543, 12.467599868774414, 12.335643768310547, 11.96046257019043, 11.881199836730957, 11.95553207397461, 11.912354469299316, 12.01193618774414, 11.925687789916992, 11.954071044921875, 12.04461669921875, 11.986886978149414, 11.989850997924805, 11.988189697265625, 12.120450973510742, 12.098607063293457, 12.062586784362793, 12.059623718261719, 11.958351135253906, 11.988329887390137, 11.92885684967041, 11.928855895996094, 11.927413940429688, 11.925752639770508], "loss": [76.6629867553711, 69.22466278076172, 39.76130294799805, 32.78033447265625, 26.72006607055664, 18.87220001220703, 16.36093521118164, 13.469857215881348, 12.43741226196289, 12.240222930908203, 12.223932266235352, 12.184823036193848, 12.114532470703125, 12.052748680114746, 11.971013069152832, 12.008441925048828, 12.032898902893066, 11.891223907470703, 11.953815460205078, 11.935548782348633, 11.905588150024414, 11.819133758544922, 11.837820053100586, 11.842018127441406, 11.77914047241211, 11.826120376586914, 11.84783935546875, 11.727569580078125, 11.794378280639648, 11.651735305786133, 11.800973892211914, 11.698131561279297, 11.7076416015625, 11.927413940429688], "time": [3.5625996589660645, 3.8690240383148193, 4.179158449172974, 5.035090446472168, 5.639009714126587, 6.250400066375732, 6.5626139640808105, 6.890674114227295, 7.470412015914917, 8.092278242111206, 8.714200735092163, 9.342221736907959, 9.970537900924683, 10.592304468154907, 11.212056875228882, 11.836084127426147, 12.458881855010986, 13.096493244171143, 13.721468687057495, 14.347660779953003, 14.971579551696777, 15.598656177520752, 16.238412618637085, 16.864430904388428, 17.487335681915283, 18.117594242095947, 18.738264560699463, 19.369616746902466, 19.9894437789917, 20.61864471435547, 21.2341890335083, 21.86442732810974, 22.49565815925598, 22.54850482940674]}, "nasrnn.json": {"sample_time": [5.438670635223389, 6.889595031738281, 7.990482568740845, 9.091042041778564, 10.191141843795776, 11.293862104415894, 12.395929336547852, 13.50072693824768, 14.599170207977295, 15.702865600585938, 16.808473110198975, 17.913537740707397, 19.019222259521484, 20.12416696548462, 21.230942726135254, 22.335087299346924, 23.436169385910034, 24.537959098815918, 25.64172911643982, 26.7445228099823, 27.84878158569336, 28.952468633651733, 30.0551860332489, 31.1576247215271, 32.26293611526489, 33.36542534828186, 34.468669176101685, 35.51490330696106, 36.556516885757446, 37.59665036201477, 38.63843870162964, 39.68152976036072, 40.725287675857544, 41.76759123802185, 42.81115746498108],