{"bert.json": {"sample_time": [1.939537525177002, 2.7528624534606934, 3.039536237716675, 3.413989782333374, 3.749598979949951, 4.06524395942688, 4.378812074661255, 4.722790718078613, 5.2724761962890625, 8.311319351196289, 9.137345552444458, 10.473291397094727, 11.046245098114014, 11.550072431564331, 11.7904634475708, 12.117430686950684, 12.41494107246399, 12.68826413154602, 12.956676006317139, 13.193000078201294, 13.495298147201538, 13.7294282913208, 14.034029722213745, 14.285574674606323, 14.553197622299194, 14.822113752365112, 15.042728900909424, 15.361685752868652, 15.581182956695557, 15.898406505584717, 16.166653156280518, 16.432972192764282, 16.703115940093994, 16.924477338790894, 17.242003202438354, 17.509729385375977, 17.7776620388031, 18.045018434524536, 18.267004251480103, 18.58082866668701, 18.850906133651733], "forward_time": [2.6163899898529053, 2.8700621128082275, 3.210824489593506, 3.552042007446289, 3.880295515060425, 4.198545217514038, 4.527822971343994, 4.892683267593384, 5.638638496398926, 8.480574369430542, 9.337399959564209, 10.77071475982666, 11.193418264389038, 11.656129598617554, 11.891061782836914, 12.219161748886108, 12.51638126373291, 12.790050983428955, 13.058290958404541, 13.29325270652771, 13.594517230987549, 13.828779458999634, 14.135400772094727, 14.389613628387451, 14.652263641357422, 14.9229576587677, 15.142636775970459, 15.460648775100708, 15.682246685028076, 15.999052047729492, 16.266429662704468, 16.532130479812622, 16.80192804336548, 17.023824453353882, 17.342405080795288, 17.610546350479126, 17.878326654434204, 18.1438889503479, 18.36628770828247, 18.68074655532837, 18.95075559616089], "inference_loss": [0.8247040510177612, 130008.796875, 90005.9921875, 140002.8125, 140002.09375, 130002.5390625, 130001.4375, 130001.140625, 100000.859375, 110001.0703125, 110000.796875, 50001.91796875, 5.479968070983887, 3.8029870986938477, 2.698312997817993, 2.698312997817993, 2.698312997817993, 2.3162198066711426, 2.3162198066711426, 2.316311836242676, 1.763974905014038, 1.763974905014038, 1.763974905014038, 1.763974905014038, 1.763974905014038, 1.763974905014038, 1.763974905014038, 1.763974905014038, 1.763974905014038, 1.763974905014038, 1.763974905014038, 1.763974905014038, 1.763974905014038, 1.763974905014038, 1.763974905014038, 1.763974905014038, 1.763974905014038, 1.763974905014038, 1.763974905014038, 2.731506824493408, 2.731506824493408], "loss": [25.902545928955078, 23.649263381958008, 11.881092071533203, 10.585063934326172, 7.65611457824707, 5.0844197273254395, 4.729549407958984, 5.863243579864502, 8.77490234375, 13.576604843139648, 25.597257614135742, 95.3604736328125, 87.17412567138672, 5.584496974945068, 4.055658340454102, 4.03812837600708, 3.716120481491089, 3.527594566345215, 3.3902692794799805, 3.1328747272491455, 3.0384116172790527, 2.8867316246032715, 2.7445764541625977, 2.8843584060668945, 2.860046148300171, 2.8705010414123535, 2.701714515686035, 2.681942939758301, 2.6416187286376953, 2.7179906368255615, 2.69844913482666, 2.745603084564209, 2.6439664363861084, 2.6506428718566895, 2.708435535430908, 2.5901222229003906, 2.5829532146453857, 2.5204551219940186, 2.484416961669922, 2.5473098754882812, 2.5285558700561523, 2.7166748046875], "time": [2.716001033782959, 3.0015742778778076, 3.3828542232513428, 3.7104640007019043, 4.0310869216918945, 4.346648693084717, 4.690716505050659, 5.241061449050903, 8.27980375289917, 9.105527400970459, 10.438974380493164, 11.007843017578125, 11.518792390823364, 11.76282262802124, 12.090238332748413, 12.387381792068481, 12.660679817199707, 12.92931056022644, 13.165704011917114, 13.467986345291138, 13.702313423156738, 14.00682020187378, 14.25823450088501, 14.526017189025879, 14.794873237609863, 15.015540599822998, 15.334717273712158, 15.553257703781128, 15.871422529220581, 16.139244318008423, 16.406009912490845, 16.675883769989014, 16.89754009246826, 17.214715242385864, 17.4824857711792, 17.75033664703369, 18.018122911453247, 18.23974847793579, 18.55369997024536, 18.823622703552246, 19.045335054397583, 19.11342144012451]}, "nasrnn.json": {"sample_time": [11.310011386871338, 13.170452356338501, 14.756436586380005, 15.916762828826904, 17.08511209487915, 18.252797842025757, 19.419411659240723, 20.585699796676636, 21.749672412872314, 22.920793771743774, 24.0881130695343, 25.255067110061646, 26.424362421035767, 27.592266082763672, 28.759765148162842, 29.923519611358643, 31.087787866592407, 32.25105547904968, 33.41705131530762, 34.581918478012085, 35.74705624580383, 36.914995193481445, 38.08030986785889, 39.18790578842163, 40.281941413879395, 41.7794144153595, 43.2546591758728, 44.730218172073364, 46.206653356552124, 47.68380618095398, 49.159340381622314, 50.63693618774414, 52.11515545845032], "forward_time": [13.00075101852417, 14.125494718551636, 15.703030109405518, 16.86998987197876, 18.037335634231567, 19.205496072769165, 20.371978521347046, 21.53737473487854, 22.703513860702515, 23.873975038528442, 25.040984869003296, 26.20800018310547, 27.377055168151855, 28.545222282409668, 29.712185859680176, 30.87527298927307, 32.039552450180054, 33.202327489852905, 34.368261098861694, 35.533138036727905, 36.70011281967163, 37.86649131774902, 39.0317587852478, 40.12817144393921, 41.22598433494568, 42.72125577926636, 44.19664692878723, 45.672253131866455, 47.148391246795654, 48.62629532814026, 50.1008677482605, 51.579065799713135, 53.05687880516052], "inference_loss": [0.96333909034729, 40001.19140625, 30001.125, 40001.046875, 30000.99609375, 30000.96875, 20000.96875, 20000.9609375, 20000.9609375, 10000.9619140625, 10000.9609375, 10000.9609375, 0.9609619975090027, 0.9580990672111511, 0.9609040021896362, 0.9609040021896362, 0.9581860303878784, 0.9581860303878784, 0.958128035068512, 0.9581279754638672, 0.958128035068512, 0.9581860303878784, 0.9581570625305176, 0.9581860303878784, 0.9581570625305176, 0.9581570029258728, 0.958156943321228, 0.9581570625305176, 0.9581570029258728, 0.9581570029258728, 0.9581570029258728, 0.9581279754638672, 0.9581570029258728], "loss": [1.4810154438018799, 1.3356571197509766, 1.13447904586792, 1.0718823671340942, 1.037522315979004, 0.9897072315216064, 0.9816154837608337, 0.972669780254364, 0.9604747891426086, 0.9623867869377136, 0.9576109647750854, 0.9610257744789124, 0.9550514221191406, 0.9519650340080261, 0.9499235153198242, 0.9500002264976501, 0.9515795111656189, 0.9487853646278381, 0.9489559531211853, 0.9467704892158508, 0.9478259682655334, 0.9495362043380737, 0.9486031532287598, 0.9478998780250549, 0.947942852973938, 0.9471490383148193, 0.9469382166862488, 0.9474555253982544, 0.9484511017799377, 0.9478586912155151, 0.94757080078125, 0.9475793838500977, 0.9469234347343445, 0.9581279754638672], "time": [13.146408796310425, 14.728792428970337, 15.894683361053467, 17.0604407787323, 18.229500770568848, 19.39620018005371, 20.562325716018677, 21.726436376571655, 22.894721269607544, 24.064711570739746, 25.23169207572937, 26.398486137390137, 27.567558526992798, 28.73644733428955, 29.90092444419861, 31.064300775527954, 32.22838282585144, 33.39358568191528, 34.55834770202637, 35.724634885787964, 36.890273571014404, 38.05543828010559, 39.164509296417236, 40.25744843482971, 41.75465798377991, 43.229801416397095, 44.705782651901245, 46.18200206756592, 47.658910036087036, 49.134621143341064, 50.61094331741333, 52.08894991874695, 53.5667040348053, 53.61971688270569]}, "vgg.json": {"sample_time": [0.35275983810424805, 0.7570908069610596, 1.1470568180084229, 1.4593422412872314, 1.7545716762542725, 2.1004579067230225, 2.401563882827759, 2.6997432708740234, 3.472428798675537, 4.275603532791138, 4.589065313339233, 4.974199533462524, 5.828524827957153, 6.2911155223846436, 6.887976884841919, 7.31294584274292, 7.814547061920166, 8.21177339553833, 8.62651014328003, 9.063806295394897, 9.636360883712769, 10.017232656478882, 10.522099018096924, 10.956321954727173, 11.422574996948242, 11.892051696777344, 12.335938215255737, 12.839608192443848, 13.160101890563965],