{"bert.json": {"sample_time": [0.5415067672729492, 1.0699315071105957, 1.3082232475280762, 1.5451850891113281, 1.826423168182373, 2.06133770942688, 2.283874988555908, 2.653909206390381, 3.277432918548584, 3.827824354171753, 4.4874773025512695, 4.895928859710693, 5.599613428115845, 5.822427034378052, 6.150266885757446, 6.722749948501587, 8.247806549072266, 8.822789430618286, 9.034771203994751, 9.766255617141724, 9.961668968200684, 10.156920433044434, 10.347797155380249, 10.546414613723755, 10.739874601364136, 10.930887937545776, 11.127060890197754, 11.369102239608765, 11.644332885742188, 11.912280082702637, 12.184307098388672, 12.456061363220215, 12.728161334991455, 13.00005841255188, 13.270965099334717, 13.540560007095337, 13.811671733856201, 14.082662582397461], "forward_time": [0.9287688732147217, 1.150451421737671, 1.389983892440796, 1.6531038284301758, 1.9030795097351074, 2.1348226070404053, 2.443458080291748, 2.778853178024292, 3.3677849769592285, 4.093847990036011, 4.572965860366821, 5.044491767883301, 5.680569648742676, 5.96156644821167, 6.235263824462891, 7.018514156341553, 8.410929918289185, 8.900460720062256, 9.099177837371826, 9.831644535064697, 10.027688026428223, 10.221115350723267, 10.416218757629395, 10.6104736328125, 10.80544900894165, 11.000171184539795, 11.191383838653564, 11.435228824615479, 11.706931591033936, 11.975682258605957, 12.247585773468018, 12.52392315864563, 12.79211163520813, 13.063706398010254, 13.334742307662964, 13.60442852973938, 13.875811100006104, 14.146570920944214], "inference_loss": [90025.8046875, 10009.6884765625, 10008.4921875, 20004.322265625, 3.8508970737457275, 2.536608934402466, 10001.7724609375, 10001.1923828125, 10000.9091796875, 10000.943359375, 10000.8408203125, 10000.806640625, 10000.806640625, 10000.806640625, 1.384437084197998, 1.2245702743530273, 1.2383912801742554, 0.8066681623458862, 0.8066681623458862, 0.8066681623458862, 0.8066681623458862, 0.8066681623458862, 0.8066681623458862, 0.8066681623458862, 0.8066681623458862, 0.8066681623458862, 0.8066681623458862, 0.8066681623458862, 0.8066681623458862, 0.8066681623458862, 0.8066681623458862, 0.8066681623458862, 0.8066681623458862, 0.8066681623458862, 0.8066681623458862, 0.8066681623458862, 0.8066681623458862, 0.8066681623458862], "loss": [28.525846481323242, 29.07607078552246, 13.549936294555664, 10.568024635314941, 5.669434547424316, 3.492459297180176, 2.308462381362915, 1.9328691959381104, 1.855533242225647, 2.207364559173584, 2.977391242980957, 4.432471752166748, 7.794339656829834, 14.170340538024902, 12.567519187927246, 7.165189266204834, 4.107595443725586, 1.933525800704956, 1.4416509866714478, 1.2064764499664307, 1.1590628623962402, 1.1447697877883911, 1.129859447479248, 1.1021062135696411, 1.0562299489974976, 1.040667176246643, 1.0341421365737915, 1.0268580913543701, 1.0328375101089478, 1.0342073440551758, 1.0202447175979614, 1.0221951007843018, 1.019087791442871, 1.016007423400879, 1.0163061618804932, 1.0243735313415527, 1.017892599105835, 1.0124502182006836, 0.8066681623458862], "time": [1.0390775203704834, 1.281916618347168, 1.5207221508026123, 1.8017857074737549, 2.034027099609375, 2.2568159103393555, 2.6298651695251465, 3.243940591812134, 3.800572633743286, 4.4538514614105225, 4.8627610206604, 5.5662219524383545, 5.798603057861328, 6.126025438308716, 6.698789596557617, 8.222434043884277, 8.795899629592896, 9.007909536361694, 9.739715814590454, 9.935191869735718, 10.130396842956543, 10.321522951126099, 10.520127773284912, 10.713402271270752, 10.904484510421753, 11.10505986213684, 11.347148180007935, 11.622317552566528, 11.890170097351074, 12.162130355834961, 12.434031963348389, 12.706077814102173, 12.97804880142212, 13.249036312103271, 13.518844842910767, 13.789763689041138, 14.060733556747437, 14.331677913665771, 14.353685140609741]}, "nasneta.json": {"sample_time": [2.6902856826782227, 3.439793825149536, 3.7469866275787354, 4.308568477630615, 4.9072747230529785, 5.5269386768341064, 6.1285624504089355, 6.726535797119141, 7.334234237670898, 7.963822603225708, 8.59952688217163, 9.234066009521484, 10.414435863494873, 11.326319932937622, 11.651795148849487, 12.234890937805176, 12.879835844039917, 13.531439542770386, 14.169224262237549, 14.872761964797974, 15.51746392250061, 16.12747859954834, 16.813902616500854, 17.465375900268555, 18.06731414794922, 18.70362663269043, 19.38395047187805, 19.986610889434814, 20.632516860961914, 21.268755435943604, 21.94783663749695, 22.556864261627197], "forward_time": [3.234463691711426, 3.5202696323394775, 3.829631805419922, 4.394740581512451, 4.988353252410889, 5.61007285118103, 6.214899301528931, 6.81510853767395, 7.417446613311768, 8.047026872634888, 8.683505535125732, 9.32081127166748, 10.495748043060303, 11.406837940216064, 11.736639976501465, 12.318027257919312, 12.966508388519287, 13.61594820022583, 14.252593755722046, 14.958226919174194, 15.600999593734741, 16.213805437088013, 16.89600968360901, 17.54629945755005, 18.150627613067627, 18.786080598831177, 19.465970754623413, 20.06900930404663, 20.71786069869995, 21.352543830871582, 22.031441688537598, 22.640270471572876], "inference_loss": [74.35862731933594, 39.21495056152344, 34.49782180786133, 28.022083282470703, 19.407949447631836, 16.843751907348633, 13.563669204711914, 12.233607292175293, 12.10423755645752, 11.822970390319824, 11.741857528686523, 11.588218688964844, 11.588218688964844, 11.68906307220459, 11.543660163879395, 11.545320510864258, 11.641243934631348, 11.645851135253906, 11.633575439453125, 11.529034614562988, 11.504817962646484, 11.503379821777344, 11.630651473999023, 11.551167488098145, 11.577712059020996, 11.576708793640137, 11.550830841064453, 11.630990028381348, 11.625164031982422, 11.577488899230957, 11.570773124694824, 11.503157615661621], "loss": [75.70813751220703, 59.41977310180664, 39.50616455078125, 34.239501953125, 29.79789161682129, 23.172773361206055, 16.093660354614258, 13.81247329711914, 13.163644790649414, 12.276515007019043, 11.984542846679688, 11.694486618041992, 11.627410888671875, 11.580856323242188, 11.428757667541504, 11.498645782470703, 11.501720428466797, 11.46375560760498, 11.312965393066406, 11.261896133422852, 11.323710441589355, 11.284409523010254, 11.395596504211426, 11.292381286621094, 11.329116821289062, 11.382762908935547, 11.421035766601562, 11.3712797164917, 11.220656394958496, 11.238723754882812, 11.330606460571289, 11.265104293823242, 11.551166534423828], "time": [3.3885979652404785, 3.6972858905792236, 4.2530083656311035, 4.8569817543029785, 5.471458673477173, 6.07431173324585, 6.668904781341553, 7.277312994003296, 7.9065022468566895, 8.541103601455688, 9.17644453048706, 10.357057094573975, 11.269245147705078, 11.594957113265991, 12.178104639053345, 12.823063373565674, 13.473251819610596, 14.112061977386475, 14.815869808197021, 15.460853576660156, 16.071194648742676, 16.757057189941406, 17.408522367477417, 18.010314464569092, 18.64797067642212, 19.328710556030273, 19.928498029708862, 20.57552719116211, 21.211119174957275, 21.88867211341858, 22.499985694885254, 23.14707040786743, 23.20392608642578]}, "nasrnn.json": {"sample_time": [5.189312696456909, 6.735744953155518, 7.853984355926514, 8.96259331703186, 10.06977367401123, 11.176625490188599, 12.283465147018433, 13.390568256378174, 14.501888036727905, 15.608747959136963, 16.71614098548889, 17.821603775024414, 18.923936128616333, 20.03018355369568, 21.133174896240234, 22.236912727355957, 23.342196464538574, 24.445449590682983, 25.549471616744995, 26.6530818939209, 27.75750470161438, 28.86342144012451, 29.966509103775024, 31.07202410697937, 32.17644381523132, 33.284560441970825, 34.3895845413208, 35.49882912635803, 36.608020067214966, 37.71478486061096, 38.76520824432373, 39.810821533203125, 40.854750871658325, 41.900054931640625, 42.947476387023926, 43.99366736412048],