{"bert.json": {"sample_time": [1.1598803997039795, 1.9715216159820557, 2.2539761066436768, 2.5372297763824463, 2.8687052726745605, 3.15236496925354, 3.4160351753234863, 3.902510643005371, 4.528879642486572, 5.29777455329895, 5.730801343917847, 7.335373401641846, 7.752054452896118, 8.029057025909424, 8.383816719055176, 8.955098390579224, 9.334543704986572, 10.012674808502197, 10.406822443008423, 11.962018251419067, 12.201915264129639, 12.427486419677734, 13.016519546508789, 13.24465274810791, 13.46600866317749, 13.694971561431885, 13.903127193450928, 14.112258195877075, 14.319404125213623, 14.601839780807495, 14.868569135665894, 15.136407613754272, 15.403125524520874, 15.672271966934204, 15.938896179199219, 16.14458417892456], "forward_time": [1.8152546882629395, 2.087780475616455, 2.3717026710510254, 2.6825201511383057, 2.9804513454437256, 3.2586357593536377, 3.633704900741577, 4.063359260559082, 4.664891242980957, 5.464447498321533, 5.930244445800781, 7.540963888168335, 7.871238708496094, 8.18960452079773, 8.57709288597107, 9.094062805175781, 9.54533076286316, 10.156226396560669, 10.702531099319458, 12.071422338485718, 12.297254800796509, 12.522539615631104, 13.111382722854614, 13.337841510772705, 13.566976070404053, 13.794023752212524, 14.001968145370483, 14.205425024032593, 14.41256046295166, 14.69490361213684, 14.964720726013184, 15.231444597244263, 15.499057292938232, 15.766729354858398, 16.03369641304016, 16.242948055267334], "inference_loss": [90025.8046875, 10009.6884765625, 10008.5029296875, 20004.5625, 3.8616888523101807, 2.287588119506836, 10001.609375, 20000.93359375, 10000.9091796875, 10000.943359375, 10000.8408203125, 10000.806640625, 10000.806640625, 10000.806640625, 1.384437084197998, 1.2299182415008545, 1.2449342012405396, 1.2449342012405396, 1.2300102710723877, 1.2449342012405396, 1.2300102710723877, 1.2300102710723877, 1.2300102710723877, 1.2300102710723877, 1.2449342012405396, 1.2449342012405396, 1.2449342012405396, 1.2449342012405396, 1.2449342012405396, 1.2449342012405396, 1.2449342012405396, 1.2449342012405396, 1.2449342012405396, 1.2449342012405396, 1.2449342012405396, 1.2449342012405396], "loss": [28.525846481323242, 29.10422134399414, 13.541391372680664, 10.555339813232422, 5.636465549468994, 3.4277029037475586, 2.2603049278259277, 1.927865982055664, 1.8254497051239014, 2.1161699295043945, 2.86543607711792, 4.614889621734619, 7.8294806480407715, 14.67619800567627, 6.8544416427612305, 3.6731371879577637, 2.3305132389068604, 1.732814908027649, 1.4348933696746826, 1.1894347667694092, 1.1255066394805908, 1.119678258895874, 1.109818458557129, 1.0914915800094604, 1.0823595523834229, 1.0866323709487915, 1.0745508670806885, 1.0958845615386963, 1.0746687650680542, 1.0749499797821045, 1.1049613952636719, 1.0746079683303833, 1.0747835636138916, 1.0847221612930298, 1.074715256690979, 1.0686448812484741, 1.2449342012405396], "time": [1.9340660572052002, 2.22206711769104, 2.5080783367156982, 2.8395893573760986, 3.1202688217163086, 3.384359121322632, 3.8691489696502686, 4.4910266399383545, 5.259828805923462, 5.6929931640625, 7.297952890396118, 7.714564085006714, 7.991697311401367, 8.349877834320068, 8.925756931304932, 9.305490732192993, 9.983445405960083, 10.37767744064331, 11.935391426086426, 12.17589783668518, 12.401788234710693, 12.9908607006073, 13.21884298324585, 13.440394639968872, 13.669387817382812, 13.877689123153687, 14.086726427078247, 14.293720960617065, 14.576160430908203, 14.84290075302124, 15.11073923110962, 15.377517461776733, 15.64635968208313, 15.913122415542603, 16.119068145751953, 16.329036951065063, 16.39215588569641]}, "nasrnn.json": {"sample_time": [9.909220218658447, 11.821753740310669, 13.439200162887573, 14.60926866531372, 15.78297734260559, 16.958174228668213, 18.137871503829956, 19.314436435699463, 20.491596937179565, 21.665022134780884, 22.837521076202393, 24.012168169021606, 25.187450885772705, 26.358261108398438, 27.530835390090942, 28.703608512878418, 29.87492537498474, 31.047616243362427, 32.22369170188904, 33.399848222732544, 34.57196617126465, 35.74308943748474, 36.913711071014404, 38.083478927612305, 39.2549467086792, 40.4268856048584, 41.59875702857971, 42.772897243499756, 43.943803548812866, 45.11805725097656, 46.29333424568176, 47.46650958061218, 48.64355516433716, 49.8181095123291, 50.99381971359253, 52.16749358177185, 53.33944487571716, 54.510918378829956, 55.6868736743927, 56.863131523132324, 58.03717255592346, 59.21605038642883], "forward_time": [11.589929342269897, 12.777855157852173, 14.388020992279053, 15.56463098526001, 16.738523244857788, 17.91378140449524, 19.09393072128296, 20.269834995269775, 21.446123838424683, 22.618376970291138, 23.790429830551147, 24.966411590576172, 26.14057230949402, 27.312273740768433, 28.484341382980347, 29.656327962875366, 30.82734441757202, 32.00084471702576, 33.17659664154053, 34.353105545043945, 35.52535581588745, 36.69688367843628, 37.866557121276855, 39.037399768829346, 40.20834469795227, 41.38032126426697, 42.551899909973145, 43.72633218765259, 44.89699578285217, 46.07237648963928, 47.24683976173401, 48.4200336933136, 49.59705376625061, 50.77179193496704, 51.94774627685547, 53.12167024612427, 54.293307065963745, 55.465625286102295, 56.640795946121216, 57.816346645355225, 58.99131512641907, 60.16955327987671], "inference_loss": [70001.5234375, 40001.203125, 40001.11328125, 40001.05078125, 40000.94921875, 20000.93359375, 20000.921875, 20000.908203125, 10000.9072265625, 10000.9111328125, 20000.90625, 0.9067320823669434, 0.9049065709114075, 10000.90234375, 10000.904296875, 10000.904296875, 10000.904296875, 10000.904296875, 10000.904296875, 10000.904296875, 0.9153280258178711, 0.9064960479736328, 0.9153571128845215, 0.9153860211372375, 0.9090473651885986, 10000.9072265625, 10000.9072265625, 10000.9033203125, 10000.9033203125, 0.9055297374725342, 0.9055588245391846, 0.9055588245391846, 10000.9033203125, 10000.9033203125, 10000.9033203125, 0.9055297374725342, 0.9055297374725342, 0.9055297374725342, 0.9055297374725342, 10000.9033203125, 10000.9033203125, 10000.9033203125], "loss": [1.4764713048934937, 1.348484992980957, 1.1468944549560547, 1.081880807876587, 1.0332343578338623, 0.9694432616233826, 0.9539449214935303, 0.9304623603820801, 0.9192869067192078, 0.9113871455192566, 0.9154912829399109, 0.9062972664833069, 0.9026175141334534, 0.9062466621398926, 0.9054765701293945, 0.915814995765686, 0.9335790872573853, 0.9635056853294373, 0.9876744747161865, 1.0656551122665405, 0.9668550491333008, 0.941232442855835, 0.9162800908088684, 0.9112812876701355, 0.9078760147094727, 0.909213662147522, 0.9155999422073364, 0.9204805493354797, 0.9349110126495361, 0.9198474287986755, 0.912344753742218, 0.90720134973526, 0.9117048978805542, 0.9206684231758118, 0.9348857998847961, 0.9202758073806763, 0.9114090204238892, 0.9090933799743652, 0.9074702262878418, 0.9089348316192627, 0.9105678796768188, 0.918104887008667, 10000.9033203125], "time": [11.797411918640137, 13.411416053771973, 14.584245681762695, 15.760552167892456, 16.93312382698059, 18.11390209197998, 19.29045081138611, 20.467687606811523, 21.641257762908936, 22.813844203948975, 23.988524436950684, 25.15989899635315, 26.33445954322815, 27.507259130477905, 28.67993998527527, 29.849976778030396, 31.022141456604004, 32.196001052856445, 33.37389016151428, 34.54825448989868, 35.719282388687134, 36.88970947265625, 38.05933499336243, 39.23105025291443, 40.40307855606079, 41.574984073638916, 42.74665427207947, 43.92011523246765, 45.09210920333862, 46.267125844955444, 47.440205812454224, 48.61589550971985, 49.79084086418152, 50.96661686897278, 52.1412558555603, 53.315526247024536, 54.48706603050232, 55.659496784210205, 56.835787773132324, 58.00997495651245, 59.18857765197754, 60.364487171173096, 60.422638177871704]},