{"bert.json": {"sample_time": [3.0585737228393555, 4.056855201721191, 4.346943140029907, 4.647500991821289, 5.010646343231201, 5.300386905670166, 5.600675344467163, 5.874767541885376, 6.258007049560547, 6.723259687423706, 7.254981756210327, 7.619150161743164, 8.177526473999023, 8.501377820968628, 9.091917991638184, 9.588382482528687, 10.022689819335938, 10.437050104141235, 11.042972326278687, 11.274281978607178, 11.547296047210693, 12.24071741104126, 12.993589878082275, 13.316089868545532, 13.579299688339233, 13.838594675064087, 14.08467698097229, 14.3677818775177, 14.657347917556763, 15.703314304351807, 16.784438848495483, 19.97431969642639, 22.950262784957886, 23.585312843322754, 23.789691925048828, 23.997465133666992, 24.496589422225952, 24.69601011276245, 24.89791703224182], "forward_time": [3.8885257244110107, 4.1746814250946045, 4.471646547317505, 4.807142734527588, 5.127807855606079, 5.423813581466675, 5.711469888687134, 6.045790672302246, 6.383930683135986, 6.9027862548828125, 7.378421783447266, 7.729578495025635, 8.282206058502197, 8.734304428100586, 9.233858823776245, 9.795557260513306, 10.14948558807373, 10.554499387741089, 11.138938188552856, 11.396012544631958, 11.799516916275024, 12.387202978134155, 13.099924325942993, 13.428308486938477, 13.695697546005249, 13.947001218795776, 14.207603216171265, 14.488921165466309, 14.888216018676758, 15.864415407180786, 17.140849590301514, 20.251717805862427, 23.052253246307373, 23.677231311798096, 23.884729146957397, 24.089291095733643, 24.58494257926941, 24.78642463684082, 24.992090940475464], "inference_loss": [90026.6875, 30010.8828125, 20009.0234375, 30004.4921875, 3.531168222427368, 2.1103601455688477, 20001.373046875, 20001.263671875, 20000.927734375, 20000.892578125, 20000.859375, 20000.82421875, 20000.82421875, 1.3772289752960205, 1.3787649869918823, 1.5625710487365723, 1.4111499786376953, 1.2393549680709839, 0.8247040510177612, 0.8247040510177612, 0.8247040510177612, 0.8247040510177612, 0.8247040510177612, 0.8247040510177612, 0.8247040510177612, 0.8247040510177612, 0.8247040510177612, 0.8247040510177612, 0.8247040510177612, 0.8247040510177612, 0.8247040510177612, 0.8247040510177612, 0.8247040510177612, 0.8247040510177612, 0.8247040510177612, 0.8247040510177612, 0.8247040510177612, 0.8247040510177612, 0.8247040510177612], "loss": [29.149301528930664, 28.35344886779785, 13.093583106994629, 9.536226272583008, 4.6988701820373535, 2.915886640548706, 2.095398426055908, 2.114593267440796, 2.315769910812378, 2.8906073570251465, 4.350689888000488, 6.94235372543335, 12.703910827636719, 9.62313175201416, 14.584993362426758, 3.0381741523742676, 1.983534336090088, 1.6149675846099854, 1.5031135082244873, 1.3806164264678955, 1.2643784284591675, 1.2268503904342651, 1.1767972707748413, 1.1571359634399414, 1.140515685081482, 1.1522328853607178, 1.1335257291793823, 1.1665657758712769, 1.1282594203948975, 1.1240062713623047, 1.121561050415039, 1.118828296661377, 1.0503700971603394, 1.0366311073303223, 0.9895530939102173, 0.9866316318511963, 0.9862568974494934, 0.9859176278114319, 0.9839839935302734, 0.8247040510177612], "time": [4.016462087631226, 4.314356327056885, 4.620344400405884, 4.983540058135986, 5.271927118301392, 5.572779178619385, 5.847180366516113, 6.225573778152466, 6.6914403438568115, 7.2230165004730225, 7.586720943450928, 8.150818586349487, 8.474471092224121, 9.065030813217163, 9.557853937149048, 9.992701053619385, 10.408724784851074, 11.015055894851685, 11.252705574035645, 11.525945663452148, 12.215989828109741, 12.968936443328857, 13.294649362564087, 13.557728290557861, 13.816968202590942, 14.063047409057617, 14.343111515045166, 14.63260293006897, 15.678713083267212, 16.75959038734436, 19.94904613494873, 22.924906015396118, 23.560128927230835, 23.7650465965271, 23.973008632659912, 24.47185468673706, 24.671488761901855, 24.873183727264404, 25.284865617752075, 25.347352504730225]}, "nasrnn.json": {"sample_time": [10.039454221725464, 11.967315673828125, 13.585979223251343, 15.192874193191528, 16.793968677520752, 18.396090269088745, 19.99559259414673, 21.596807956695557, 23.198941707611084, 24.800046920776367, 26.40038752555847, 28.00083041191101, 29.60262894630432, 31.203134775161743, 32.80355525016785, 34.40074157714844, 35.99674940109253, 37.595216035842896, 39.13592195510864, 40.64325308799744, 42.17020273208618, 43.70164704322815, 45.22766304016113, 46.723968267440796, 48.28238034248352, 49.81026816368103, 51.30556845664978, 52.86258292198181, 54.38853740692139, 55.885042905807495], "forward_time": [11.737151384353638, 12.922338724136353, 14.534874677658081, 16.14061665534973, 17.74224281311035, 19.343589067459106, 20.944325923919678, 22.544562578201294, 24.147615909576416, 25.74936556816101, 27.3496253490448, 28.949647188186646, 30.54977560043335, 32.150105714797974, 33.75044274330139, 35.34620451927185, 36.943655252456665, 38.541791915893555, 40.080904722213745, 41.58760094642639, 43.1149423122406, 44.6454541683197, 46.17013192176819, 47.66863393783569, 49.22604537010193, 50.7528121471405, 52.25001311302185, 53.806601762771606, 55.33070755004883, 56.82983994483948], "inference_loss": [70001.546875, 40001.19921875, 50001.125, 40001.046875, 30000.970703125, 20000.978515625, 20000.970703125, 0.9705229997634888, 20000.958984375, 10000.9609375, 0.9581570625305176, 0.9580990076065063, 0.9581570029258728, 0.9580699801445007, 0.9581570625305176, 0.9581570029258728, 0.9581279754638672, 0.9580990076065063, 0.9581570029258728, 0.9581570625305176, 0.958128035068512, 0.9581570029258728, 0.9581570029258728, 0.9581570029258728, 0.9580990076065063, 0.958128035068512, 0.958128035068512, 0.9581570625305176, 0.9581570625305176, 0.9560190439224243], "loss": [1.482438564300537, 1.3616642951965332, 1.1566582918167114, 1.0909243822097778, 1.0475208759307861, 0.9881714582443237, 0.9837183952331543, 0.9660108089447021, 0.9568161964416504, 0.9581984281539917, 0.9527018666267395, 0.9535370469093323, 0.9510833621025085, 0.9495136737823486, 0.9457465410232544, 0.9496300220489502, 0.950125515460968, 0.9472296237945557, 0.945888102054596, 0.9448234438896179, 0.9458696842193604, 0.9441699981689453, 0.9456907510757446, 0.9434908628463745, 0.9474114179611206, 0.944015622138977, 0.9449503421783447, 0.9443864822387695, 0.9428036212921143, 0.9449686408042908, 0.9580990076065063], "time": [11.943208456039429, 13.558624744415283, 15.169741153717041, 16.77058458328247, 18.372023105621338, 19.971407413482666, 21.57330846786499, 23.17596459388733, 24.7754909992218, 26.379180431365967, 27.97848629951477, 29.58049988746643, 31.17987036705017, 32.777581214904785, 34.37723159790039, 35.9723584651947, 37.5704026222229, 39.1098895072937, 40.61983561515808, 42.14661908149719, 43.678345918655396, 45.20425891876221, 46.69783592224121, 48.25770115852356, 49.78562021255493, 51.28090715408325, 52.837817668914795, 54.364142656326294, 55.860084533691406, 57.41880130767822, 57.468944787979126]}, "vgg.json": {"sample_time": [0.27829718589782715, 0.6231110095977783, 0.9064176082611084, 1.1588168144226074, 1.406921148300171, 1.656151294708252, 1.8996126651763916, 2.14754581451416, 2.3987464904785156, 2.6492106914520264, 2.90021014213562, 3.15456485748291, 3.407392740249634, 3.6573312282562256, 3.9091615676879883, 4.161880970001221, 4.4148032665252686, 4.661601543426514, 4.912806034088135, 5.162838935852051, 5.417234897613525, 5.669957637786865, 5.922417402267456, 6.1750123500823975, 6.427906513214111, 6.676562547683716, 6.92778754234314, 7.1862781047821045, 7.439422130584717, 7.6948182582855225, 7.950445175170898, 8.207356929779053, 8.458755731582642, 8.712266683578491, 8.960057973861694, 9.2079496383667, 9.457250356674194, 9.709688425064087, 9.963599443435669, 10.216059923171997, 10.469532489776611, 10.723271131515503, 10.975992441177368, 11.230953931808472, 11.48319411277771, 11.732227563858032, 11.983903884887695, 12.23422360420227, 12.483300924301147, 12.735257387161255],