{"bert.json": {"sample_time": [1.8580574989318848, 2.6617817878723145, 2.951326608657837, 3.268456220626831, 3.6032323837280273, 4.879910469055176, 5.398687839508057, 5.916412353515625, 6.3343682289123535, 6.78826117515564, 7.723181486129761, 7.990729093551636, 8.262623310089111, 8.51979947090149, 8.772674083709717, 9.184212923049927, 9.462646961212158, 9.796275615692139, 10.096153497695923, 11.08575987815857, 11.80638599395752, 12.119752883911133, 12.362862348556519, 12.782110929489136, 13.105222940444946, 13.347317695617676, 13.576862573623657, 13.809911966323853, 14.042230606079102, 14.273528575897217, 14.630968809127808, 14.87712550163269, 15.11045527458191, 15.33946681022644], "forward_time": [2.5126640796661377, 2.7812883853912354, 3.0837812423706055, 3.4086289405822754, 3.858375072479248, 5.150233030319214, 5.545415639877319, 6.057303428649902, 6.544079780578613, 6.9331254959106445, 7.8378400802612305, 8.105309247970581, 8.373170137405396, 8.63193655014038, 8.974501848220825, 9.312376976013184, 9.61683201789856, 9.921195268630981, 10.335938930511475, 11.229392766952515, 11.942233562469482, 12.231215953826904, 12.465820074081421, 12.933148622512817, 13.215199947357178, 13.44633674621582, 13.679249048233032, 13.912526607513428, 14.1419038772583, 14.448625087738037, 14.746328115463257, 14.978533506393433, 15.209192991256714, 15.440815210342407], "inference_loss": [0.8247040510177612, 90011.8515625, 70008.578125, 60008.68359375, 120004.1953125, 80003.2109375, 70002.296875, 20003.115234375, 2.986273765563965, 2.4407200813293457, 1.2783340215682983, 0.9270310401916504, 0.8588130474090576, 0.8247040510177612, 0.8247040510177612, 0.8247040510177612, 0.8247040510177612, 0.8247040510177612, 0.8247040510177612, 0.8247040510177612, 0.8247040510177612, 0.8247040510177612, 0.8247040510177612, 0.8247040510177612, 0.8247040510177612, 0.8247040510177612, 0.8247040510177612, 0.8247040510177612, 0.8247040510177612, 0.8247040510177612, 0.8247040510177612, 0.8247040510177612, 0.8247040510177612, 0.8247040510177612], "loss": [24.95376205444336, 28.750070571899414, 16.013595581054688, 13.936527252197266, 12.733165740966797, 9.560160636901855, 9.265871047973633, 9.396425247192383, 6.271366119384766, 4.293291091918945, 3.3994011878967285, 2.8715765476226807, 2.5065479278564453, 2.342965841293335, 2.1603784561157227, 2.139781951904297, 2.100292921066284, 2.066617012023926, 2.0432615280151367, 2.005180597305298, 1.7928380966186523, 1.7135794162750244, 1.7078098058700562, 1.7168982028961182, 1.7268978357315063, 1.7063168287277222, 1.7009327411651611, 1.7028294801712036, 1.6973955631256104, 1.7026944160461426, 1.6970064640045166, 1.6989331245422363, 1.6976207494735718, 1.6976650953292847, 0.8247040510177612], "time": [2.617312431335449, 2.91561222076416, 3.2332277297973633, 3.5688424110412598, 4.8459062576293945, 5.369394063949585, 5.885810375213623, 6.302198171615601, 6.758332252502441, 7.690585374832153, 7.958229303359985, 8.231805086135864, 8.492245197296143, 8.745384931564331, 9.15662932395935, 9.435144424438477, 9.7689847946167, 10.068586826324463, 11.058162689208984, 11.778656005859375, 12.092336654663086, 12.33492660522461, 12.754884958267212, 13.07816743850708, 13.319777488708496, 13.549741268157959, 13.78282380104065, 14.015109777450562, 14.24612021446228, 14.603319644927979, 14.850007057189941, 15.083453893661499, 15.312291860580444, 15.54343056678772, 15.605998754501343]}, "nasrnn.json": {"sample_time": [11.299659729003906, 13.160263538360596, 14.739728450775146, 15.90049409866333, 17.064897060394287, 18.23111367225647, 19.395052671432495, 20.562486171722412, 21.726114749908447, 22.89440083503723, 24.06754732131958, 25.236814975738525, 26.405595302581787, 27.57554006576538, 28.747050523757935, 29.920050144195557, 31.09337306022644, 32.264708518981934, 33.43871021270752, 34.610442876815796, 35.77933216094971, 36.94920229911804, 38.11711931228638, 39.231587171554565, 40.32826352119446, 41.82949233055115, 43.31331515312195, 44.79579710960388, 46.27564978599548, 47.7556357383728, 49.23561334609985, 50.71753811836243, 52.19869089126587], "forward_time": [12.98967719078064, 14.114058256149292, 15.687471389770508, 16.852396249771118, 18.01641011238098, 19.18258500099182, 20.346712589263916, 21.513490438461304, 22.67851495742798, 23.848008394241333, 25.020598888397217, 26.190685272216797, 27.35797119140625, 28.529370546340942, 29.70185136795044, 30.87436270713806, 32.04793310165405, 33.2213339805603, 34.39351272583008, 35.561952114105225, 36.73228883743286, 37.900794506073, 39.07147669792175, 40.17281913757324, 41.2740318775177, 42.775288581848145, 44.259039640426636, 45.73974633216858, 47.21813631057739, 48.69834589958191, 50.18025088310242, 51.6613552570343, 53.143067598342896], "inference_loss": [0.96333909034729, 30001.201171875, 50001.07421875, 40001.046875, 40001.00390625, 30000.96875, 20000.962890625, 20000.958984375, 20000.9609375, 10000.958984375, 10000.9599609375, 20000.958984375, 0.9608570337295532, 0.957921028137207, 0.9578919410705566, 0.957921028137207, 0.9579499959945679, 0.9579789638519287, 0.9579789638519287, 0.9579790234565735, 0.957921028137207, 0.957921028137207, 0.957921028137207, 0.9578920006752014, 0.9555590152740479, 0.9555880427360535, 0.957921028137207, 0.9555880427360535, 0.955530047416687, 0.9555010199546814, 0.9555590152740479, 0.9555590152740479, 0.9556170701980591], "loss": [1.4648568630218506, 1.3570388555526733, 1.1359384059906006, 1.085381031036377, 1.0398129224777222, 1.0196645259857178, 0.9835824370384216, 0.9717106223106384, 0.963607132434845, 0.9678950905799866, 0.9619014859199524, 0.9556745290756226, 0.9565242528915405, 0.9533664584159851, 0.9504050612449646, 0.9501551389694214, 0.9495477676391602, 0.9491207599639893, 0.9485610723495483, 0.9484785199165344, 0.9472814798355103, 0.9492018222808838, 0.9478751420974731, 0.9489462375640869, 0.9474647045135498, 0.9465230703353882, 0.9496172666549683, 0.947406530380249, 0.9498907327651978, 0.9483556151390076, 0.9488489627838135, 0.9458430409431458, 0.9468406438827515, 0.9555880427360535], "time": [13.136387586593628, 14.717548370361328, 15.879390954971313, 17.04154133796692, 18.207911014556885, 19.371559619903564, 20.53579020500183, 21.704071760177612, 22.868622303009033, 24.041094303131104, 25.211824893951416, 26.381003379821777, 27.54851460456848, 28.72000741958618, 29.893173694610596, 31.066705226898193, 32.237672090530396, 33.41172432899475, 34.584163665771484, 35.75190043449402, 36.9221248626709, 38.0899703502655, 39.20459246635437, 40.30103421211243, 41.80231595039368, 43.286152362823486, 44.76848268508911, 46.24844312667847, 47.72869563102722, 49.208598375320435, 50.69040560722351, 52.171645402908325, 53.65361452102661, 53.70610761642456]}, "vgg.json": {"sample_time": [0.41046643257141113, 0.8149147033691406, 1.2001748085021973, 1.519122838973999, 1.8278934955596924, 2.279198169708252, 2.774362087249756, 3.137221097946167, 3.6260805130004883, 4.3372979164123535, 5.265323877334595, 6.06623649597168, 6.64240574836731, 7.325424909591675, 7.952373266220093, 8.602015495300293, 9.095441102981567, 9.623138189315796, 10.240431070327759, 10.969688892364502, 11.464661598205566, 12.025615692138672, 12.594964027404785, 13.272562265396118, 13.823096513748169, 14.454606771469116, 14.949241876602173, 15.70227861404419, 16.276875019073486, 16.822195768356323, 17.645832300186157, 18.32524871826172, 18.989577531814575, 19.956836223602295, 20.943665266036987, 21.71316933631897, 22.476705312728882, 23.33483099937439, 24.183664321899414, 24.805554389953613, 25.40556001663208, 26.03821587562561],