{"bert.json": {"sample_time": [0.770535945892334, 1.3586585521697998, 1.6043436527252197, 1.9278087615966797, 2.209758758544922, 2.4762511253356934, 2.7687933444976807, 3.051056385040283, 3.3995513916015625, 5.9810874462127686, 7.920312881469727, 8.262795686721802, 9.269320964813232, 9.514487266540527, 9.83536434173584, 10.329722881317139, 10.524997472763062, 11.234519004821777, 11.436351299285889, 11.629592180252075, 11.826758861541748, 12.087427139282227, 12.279546737670898, 12.458574533462524, 12.87871241569519, 13.150619983673096, 13.419414043426514, 13.686010122299194, 13.958977222442627, 14.227882146835327, 14.404234409332275, 14.582151412963867, 14.758368015289307, 15.034672260284424, 15.303671836853027, 15.57257628440857, 15.837872743606567, 16.109773874282837, 16.380727291107178, 16.65054726600647, 16.91836380958557, 17.187469959259033, 17.456056833267212, 17.72167205810547, 17.99370837211609, 18.265669345855713, 18.534399032592773, 18.80320405960083], "forward_time": [1.2031028270721436, 1.4425699710845947, 1.7346429824829102, 2.020920753479004, 2.300762176513672, 2.581359624862671, 2.861954927444458, 3.1821844577789307, 3.786363124847412, 6.331357717514038, 8.051124811172485, 8.436846733093262, 9.370152950286865, 9.587677955627441, 9.906668424606323, 10.402153253555298, 10.59555172920227, 11.311580657958984, 11.508161067962646, 11.703602075576782, 11.896538257598877, 12.15726923942566, 12.35292935371399, 12.532073974609375, 12.952194929122925, 13.2206871509552, 13.48914909362793, 13.75568151473999, 14.029545545578003, 14.29923391342163, 14.475776672363281, 14.65233063697815, 14.82814621925354, 15.10454249382019, 15.375344514846802, 15.642431020736694, 15.908204793930054, 16.17989945411682, 16.452938318252563, 16.720468759536743, 16.988647937774658, 17.257343769073486, 17.525813341140747, 17.79143714904785, 18.064032793045044, 18.337106943130493, 18.606781005859375, 18.873116731643677], "inference_loss": [0.8247040510177612, 130008.796875, 90005.9921875, 140002.8125, 140002.078125, 130002.53125, 130001.5234375, 130001.125, 100000.859375, 110000.8359375, 90001.375, 50002.44921875, 4.3553242683410645, 2.698312997817993, 2.698312997817993, 2.698312997817993, 2.698312997817993, 2.698312997817993, 2.698312997817993, 2.698312997817993, 2.698312997817993, 2.6131491661071777, 2.6131491661071777, 2.62807297706604, 2.160900115966797, 2.160900115966797, 2.160900115966797, 1.934870958328247, 1.934870958328247, 1.934870958328247, 1.934870958328247, 1.934870958328247, 1.934870958328247, 1.934870958328247, 1.934870958328247, 1.934870958328247, 1.934870958328247, 1.934870958328247, 1.934870958328247, 1.934870958328247, 1.934870958328247, 1.934870958328247, 1.934870958328247, 1.934870958328247, 1.934870958328247, 1.934870958328247, 1.934870958328247, 1.934870958328247], "loss": [25.902545928955078, 23.646764755249023, 11.880378723144531, 10.601852416992188, 7.699054718017578, 5.0963897705078125, 4.604695796966553, 5.738586902618408, 8.46367359161377, 12.95724105834961, 23.76030158996582, 113.37156677246094, 11.338102340698242, 4.218172073364258, 3.754239559173584, 3.60492205619812, 3.352820873260498, 3.4250295162200928, 3.3001084327697754, 3.2541935443878174, 3.2128376960754395, 3.235694408416748, 3.053941249847412, 2.981504201889038, 3.0309066772460938, 2.9290075302124023, 2.861639976501465, 2.8382043838500977, 2.8134188652038574, 2.808351755142212, 2.8541746139526367, 2.846160888671875, 2.7048583030700684, 2.6862258911132812, 2.701509714126587, 2.679011106491089, 2.6402058601379395, 2.651763916015625, 2.630680561065674, 2.637909173965454, 2.670708656311035, 2.671967029571533, 2.6353964805603027, 2.6250710487365723, 2.627178430557251, 2.6598167419433594, 2.653944969177246, 2.614438533782959, 1.7788070440292358], "time": [1.3277630805969238, 1.572169303894043, 1.9017548561096191, 2.176138401031494, 2.447338819503784, 2.7398085594177246, 3.0207040309906006, 3.372769594192505, 5.954139471054077, 7.8949174880981445, 8.233347415924072, 9.242708206176758, 9.490754127502441, 9.813173532485962, 10.307570219039917, 10.503001928329468, 11.212624788284302, 11.414156198501587, 11.607391834259033, 11.804831743240356, 12.065521240234375, 12.257547616958618, 12.436591625213623, 12.85660719871521, 13.128617525100708, 13.39741563796997, 13.664104461669922, 13.937089920043945, 14.205954551696777, 14.382392168045044, 14.558834791183472, 14.73636269569397, 15.011500120162964, 15.280341386795044, 15.549159049987793, 15.815804481506348, 16.08785104751587, 16.35872769355774, 16.62860941886902, 16.89632487297058, 17.165242195129395, 17.434062957763672, 17.69964909553528, 17.97158932685852, 18.243608713150024, 18.512392044067383, 18.781264543533325, 19.047971963882446, 19.069913387298584]}, "nasneta.json": {"sample_time": [2.9648332595825195, 3.717682361602783, 4.024909496307373, 4.3378589153289795, 5.193147897720337, 5.801746606826782, 6.4072911739349365, 6.730754852294922, 7.053906202316284, 7.63161301612854, 8.255839824676514, 8.882791996002197, 9.507956743240356, 10.132948875427246, 10.76089096069336, 11.394554376602173, 12.022516250610352, 12.64445447921753, 13.265238523483276, 13.882872819900513, 14.508760452270508, 15.143208026885986, 15.772515773773193, 16.395411252975464, 17.02245283126831, 17.64216160774231, 18.261849403381348, 18.88873839378357, 19.51929497718811, 20.143073081970215, 20.78276777267456, 21.412992000579834, 22.037229537963867], "forward_time": [3.517848253250122, 3.798886299133301, 4.107780456542969, 4.423854827880859, 5.278735876083374, 5.884271621704102, 6.493773460388184, 6.813354730606079, 7.132606744766235, 7.7127366065979, 8.340554475784302, 8.964028358459473, 9.586922645568848, 10.21055006980896, 10.838151216506958, 11.475833415985107, 12.1034517288208, 12.724413871765137, 13.347159385681152, 13.959911346435547, 14.58890151977539, 15.22399616241455, 15.852478504180908, 16.473785877227783, 17.10360860824585, 17.72048306465149, 18.345705270767212, 18.967745780944824, 19.59963083267212, 20.224112033843994, 20.860841512680054, 21.49558687210083, 22.118556261062622], "inference_loss": [16.398670196533203, 40.57410430908203, 36.39906692504883, 29.818592071533203, 19.411800384521484, 17.269691467285156, 13.616024017333984, 13.263069152832031, 12.685999870300293, 12.172660827636719, 12.14944076538086, 12.131169319152832, 11.857170104980469, 11.929840087890625, 11.774248123168945, 11.857170104980469, 11.931333541870117, 11.853686332702637, 11.87856674194336, 11.85368537902832, 11.8553466796875, 11.882226943969727, 11.882226943969727, 11.882226943969727, 11.851909637451172, 11.851909637451172, 11.85390853881836, 11.851974487304688, 11.926241874694824, 11.897923469543457, 11.823591232299805, 12.008405685424805, 11.897989273071289], "loss": [77.74168395996094, 60.815277099609375, 39.64353561401367, 34.65143966674805, 30.531923294067383, 25.42212677001953, 17.483795166015625, 14.503555297851562, 13.020496368408203, 12.309684753417969, 12.21306037902832, 12.042421340942383, 11.964612007141113, 11.910228729248047, 11.837417602539062, 11.918916702270508, 11.737895965576172, 11.906131744384766, 11.805105209350586, 11.778247833251953, 11.78138542175293, 11.757307052612305, 11.892850875854492, 11.790487289428711, 11.830619812011719, 11.811002731323242, 11.76423454284668, 11.776971817016602, 11.754829406738281, 11.74400520324707, 11.755226135253906, 11.733654022216797, 11.668388366699219, 12.011842727661133],