{"bert.json": {"sample_time": [1.9340600967407227, 2.723102331161499, 3.0174500942230225, 3.3417723178863525, 3.6934850215911865, 3.998110294342041, 4.3587915897369385, 5.1651575565338135, 7.029417514801025, 7.914454460144043, 8.443246364593506, 8.764892339706421, 9.470770120620728, 9.718541383743286, 9.962592124938965, 10.202600479125977, 10.439112186431885, 10.678921937942505, 10.916700601577759, 11.153913974761963, 11.394116878509521, 11.632063388824463, 11.872257232666016, 12.093557834625244, 12.320401430130005, 12.797251224517822, 13.018841743469238, 13.240367650985718, 13.459883213043213, 13.679576396942139, 14.145821571350098, 14.363167524337769, 14.584429025650024, 14.805381298065186, 15.02608847618103, 15.491950511932373, 15.809307098388672, 16.078305959701538, 16.34931707382202, 16.61913251876831, 16.836432456970215, 17.057095050811768], "forward_time": [2.581475257873535, 2.8431344032287598, 3.1484146118164062, 3.4898173809051514, 3.8212342262268066, 4.158363580703735, 4.602046012878418, 5.3837950229644775, 7.3388800621032715, 8.071914434432983, 8.587709665298462, 8.888866901397705, 9.582615613937378, 9.826033353805542, 10.066031217575073, 10.300767660140991, 10.539896011352539, 10.781302213668823, 11.020090579986572, 11.259684085845947, 11.498188257217407, 11.737688064575195, 11.977449178695679, 12.198868036270142, 12.420777797698975, 12.90188193321228, 13.12488055229187, 13.343991041183472, 13.562971830368042, 13.779093027114868, 14.24767780303955, 14.46947693824768, 14.689747333526611, 14.908833026885986, 15.127259016036987, 15.593458652496338, 15.910419225692749, 16.179413557052612, 16.451287984848022, 16.721009254455566, 16.941822052001953, 17.163498640060425], "inference_loss": [0.8247040510177612, 180006.875, 110007.1328125, 140003.265625, 120001.625, 140001.640625, 120001.421875, 130000.890625, 110000.796875, 130000.8125, 30006.65625, 10004.1552734375, 3.4046969413757324, 2.0420260429382324, 2.0719661712646484, 2.106029987335205, 1.9718780517578125, 1.9718780517578125, 1.9718780517578125, 1.955603003501892, 1.7345399856567383, 1.4685770273208618, 1.45365309715271, 1.4685770273208618, 1.4685770273208618, 1.4685770273208618, 1.4685770273208618, 1.4878489971160889, 1.4685770273208618, 1.4685770273208618, 1.4685770273208618, 1.4685770273208618, 1.4878489971160889, 1.4878489971160889, 1.4878489971160889, 1.4685770273208618, 1.4878489971160889, 1.4685770273208618, 1.4878489971160889, 1.4878489971160889, 1.4878489971160889, 1.4878489971160889], "loss": [24.87843132019043, 20.8438720703125, 10.950623512268066, 9.859254837036133, 6.112166404724121, 5.1966166496276855, 5.593406677246094, 7.641672611236572, 12.503293991088867, 20.878679275512695, 191.21202087402344, 102.74736785888672, 8.681586265563965, 3.87056827545166, 3.2457022666931152, 3.1203274726867676, 2.703706741333008, 2.5968551635742188, 2.631880044937134, 2.459188938140869, 2.504147529602051, 2.5048866271972656, 2.2840678691864014, 2.3082070350646973, 2.288939952850342, 2.2347488403320312, 2.219111442565918, 2.143617868423462, 2.244647741317749, 2.1245908737182617, 2.16650128364563, 2.108780860900879, 2.1647396087646484, 2.096741199493408, 2.045600414276123, 2.010983943939209, 1.9354407787322998, 1.9879159927368164, 1.9500244855880737, 2.022902011871338, 1.934814691543579, 2.0455322265625, 1.4685770273208618], "time": [2.6792211532592773, 2.982623815536499, 3.300276756286621, 3.657165765762329, 3.9576988220214844, 4.319890975952148, 5.128610372543335, 6.993017911911011, 7.878049850463867, 8.408284425735474, 8.73322319984436, 9.437076807022095, 9.688086032867432, 9.931796073913574, 10.172319412231445, 10.40867304801941, 10.648186206817627, 10.886433124542236, 11.123846530914307, 11.363417863845825, 11.601566314697266, 11.842142820358276, 12.063295364379883, 12.290188312530518, 12.766919374465942, 12.988564252853394, 13.210175275802612, 13.429729700088501, 13.649286270141602, 14.115514516830444, 14.33290719985962, 14.554551362991333, 14.775173664093018, 14.995740175247192, 15.461995840072632, 15.779110670089722, 16.047992944717407, 16.31922698020935, 16.588891744613647, 16.806355476379395, 17.02698302268982, 17.248584270477295, 17.31871747970581]}, "nasrnn.json": {"sample_time": [11.33236837387085, 13.18953537940979, 14.769323110580444, 15.930968999862671, 17.094534635543823, 18.261219024658203, 19.427838563919067, 20.59466004371643, 21.762450695037842, 22.930285930633545, 24.098958730697632, 25.268041610717773, 26.44185161590576, 27.609227895736694, 28.777836322784424, 29.94586753845215, 31.113146781921387, 32.285390853881836, 33.453648805618286, 34.62382173538208, 35.79079055786133, 36.95900368690491, 38.12662100791931, 39.296268701553345, 40.46569538116455, 41.6366605758667, 42.805981159210205, 43.91696524620056, 45.0118453502655, 46.51244235038757, 47.99174690246582, 49.46946883201599, 50.94778537750244, 52.429309368133545, 53.907556772232056], "forward_time": [13.019291162490845, 14.143171787261963, 15.716605424880981, 16.882022619247437, 18.04732322692871, 19.21343207359314, 20.38007092475891, 21.547658920288086, 22.714977025985718, 23.88351035118103, 25.05077600479126, 26.221312046051025, 27.395723819732666, 28.562000036239624, 29.73103618621826, 30.898098707199097, 32.06577801704407, 33.23743748664856, 34.40527272224426, 35.57655596733093, 36.74306917190552, 37.910337924957275, 39.07993817329407, 40.24934220314026, 41.419063568115234, 42.589011430740356, 43.758243799209595, 44.85754203796387, 45.95672082901001, 47.454944133758545, 48.93401861190796, 50.41201162338257, 51.8916220664978, 53.371681690216064, 54.85037112236023], "inference_loss": [0.96333909034729, 40001.13671875, 40001.08984375, 50001.0546875, 40000.98828125, 20000.986328125, 20000.9609375, 10000.9580078125, 10000.9560546875, 10000.9560546875, 0.958215057849884, 0.9592710137367249, 10000.9609375, 10000.9609375, 10000.9580078125, 10000.9609375, 0.9558530449867249, 0.9558530449867249, 0.9558529853820801, 0.9558529853820801, 0.9558240175247192, 0.9558529853820801, 0.9558530449867249, 0.9558530449867249, 0.9558240175247192, 0.9560190439224243, 0.9560190439224243, 0.9558530449867249, 0.9558240175247192, 0.9558240175247192, 0.9557949900627136, 0.9558240175247192, 0.9558240175247192, 0.9558240175247192, 0.9557950496673584], "loss": [1.4749726057052612, 1.2897202968597412, 1.1252793073654175, 1.068829894065857, 1.0216577053070068, 0.9812365770339966, 0.9746397733688354, 0.9663302898406982, 0.9650796055793762, 0.9616857171058655, 0.9575662612915039, 0.9547263383865356, 0.9555397033691406, 0.9564003348350525, 0.956102728843689, 0.9539948105812073, 0.9525747895240784, 0.9525144696235657, 0.9498808979988098, 0.9500020742416382, 0.9498218297958374, 0.9514455199241638, 0.9511407613754272, 0.950884222984314, 0.9509385228157043, 0.950508713722229, 0.9511143565177917, 0.9500527381896973, 0.9497157335281372, 0.9505892992019653, 0.9479186534881592, 0.9500390291213989, 0.949336051940918, 0.9492204189300537, 0.9501464366912842, 0.9557949900627136], "time": [13.165931940078735, 14.745812892913818, 15.907342433929443, 17.071327686309814, 18.237478017807007, 19.4028799533844, 20.56901240348816, 21.739254474639893, 22.907102823257446, 24.07523536682129, 25.24106740951538, 26.414883852005005, 27.58589792251587, 28.751177549362183, 29.922327995300293, 31.08963704109192, 32.25815153121948, 33.42669081687927, 34.59649062156677, 35.76716470718384, 36.932135343551636, 38.09963274002075, 39.26919412612915, 40.43869876861572, 41.60918140411377, 42.77911925315857, 43.88992094993591, 44.98455214500427, 46.48493266105652, 47.9645733833313, 49.44301247596741, 50.92051935195923, 52.40232563018799, 53.88050723075867, 55.35956120491028, 55.414255142211914]},